pid,pred_blend,popularity
POST00003512,8.137013990720503,10.14
POST00000548,0.0,9.7
POST00001619,0.0,1.75
POST00002366,0.0,7.96
POST00000002,0.0,4.2
POST00002335,0.0,8.62
POST00002187,0.0,5.64
POST00003212,9.860207518588277,12.44
POST00002167,0.0,9.72
POST00001092,0.0,7.2
POST00002274,0.0,8.15
POST00001464,0.0,6.85
POST00000666,0.0,9.38
POST00002430,0.0,2.31
POST00003345,8.636886143684059,11.43
POST00002261,0.0,7.07
POST00002000,0.0,5.54
POST00000415,0.0,10.84
POST00002314,0.0,8.2
POST00002979,4.729615011232756,4.09
POST00002879,10.56468124896816,11.35
POST00000520,0.0,5.51
POST00001888,0.0,9.59
POST00002298,0.0,11.64
POST00000600,0.0,12.02
POST00002754,0.0,9.32
POST00000122,0.0,7.45
POST00000043,0.0,5.64
POST00000577,0.0,10.73
POST00003724,10.768407618459637,7.05
POST00001859,0.0,5.76
POST00001325,0.0,7.78
POST00002291,0.0,12.28
POST00001222,0.0,9.03
POST00003361,7.560500928756162,4.17
POST00002803,10.206705765241923,8.23
POST00002452,0.0,8.32
POST00001830,0.0,6.56
POST00001952,0.0,3.79
POST00002727,0.0,8.69
POST00002190,0.0,4.99
POST00001915,0.0,7.68
POST00001664,0.0,8.14
POST00001990,0.0,11.61
POST00003244,6.697971050797806,7.93
POST00003378,8.388308862657444,5.48
POST00003460,9.745017407924388,8.28
POST00002051,0.0,7.52
POST00002469,0.0,13.35
POST00000076,0.0,12.54
POST00003524,7.296886431906751,7.37
POST00001789,0.0,9.46
POST00001184,0.0,3.93
POST00003906,3.1647905320809393,5.13
POST00003119,3.6437619877053216,3.69
POST00003801,9.605228327489955,10.6
POST00003302,3.10047889346117,3.19
POST00000196,0.0,8.59
POST00002444,0.0,4.02
POST00001021,0.0,8.1
POST00003334,7.810563297151878,12.19
POST00000113,0.0,5.87
POST00002174,0.0,9.73
POST00003916,8.96358804383223,7.56
POST00002621,0.0,8.66
POST00003757,10.099346883674361,12.13
POST00000629,0.0,5.4
POST00000703,0.0,12.55
POST00003745,10.751217075099746,10.33
POST00001651,0.0,5.58
POST00002767,7.337316457306069,5.73
POST00001998,0.0,10.31
POST00001732,0.0,7.61
POST00002290,0.0,11.35
POST00002253,0.0,9.02
POST00002202,0.0,12.79
POST00000351,0.0,10.74
POST00001787,0.0,7.45
POST00000070,0.0,9.21
POST00001908,0.0,12.74
POST00001494,0.0,6.91
POST00003188,8.030311738445615,4.04
POST00003541,10.535709420448288,8.91
POST00000801,0.0,11.6
POST00000892,0.0,7.93
POST00003582,7.952412162485632,6.96
POST00002962,5.355681920114613,6.93
POST00003009,9.273583430986465,8.2
POST00001941,0.0,11.77
POST00003170,6.113209309695,9.1
POST00002235,0.0,9.34
POST00000874,0.0,10.83
POST00001397,0.0,9.99
POST00002456,0.0,9.91
POST00001828,0.0,6.08
POST00000789,0.0,9.31
POST00003060,9.571959259406805,11.47
POST00002793,9.164072285706727,9.04
POST00003673,7.183786411673322,8.63
POST00003233,10.586496191340158,10.45
POST00000592,0.0,12.18
POST00002802,7.754311798725051,8.97
POST00003209,9.727647294467943,11.13
POST00003575,9.755702192412233,10.95
POST00000960,0.0,7.2
POST00002635,0.0,5.51
POST00002389,0.0,5.49
POST00001916,0.0,7.05
POST00003694,3.0455399136902486,5.35
POST00001473,0.0,3.62
POST00001749,0.0,3.6
POST00000752,0.0,8.58
POST00000134,0.0,6.64
POST00001912,0.0,8.3
POST00002861,6.6763551323808095,6.77
POST00000263,0.0,6.05
POST00003029,10.14826530595683,10.22
POST00000916,0.0,1.81
POST00000839,0.0,4.59
POST00002016,0.0,2.11
POST00000950,0.0,10.73
POST00001274,0.0,2.51
POST00002583,0.0,2.34
POST00002844,10.12763736433151,7.48
POST00001052,0.0,4.14
POST00003972,9.199945495216452,12.41
POST00001301,0.0,6.88
POST00003015,10.4512616807004,10.25
POST00000282,0.0,11.81
POST00002056,0.0,7.89
POST00003476,10.27927970999448,11.22
POST00003401,8.492535926545248,6.6
POST00000498,0.0,9.63
POST00001367,0.0,9.17
POST00002317,0.0,13.21
POST00001047,0.0,3.33
POST00001937,0.0,10.41
POST00002470,0.0,8.15
POST00003797,6.85374197569939,7.39
POST00002198,0.0,7.2
POST00003981,6.685924197157289,2.93
POST00000459,0.0,11.19
POST00002997,8.589073185406178,11.14
POST00001505,0.0,6.26
POST00000130,0.0,8.8
POST00001387,0.0,12.02
POST00002945,4.894664269011483,5.35
POST00000405,0.0,9.45
POST00002878,8.31260114161952,10.5
POST00001753,0.0,5.0
POST00000869,0.0,12.88
POST00000708,0.0,5.61
POST00002747,0.0,8.48
POST00000854,0.0,11.02
POST00000773,0.0,9.24
POST00000573,0.0,7.53
POST00000662,0.0,8.88
POST00001977,0.0,7.47
POST00000396,0.0,2.8
POST00003762,9.406185413702332,7.57
POST00002615,0.0,12.35
POST00001044,0.0,10.46
POST00002950,7.41451584305418,4.57
POST00002255,0.0,9.01
POST00003579,5.71286365125331,4.55
POST00001251,0.0,11.42
POST00001299,0.0,11.1
POST00001508,0.0,7.19
POST00002441,0.0,7.51
POST00003831,9.086420581459254,6.99
POST00003962,10.413181551547844,8.14
POST00000599,0.0,5.91
POST00002592,0.0,8.38
POST00003849,9.417972112021356,11.32
POST00000373,0.0,7.37
POST00003118,8.39693874005906,8.23
POST00001077,0.0,5.69
POST00003685,10.239146979010522,6.13
POST00001599,0.0,8.26
POST00000898,0.0,12.22
POST00002639,0.0,5.59
POST00002612,0.0,9.87
POST00001135,0.0,13.35
POST00001317,0.0,10.62
POST00001427,0.0,12.15
POST00002866,6.705748520640855,8.11
POST00000012,0.0,9.12
POST00003042,9.214048080597731,7.55
POST00002257,0.0,5.37
POST00003103,10.614178831851303,10.48
POST00002111,0.0,10.15
POST00002263,0.0,9.41
POST00001070,0.0,8.9
POST00000698,0.0,9.36
POST00003873,2.6445357836824384,2.17
POST00003932,8.81383674703784,4.62
POST00000264,0.0,2.01
POST00002952,8.370195439377934,7.82
POST00001708,0.0,6.12
POST00002178,0.0,10.5
POST00003583,10.855456060995202,10.68
POST00002144,0.0,11.17
POST00001273,0.0,4.09
POST00001959,0.0,7.15
POST00001481,0.0,12.61
POST00003521,9.987665260253449,11.39
POST00003408,9.630074228283204,9.56
POST00000959,0.0,12.92
POST00003384,9.508791416019124,10.96
POST00000266,0.0,7.62
POST00000619,0.0,10.41
POST00003866,8.094011987828031,7.96
POST00000945,0.0,7.13
POST00000732,0.0,4.52
POST00002163,0.0,12.47
POST00003939,10.152721415409943,10.29
POST00001170,0.0,7.26
POST00000970,0.0,2.04
POST00003414,10.515127717927488,12.2
POST00003343,11.231625805562604,12.26
POST00000407,0.0,1.9
POST00003280,3.95662058959537,3.16
POST00000369,0.0,5.77
POST00002003,0.0,8.33
POST00003829,9.937491098034549,10.3
POST00000294,0.0,4.89
POST00003683,8.134645994374178,9.12
POST00000750,0.0,9.49
POST00001728,0.0,12.97
POST00002661,0.0,4.61
POST00003991,10.499322675005807,10.96
POST00000850,0.0,7.09
POST00002304,0.0,11.46
POST00003373,9.331805269098489,8.18
POST00000591,0.0,5.86
POST00000530,0.0,5.61
POST00002734,0.0,5.67
POST00002723,0.0,7.56
POST00003010,8.966025791009116,10.7
POST00000135,0.0,6.03
POST00000725,0.0,12.22
POST00002370,0.0,8.13
POST00002768,9.750770206380393,7.96
POST00001510,0.0,9.66
POST00003086,5.0515611660721484,3.53
POST00002779,5.394212613516581,3.96
POST00000911,0.0,6.53
POST00001802,0.0,10.05
POST00003742,9.720611518316147,10.77
POST00002824,12.38891817280939,10.62
POST00001045,0.0,12.04
POST00001060,0.0,13.09
POST00003416,4.97559326815886,5.58
POST00003824,9.96720477073597,10.1
POST00000154,0.0,11.15
POST00000179,0.0,4.8
POST00003393,10.574181827170793,9.51
POST00002397,0.0,10.84
POST00002757,0.0,9.92
POST00000915,0.0,3.62
POST00002892,8.68833354177795,8.59
POST00001244,0.0,2.61
POST00003222,3.935669390315538,6.07
POST00000129,0.0,11.36
POST00001700,0.0,13.04
POST00000105,0.0,7.93
POST00000719,0.0,1.79
POST00003537,9.022164417506312,9.31
POST00003587,10.305714461379306,10.55
POST00001048,0.0,9.14
POST00003934,5.146155424643149,7.69
POST00000984,0.0,10.09
POST00001705,0.0,9.28
POST00002063,0.0,12.13
POST00001156,0.0,10.22
POST00002568,0.0,11.64
POST00002863,7.825847666220393,8.2
POST00000787,0.0,7.27
POST00000558,0.0,5.78
POST00003486,10.411873536356126,11.42
POST00000938,0.0,11.46
POST00002531,0.0,5.2
POST00003649,8.919969621755811,9.57
POST00003239,10.27191271106782,11.97
POST00003184,7.805514228186466,4.41
POST00003638,5.557358540948053,4.35
POST00000798,0.0,4.92
POST00002047,0.0,10.69
POST00001993,0.0,6.1
POST00003568,9.13013059583204,7.99
POST00002657,0.0,12.35
POST00001304,0.0,2.49
POST00000092,0.0,9.24
POST00000549,0.0,5.79
POST00000299,0.0,10.5
POST00003737,10.881036828175844,9.65
POST00003143,9.765891020570711,10.04
POST00000069,0.0,9.43
POST00001956,0.0,9.99
POST00000157,0.0,4.06
POST00000425,0.0,9.0
POST00003292,9.775333399080958,11.97
POST00002538,0.0,10.9
POST00003052,7.744510813515502,10.3
POST00000009,0.0,10.59
POST00003044,9.40351046852298,5.84
POST00003277,3.191030900429671,2.14
POST00000146,0.0,11.63
POST00000539,0.0,8.12
POST00003489,9.814151876100684,11.55
POST00002501,0.0,10.68
POST00004000,4.388513664789535,4.51
POST00002981,10.694612480571937,10.2
POST00000825,0.0,4.56
POST00003341,7.431807450390709,9.43
POST00000365,0.0,9.8
POST00003702,8.42391408860775,7.43
POST00003798,6.876027742090464,7.39
POST00001246,0.0,7.69
POST00003883,11.066227587691696,12.46
POST00001999,0.0,11.76
POST00002491,0.0,8.99
POST00003854,7.456288263664447,5.27
POST00002910,9.609563873900317,11.63
POST00001129,0.0,12.34
POST00003164,10.897883265154823,9.64
POST00002232,0.0,9.32
POST00003650,8.634045092445794,10.22
POST00001199,0.0,8.68
POST00001409,0.0,6.07
POST00001578,0.0,12.3
POST00003662,7.721346793510374,5.23
POST00000133,0.0,5.3
POST00003437,6.8613244589168545,4.64
POST00003894,5.937627140830475,8.19
POST00001242,0.0,10.93
POST00003056,6.724641007461456,8.9
POST00000547,0.0,8.74
POST00001930,0.0,9.82
POST00001994,0.0,5.77
POST00002403,0.0,8.15
POST00000486,0.0,11.35
POST00003571,8.375513617598395,8.57
POST00001761,0.0,9.54
POST00001231,0.0,5.23
POST00000109,0.0,9.93
POST00000454,0.0,9.56
POST00000060,0.0,8.86
POST00000658,0.0,3.02
POST00003713,3.7092989949376127,5.11
POST00001711,0.0,4.37
POST00000082,0.0,8.16
POST00001902,0.0,5.92
POST00001844,0.0,12.38
POST00000914,0.0,8.76
POST00000648,0.0,6.32
POST00002192,0.0,9.52
POST00002094,0.0,11.53
POST00001389,0.0,9.01
POST00002417,0.0,10.07
POST00000808,0.0,8.54
POST00003788,8.87755138533248,10.96
POST00002832,8.629090018068219,6.82
POST00001799,0.0,5.71
POST00000564,0.0,11.05
POST00003517,9.39406257349432,11.15
POST00001257,0.0,7.69
POST00000256,0.0,11.07
POST00000079,0.0,4.55
POST00003241,7.621909367100924,5.91
POST00001089,0.0,11.12
POST00000660,0.0,6.56
POST00002835,5.839644375257908,5.29
POST00001709,0.0,6.53
POST00003310,4.569856766026079,2.03
POST00000504,0.0,6.37
POST00000304,0.0,10.83
POST00003779,9.241882073122499,9.81
POST00002724,0.0,6.78
POST00001517,0.0,8.18
POST00000290,0.0,12.0
POST00000521,0.0,6.41
POST00001641,0.0,10.09
POST00001229,0.0,1.74
POST00003154,10.308261652223472,8.97
POST00000336,0.0,10.19
POST00000616,0.0,8.78
POST00000142,0.0,10.47
POST00000546,0.0,12.06
POST00002604,0.0,11.24
POST00002928,9.628568017606199,12.85
POST00003911,10.721175929730006,8.39
POST00003348,10.21414895829151,11.37
POST00000997,0.0,6.0
POST00003447,10.825036601964209,11.04
POST00002188,0.0,5.74
POST00001217,0.0,9.38
POST00002975,8.834734192631108,7.46
POST00002522,0.0,11.0
POST00002166,0.0,5.56
POST00003388,9.663011420979744,8.68
POST00002889,7.736523059556123,5.81
POST00002073,0.0,11.8
POST00003599,7.798265500524453,4.71
POST00002852,10.070255514377157,11.08
POST00000416,0.0,8.46
POST00000942,0.0,8.89
POST00003068,8.588326725410667,11.18
POST00002046,0.0,11.92
POST00000249,0.0,6.43
POST00002142,0.0,9.95
POST00001603,0.0,13.18
POST00000710,0.0,4.69
POST00002999,9.780682607089942,10.34
POST00002564,0.0,12.01
POST00001254,0.0,7.86
POST00002998,7.733720554661208,6.54
POST00003591,10.310566763788183,11.88
POST00002489,0.0,3.61
POST00003045,9.974815219564187,8.75
POST00003560,11.281472044881642,11.43
POST00002631,0.0,11.64
POST00001957,0.0,5.99
POST00002153,0.0,12.39
POST00002552,0.0,10.24
POST00000286,0.0,2.66
POST00000251,0.0,11.84
POST00001386,0.0,5.88
POST00001551,0.0,10.2
POST00000972,0.0,13.22
POST00003113,9.005280953842837,10.4
POST00002259,0.0,6.19
POST00003585,10.892950247595254,10.41
POST00003294,8.395170474216043,8.86
POST00001226,0.0,7.25
POST00002392,0.0,6.46
POST00002340,0.0,6.65
POST00002775,10.800648046582248,10.82
POST00000301,0.0,13.08
POST00001698,0.0,3.16
POST00003087,3.472808397375407,6.94
POST00002898,7.895632123510318,10.64
POST00002210,0.0,9.4
POST00002532,0.0,3.07
POST00003386,9.381119426106007,10.0
POST00003398,11.27328202144657,10.82
POST00003736,9.32451038348138,11.28
POST00003862,7.12653307182174,7.19
POST00001895,0.0,8.25
POST00002665,0.0,5.42
POST00003983,11.120141849173297,12.47
POST00003057,8.707456822205577,11.19
POST00002766,7.9999307415656755,9.28
POST00000741,0.0,5.22
POST00003544,8.077522904835485,7.39
POST00001925,0.0,10.06
POST00003339,7.690861417304733,6.25
POST00001154,0.0,4.5
POST00001834,0.0,10.64
POST00003446,8.987969170851382,6.44
POST00003545,10.800664535167202,8.96
POST00001914,0.0,10.48
POST00001554,0.0,1.41
POST00002776,9.971991589900917,7.48
POST00002127,0.0,9.63
POST00002516,0.0,8.41
POST00001310,0.0,11.37
POST00002382,0.0,13.26
POST00002591,0.0,6.46
POST00002806,9.360369321114746,10.68
POST00000102,0.0,7.01
POST00001340,0.0,3.82
POST00000837,0.0,11.77
POST00000167,0.0,6.09
POST00003039,6.771343782714238,10.54
POST00001002,0.0,10.13
POST00002535,0.0,12.17
POST00000460,0.0,10.22
POST00003027,9.349262239910344,10.42
POST00002780,6.456666644650632,5.48
POST00000538,0.0,9.84
POST00000144,0.0,9.51
POST00000925,0.0,7.22
POST00001582,0.0,2.89
POST00001797,0.0,7.68
POST00001140,0.0,8.54
POST00001101,0.0,9.93
POST00000556,0.0,10.17
POST00002561,0.0,11.3
POST00003580,6.738941261714611,7.63
POST00003046,10.241566463938742,6.71
POST00002912,10.585146282276336,10.34
POST00003792,6.7915761440155995,10.02
POST00000762,0.0,4.96
POST00002794,9.275401552607512,5.94
POST00001468,0.0,10.17
POST00000537,0.0,11.35
POST00002071,0.0,11.68
POST00003769,7.505021294577403,6.67
POST00001606,0.0,9.03
POST00000595,0.0,10.78
POST00001810,0.0,6.76
POST00000361,0.0,6.03
POST00000178,0.0,6.42
POST00000941,0.0,9.57
POST00000283,0.0,7.83
POST00001174,0.0,3.72
POST00001656,0.0,9.22
POST00001997,0.0,2.63
POST00001492,0.0,8.49
POST00000472,0.0,10.73
POST00000968,0.0,10.07
POST00003238,10.532002358550626,12.07
POST00003445,3.0739881669345506,1.48
POST00002484,0.0,9.68
POST00003462,10.93065895871361,8.56
POST00003850,9.089179790004282,10.23
POST00003704,9.733157049769916,10.07
POST00000406,0.0,13.35
POST00002647,0.0,7.5
POST00003838,7.644632174198084,3.98
POST00003400,8.461022237228786,6.66
POST00002874,6.403079834858316,6.73
POST00003150,10.144126655809565,11.89
POST00003718,8.47837160808661,11.55
POST00001901,0.0,9.36
POST00002728,0.0,11.02
POST00003634,9.992533681855983,11.76
POST00000524,0.0,5.89
POST00002280,0.0,10.4
POST00001938,0.0,5.13
POST00001371,0.0,6.32
POST00003759,10.705253848525732,10.89
POST00003480,9.013446536558087,9.46
POST00002381,0.0,9.52
POST00000379,0.0,3.12
POST00000116,0.0,8.8
POST00002175,0.0,8.77
POST00001514,0.0,7.17
POST00001807,0.0,9.59
POST00003707,9.955280856462991,13.0
POST00001920,0.0,1.55
POST00002333,0.0,9.54
POST00000262,0.0,10.38
POST00000686,0.0,5.06
POST00002510,0.0,9.47
POST00003635,10.922175435634973,10.39
POST00001259,0.0,9.29
POST00002301,0.0,1.49
POST00003848,9.02198731438518,10.5
POST00002620,0.0,8.12
POST00002292,0.0,7.91
POST00003923,9.235659839347267,5.65
POST00000453,0.0,7.33
POST00001035,0.0,5.56
POST00000690,0.0,3.33
POST00003047,8.919053250789043,9.52
POST00000702,0.0,4.61
POST00001313,0.0,8.63
POST00000896,0.0,10.48
POST00002503,0.0,5.44
POST00000651,0.0,7.15
POST00003202,8.305410224433572,10.43
POST00003799,10.393352739887044,10.99
POST00001501,0.0,9.48
POST00003722,10.72724106290936,10.78
POST00000026,0.0,8.69
POST00000644,0.0,5.83
POST00003817,9.390177368131438,10.79
POST00002517,0.0,6.29
POST00003550,9.232693429033915,2.43
POST00003359,9.059044989937851,9.79
POST00002481,0.0,4.22
POST00000692,0.0,7.39
POST00002033,0.0,10.44
POST00001604,0.0,1.66
POST00003879,2.919026622085192,1.76
POST00002627,0.0,12.37
POST00003475,8.185742147706385,7.33
POST00001319,0.0,8.67
POST00002193,0.0,7.64
POST00003658,10.503743985081272,11.67
POST00002854,11.022506900199584,10.04
POST00000617,0.0,5.21
POST00001526,0.0,5.33
POST00000064,0.0,6.95
POST00003752,10.836846881928523,12.99
POST00002123,0.0,9.28
POST00001839,0.0,7.5
POST00002972,10.624737478188722,12.49
POST00001983,0.0,8.23
POST00001874,0.0,10.13
POST00003504,10.183736131058783,10.57
POST00002265,0.0,1.22
POST00002704,0.0,12.18
POST00002399,0.0,10.24
POST00000989,0.0,5.67
POST00001973,0.0,6.98
POST00002377,0.0,9.63
POST00002533,0.0,9.46
POST00001739,0.0,10.99
POST00001360,0.0,5.41
POST00000202,0.0,9.59
POST00003350,10.660454186826884,11.73
POST00000561,0.0,11.85
POST00001230,0.0,8.85
POST00000954,0.0,11.1
POST00000254,0.0,8.15
POST00001778,0.0,11.57
POST00002537,0.0,7.71
POST00001295,0.0,8.19
POST00000175,0.0,8.74
POST00003259,10.69680900553932,9.52
POST00002563,0.0,3.4
POST00001811,0.0,9.69
POST00002577,0.0,3.26
POST00003210,10.220286343933658,9.63
POST00002258,0.0,10.99
POST00000519,0.0,12.95
POST00002276,0.0,8.58
POST00000706,0.0,5.28
POST00000397,0.0,4.02
POST00001240,0.0,11.17
POST00002680,0.0,12.19
POST00001586,0.0,10.72
POST00001745,0.0,8.12
POST00002995,7.477928180173215,7.07
POST00000221,0.0,9.03
POST00001084,0.0,11.51
POST00001063,0.0,6.02
POST00002076,0.0,10.02
POST00001113,0.0,2.05
POST00000483,0.0,2.31
POST00002061,0.0,7.04
POST00002886,10.616141445152513,9.89
POST00001080,0.0,5.85
POST00001542,0.0,7.83
POST00000508,0.0,5.82
POST00000605,0.0,6.16
POST00002117,0.0,11.23
POST00002474,0.0,10.14
POST00001100,0.0,9.35
POST00003997,8.698797878410057,11.19
POST00001418,0.0,7.89
POST00003152,9.000783734968005,7.88
POST00001200,0.0,4.93
POST00003490,4.480925780199501,6.86
POST00000904,0.0,8.49
POST00002855,9.524884415773075,9.7
POST00000683,0.0,7.22
POST00002446,0.0,9.98
POST00003250,9.106719875351445,10.04
POST00003218,9.032300693450772,10.36
POST00000734,0.0,1.95
POST00002240,0.0,4.77
POST00003982,9.36416943121974,10.57
POST00003922,9.31190692503288,9.65
POST00000403,0.0,8.95
POST00000931,0.0,5.2
POST00000372,0.0,9.66
POST00001636,0.0,10.95
POST00001502,0.0,13.24
POST00002682,0.0,5.45
POST00002925,2.92013676672408,2.37
POST00001725,0.0,11.69
POST00001413,0.0,11.24
POST00000754,0.0,10.34
POST00002546,0.0,11.36
POST00000320,0.0,10.73
POST00000780,0.0,12.79
POST00001717,0.0,10.81
POST00000727,0.0,5.76
POST00000957,0.0,12.0
POST00000424,0.0,12.02
POST00003167,5.904051275025891,8.34
POST00003547,10.958069717084436,12.72
POST00002069,0.0,10.43
POST00000800,0.0,4.92
POST00003711,9.490358039991355,7.16
POST00003980,8.66671918710874,9.12
POST00001343,0.0,12.96
POST00003197,10.150249197143092,12.12
POST00001646,0.0,5.04
POST00000726,0.0,11.74
POST00002266,0.0,3.39
POST00000246,0.0,3.49
POST00002251,0.0,11.56
POST00003228,8.663618645487393,8.49
POST00003511,8.344394871060738,5.0
POST00000494,0.0,4.31
POST00003525,11.374044960139619,11.48
POST00000313,0.0,10.72
POST00002624,0.0,2.59
POST00002822,7.8147315406360365,11.44
POST00001740,0.0,9.49
POST00002445,0.0,8.85
POST00002746,0.0,11.8
POST00001393,0.0,9.03
POST00001658,0.0,9.04
POST00002497,0.0,3.16
POST00003733,10.713664646976229,9.59
POST00002745,0.0,7.49
POST00000948,0.0,6.78
POST00000112,0.0,2.96
POST00003936,7.65683627210409,5.02
POST00000921,0.0,4.36
POST00000275,0.0,5.66
POST00001469,0.0,13.0
POST00001650,0.0,7.75
POST00001567,0.0,1.44
POST00001579,0.0,5.56
POST00003620,7.9565479041478095,8.22
POST00003534,8.457758187919575,8.11
POST00000795,0.0,6.13
POST00003003,5.734118756329074,3.19
POST00000700,0.0,8.6
POST00001841,0.0,9.85
POST00000164,0.0,2.44
POST00002431,0.0,7.78
POST00002371,0.0,7.94
POST00001694,0.0,9.21
POST00000856,0.0,8.58
POST00000452,0.0,10.2
POST00000559,0.0,10.28
POST00001703,0.0,1.58
POST00001654,0.0,12.43
POST00002471,0.0,11.55
POST00000900,0.0,8.99
POST00003356,9.2779242085454,7.07
POST00003066,8.008664161813378,7.84
POST00001982,0.0,4.79
POST00001018,0.0,8.94
POST00002643,0.0,11.99
POST00001790,0.0,11.43
POST00001879,0.0,9.57
POST00001624,0.0,11.04
POST00001278,0.0,6.79
POST00003190,8.820845967010555,7.98
POST00002385,0.0,12.87
POST00001040,0.0,13.22
POST00002800,9.539136380746315,9.71
POST00001422,0.0,10.57
POST00000511,0.0,4.33
POST00003311,7.959310293189782,12.15
POST00001030,0.0,11.03
POST00002176,0.0,9.27
POST00002896,10.352346354389987,11.87
POST00002807,5.2879310946972735,3.91
POST00001892,0.0,6.83
POST00003172,8.049350287615624,7.37
POST00002464,0.0,2.74
POST00000118,0.0,4.92
POST00001123,0.0,10.69
POST00003774,11.364247811113872,12.83
POST00003018,8.85866860452133,10.52
POST00000066,0.0,7.78
POST00002671,0.0,6.0
POST00001527,0.0,8.91
POST00002586,0.0,3.11
POST00003938,11.049460664639888,8.53
POST00001444,0.0,4.56
POST00002194,0.0,9.47
POST00003323,7.86069902794788,6.34
POST00001332,0.0,10.6
POST00001023,0.0,6.57
POST00002160,0.0,7.69
POST00000929,0.0,10.18
POST00002605,0.0,10.23
POST00003153,9.57285290351971,10.2
POST00003796,3.665739558745587,2.86
POST00003430,10.590099698653503,9.24
POST00001677,0.0,10.08
POST00000764,0.0,7.92
POST00002750,0.0,9.46
POST00003159,9.025211474066833,5.21
POST00000612,0.0,13.06
POST00002359,0.0,6.81
POST00001043,0.0,8.69
POST00001621,0.0,8.98
POST00000949,0.0,12.26
POST00000321,0.0,7.91
POST00001854,0.0,9.36
POST00002103,0.0,9.77
POST00001105,0.0,8.8
POST00000265,0.0,5.81
POST00002273,0.0,3.46
POST00001716,0.0,11.44
POST00001124,0.0,9.23
POST00000888,0.0,6.55
POST00003008,8.53422469574353,10.0
POST00003206,6.879906119411464,5.84
POST00000307,0.0,9.51
POST00000087,0.0,9.21
POST00002509,0.0,3.81
POST00003929,10.68564330868759,8.18
POST00000325,0.0,11.42
POST00000131,0.0,11.2
POST00001774,0.0,12.47
POST00001523,0.0,9.36
POST00000927,0.0,5.51
POST00001545,0.0,6.52
POST00000346,0.0,11.1
POST00003572,10.878226164348561,8.87
POST00003813,8.918886496812013,8.87
POST00001529,0.0,5.72
POST00001820,0.0,2.22
POST00000582,0.0,4.48
POST00000065,0.0,5.36
POST00000786,0.0,9.98
POST00003839,11.564046137497986,13.35
POST00000047,0.0,8.73
POST00000192,0.0,7.8
POST00001276,0.0,3.35
POST00002709,0.0,12.19
POST00001438,0.0,9.54
POST00002009,0.0,10.64
POST00001474,0.0,9.89
POST00003728,7.785063542421873,9.59
POST00003863,3.8038011371017646,2.19
POST00000720,0.0,12.19
POST00003309,5.732742850409894,5.54
POST00000148,0.0,8.26
POST00001450,0.0,6.79
POST00001826,0.0,9.08
POST00002098,0.0,11.26
POST00000348,0.0,6.29
POST00002044,0.0,3.9
POST00001639,0.0,5.22
POST00001949,0.0,6.7
POST00000526,0.0,10.07
POST00002352,0.0,8.04
POST00003976,3.066478466138001,3.46
POST00001607,0.0,9.35
POST00000525,0.0,12.06
POST00002880,4.736928507970818,3.59
POST00001131,0.0,6.36
POST00002186,0.0,6.51
POST00002869,7.980129240624343,10.1
POST00002191,0.0,6.87
POST00002743,0.0,10.72
POST00002042,0.0,13.35
POST00000402,0.0,8.98
POST00001322,0.0,6.48
POST00002536,0.0,10.51
POST00000194,0.0,2.45
POST00003306,10.974363818301098,10.84
POST00003555,8.038480022498712,10.02
POST00000302,0.0,12.03
POST00000671,0.0,5.04
POST00002496,0.0,7.33
POST00001144,0.0,9.7
POST00001712,0.0,10.52
POST00001158,0.0,9.21
POST00002815,8.850548419190222,9.71
POST00001176,0.0,5.14
POST00002053,0.0,2.03
POST00002080,0.0,5.07
POST00003590,7.982341401212101,4.35
POST00002463,0.0,9.67
POST00001066,0.0,6.82
POST00001099,0.0,5.83
POST00001104,0.0,9.83
POST00002791,9.473853468474704,8.08
POST00000596,0.0,10.39
POST00002388,0.0,6.6
POST00000257,0.0,6.09
POST00003853,9.625824821941789,8.76
POST00003942,9.78317184017728,12.48
POST00001308,0.0,11.77
POST00002316,0.0,10.22
POST00000649,0.0,8.44
POST00003011,7.951315008462974,7.99
POST00003529,10.79391068879637,12.74
POST00000587,0.0,2.97
POST00002325,0.0,12.13
POST00003322,8.617767762893694,6.72
POST00001288,0.0,9.93
POST00000250,0.0,7.05
POST00003522,9.234920502437237,8.96
POST00002107,0.0,9.05
POST00001552,0.0,8.56
POST00001270,0.0,7.52
POST00003466,8.407484198539075,5.06
POST00003030,10.685214803910256,7.92
POST00001540,0.0,5.28
POST00001786,0.0,9.71
POST00003925,9.357280894847818,7.8
POST00002195,0.0,8.05
POST00003709,8.414137773226905,10.78
POST00001064,0.0,7.95
POST00003265,8.829534304463207,7.3
POST00003970,9.739332891757757,8.86
POST00002407,0.0,4.0
POST00000930,0.0,3.25
POST00000961,0.0,2.8
POST00000985,0.0,8.11
POST00002249,0.0,10.27
POST00001269,0.0,10.47
POST00002593,0.0,9.88
POST00003910,10.075146301143242,8.76
POST00003007,5.580252205858457,4.17
POST00000995,0.0,7.47
POST00001755,0.0,11.06
POST00003421,9.29371766156437,8.66
POST00001133,0.0,7.99
POST00003588,6.696690146062914,6.84
POST00000050,0.0,6.61
POST00002354,0.0,5.15
POST00000127,0.0,12.74
POST00002344,0.0,13.27
POST00002774,10.3892178988182,10.89
POST00003631,9.058438005846822,9.1
POST00002588,0.0,11.72
POST00000180,0.0,12.14
POST00002525,0.0,12.02
POST00002756,0.0,10.84
POST00003578,9.88729074033203,12.29
POST00002368,0.0,9.61
POST00000722,0.0,6.77
POST00003900,9.542535196214486,10.19
POST00001921,0.0,5.19
POST00003266,9.316581926247993,10.0
POST00000858,0.0,9.15
POST00003526,10.365793954787282,10.66
POST00001804,0.0,10.9
POST00001414,0.0,8.22
POST00001831,0.0,13.2
POST00003794,11.334704742282392,9.27
POST00001499,0.0,3.96
POST00002857,5.66887640589859,7.27
POST00002299,0.0,9.09
POST00001358,0.0,5.62
POST00003832,10.913058263061401,10.24
POST00001290,0.0,11.87
POST00000411,0.0,11.96
POST00000205,0.0,8.96
POST00002595,0.0,11.26
POST00002932,7.944855283354285,6.73
POST00002691,0.0,4.17
POST00002432,0.0,6.4
POST00000534,0.0,10.75
POST00002125,0.0,12.48
POST00000227,0.0,4.12
POST00002157,0.0,7.45
POST00003145,8.065339386532521,10.36
POST00001948,0.0,9.91
POST00002819,7.974232523549021,4.91
POST00001331,0.0,8.47
POST00002673,0.0,10.47
POST00003014,6.94849084967107,6.53
POST00000197,0.0,5.93
POST00001507,0.0,6.53
POST00000006,0.0,6.11
POST00003091,10.143186929638201,13.03
POST00001339,0.0,10.97
POST00002204,0.0,9.14
POST00002236,0.0,7.37
POST00001598,0.0,4.41
POST00003659,10.664172374008075,10.97
POST00003148,7.319656990231362,6.45
POST00003953,8.498314149030206,7.23
POST00002219,0.0,10.76
POST00003281,5.753773116875816,6.32
POST00000476,0.0,8.32
POST00003857,9.531054157992564,9.99
POST00002495,0.0,2.76
POST00001653,0.0,9.41
POST00000842,0.0,10.84
POST00001589,0.0,9.65
POST00003795,7.44497950595404,10.19
POST00001303,0.0,11.81
POST00003330,9.617823220220048,9.87
POST00002319,0.0,5.2
POST00002940,11.455982775021562,10.77
POST00000110,0.0,9.07
POST00002528,0.0,6.52
POST00001605,0.0,10.77
POST00000489,0.0,8.12
POST00003298,9.697788008089766,10.58
POST00003237,8.977537920835672,10.71
POST00000356,0.0,11.17
POST00003107,9.059408749443959,10.97
POST00001785,0.0,2.53
POST00000041,0.0,7.71
POST00000147,0.0,6.32
POST00000487,0.0,3.73
POST00002669,0.0,11.33
POST00003062,7.627133474261898,9.61
POST00002992,6.553747516650667,6.65
POST00001817,0.0,5.8
POST00001211,0.0,11.69
POST00001729,0.0,8.54
POST00001618,0.0,2.49
POST00003431,11.188307260719176,13.09
POST00000862,0.0,10.18
POST00000983,0.0,10.84
POST00002064,0.0,4.85
POST00000926,0.0,9.22
POST00000015,0.0,10.12
POST00002019,0.0,10.42
POST00003732,8.25119314125884,9.43
POST00003219,10.808902483484742,11.7
POST00003768,10.870260286441804,10.88
POST00000255,0.0,7.81
POST00003379,4.160915603092821,5.0
POST00003374,10.140942909147547,9.93
POST00002499,0.0,12.59
POST00003532,7.835689410009694,5.88
POST00001411,0.0,7.98
POST00002890,3.8961225267583064,2.13
POST00001798,0.0,4.09
POST00002357,0.0,9.57
POST00002059,0.0,6.54
POST00001485,0.0,8.43
POST00001445,0.0,9.49
POST00003749,9.805192319525029,9.12
POST00002134,0.0,7.16
POST00000191,0.0,9.59
POST00003424,8.418957548556177,9.58
POST00003263,3.405780989759741,2.77
POST00000699,0.0,8.68
POST00003355,10.28682624040624,11.42
POST00000461,0.0,10.2
POST00003064,11.190392143692849,10.02
POST00001265,0.0,8.06
POST00000236,0.0,5.74
POST00000287,0.0,6.21
POST00003913,9.866124113275355,11.54
POST00000386,0.0,4.39
POST00001665,0.0,2.55
POST00000052,0.0,10.94
POST00001979,0.0,4.69
POST00002936,2.975412046283977,1.54
POST00001342,0.0,6.05
POST00000966,0.0,13.17
POST00000975,0.0,10.29
POST00000626,0.0,9.03
POST00003917,7.209178629603064,9.65
POST00000193,0.0,8.62
POST00003276,9.954248483506497,8.39
POST00002994,10.203451132282384,10.54
POST00000211,0.0,7.94
POST00001362,0.0,5.73
POST00000409,0.0,8.67
POST00001846,0.0,11.58
POST00003553,8.333077443099818,6.63
POST00000855,0.0,4.79
POST00000398,0.0,4.29
POST00003577,8.950164343234045,8.41
POST00000831,0.0,11.36
POST00003889,10.289271285194383,10.13
POST00001611,0.0,7.8
POST00001224,0.0,10.06
POST00000571,0.0,2.15
POST00000376,0.0,9.57
POST00003358,10.307860452972372,9.83
POST00003791,11.066455215312347,9.97
POST00000347,0.0,3.27
POST00002054,0.0,7.11
POST00003140,6.462317059998551,3.62
POST00002387,0.0,9.19
POST00003402,10.485889339935035,11.73
POST00003016,10.78186273313619,11.09
POST00003819,10.203769577112922,12.53
POST00000891,0.0,10.36
POST00000027,0.0,12.1
POST00002919,8.15168618543591,9.25
POST00000258,0.0,8.45
POST00002131,0.0,13.22
POST00001347,0.0,9.67
POST00003842,7.078463710709294,7.05
POST00001457,0.0,9.6
POST00003247,9.777223273236704,8.5
POST00000632,0.0,11.7
POST00000176,0.0,8.23
POST00001037,0.0,12.17
POST00000156,0.0,2.59
POST00000340,0.0,7.03
POST00002974,9.127175587247326,8.79
POST00002347,0.0,4.07
POST00002714,0.0,7.65
POST00003418,10.490912522424377,9.8
POST00003439,11.274106638579232,12.46
POST00003978,10.042161158811744,7.14
POST00000385,0.0,4.7
POST00002685,0.0,5.59
POST00000585,0.0,11.79
POST00001493,0.0,12.57
POST00003234,10.732170473996598,11.37
POST00000628,0.0,3.56
POST00000919,0.0,11.13
POST00003642,8.858058063785045,7.13
POST00000241,0.0,4.07
POST00001734,0.0,7.76
POST00002435,0.0,2.85
POST00002391,0.0,12.5
POST00002448,0.0,4.22
POST00001681,0.0,8.91
POST00000555,0.0,8.6
POST00003144,8.687368707616038,7.12
POST00001893,0.0,7.66
POST00003492,9.483544502660413,7.88
POST00003121,4.729423811578206,2.82
POST00003531,9.339230713241498,11.4
POST00000434,0.0,7.55
POST00002267,0.0,11.05
POST00002594,0.0,2.69
POST00001989,0.0,8.88
POST00003454,11.349456599860627,9.75
POST00001337,0.0,4.25
POST00002566,0.0,12.95
POST00002913,8.429297708895401,6.41
POST00001447,0.0,12.57
POST00000084,0.0,8.7
POST00002785,6.600127390759919,4.93
POST00001690,0.0,1.96
POST00002227,0.0,5.47
POST00001779,0.0,5.55
POST00003969,8.784957160901486,6.88
POST00003738,8.965036459429317,11.33
POST00002246,0.0,11.0
POST00001428,0.0,9.17
POST00000618,0.0,9.96
POST00000217,0.0,8.03
POST00001250,0.0,7.5
POST00000412,0.0,5.31
POST00002490,0.0,8.18
POST00001336,0.0,11.59
POST00002895,10.221899365029051,11.0
POST00002343,0.0,7.23
POST00002920,9.204936777099308,10.88
POST00003946,10.051943174467892,10.39
POST00003693,9.58882921607872,10.26
POST00000306,0.0,10.22
POST00002977,10.016135430121325,9.12
POST00003253,9.384698961783958,4.09
POST00001232,0.0,3.26
POST00001374,0.0,10.69
POST00001861,0.0,8.09
POST00001207,0.0,2.36
POST00000058,0.0,4.51
POST00000608,0.0,8.32
POST00000767,0.0,9.71
POST00003342,8.776541553012818,7.97
POST00003180,7.099836393753495,9.24
POST00001126,0.0,8.44
POST00002626,0.0,12.51
POST00003110,8.33665904254179,7.04
POST00002663,0.0,12.31
POST00000633,0.0,3.92
POST00003314,6.911142915734523,7.42
POST00001074,0.0,10.84
POST00003677,8.853647181622152,10.05
POST00003961,6.209781837027429,5.96
POST00001188,0.0,2.02
POST00001877,0.0,9.47
POST00003410,7.582710577334785,5.67
POST00003896,9.690705176689194,9.72
POST00001642,0.0,3.07
POST00002658,0.0,2.19
POST00003257,9.242229832942485,12.46
POST00003245,9.276017230701129,10.94
POST00000866,0.0,8.22
POST00003670,9.714024518013181,7.83
POST00000545,0.0,11.09
POST00002847,9.063252903309188,9.01
POST00003204,9.223005386078391,7.43
POST00000067,0.0,6.33
POST00003230,6.4416455703327475,9.41
POST00002982,7.619329476407758,8.82
POST00002026,0.0,11.3
POST00003283,7.542002959590549,8.29
POST00000697,0.0,2.8
POST00003885,11.364656523289163,11.66
POST00003646,10.845996782834625,11.17
POST00001855,0.0,13.11
POST00002654,0.0,7.87
POST00001936,0.0,11.58
POST00003971,10.542595778702543,10.3
POST00003564,10.979162485848185,11.93
POST00003272,10.576761913230253,8.9
POST00000388,0.0,7.25
POST00002328,0.0,9.8
POST00000830,0.0,11.12
POST00002363,0.0,3.75
POST00001262,0.0,10.7
POST00002548,0.0,10.64
POST00000322,0.0,5.38
POST00000846,0.0,4.23
POST00001114,0.0,12.67
POST00001643,0.0,6.39
POST00000637,0.0,8.76
POST00003073,9.742192058203758,11.67
POST00001731,0.0,4.15
POST00003877,9.58363400958673,11.63
POST00003457,11.191412210378871,11.24
POST00002524,0.0,9.01
POST00000994,0.0,7.19
POST00002572,0.0,9.95
POST00002162,0.0,10.49
POST00003249,10.456118825231869,8.01
POST00003104,9.642384607404676,8.4
POST00003171,8.014757012303383,5.67
POST00001053,0.0,7.59
POST00000905,0.0,6.44
POST00003166,3.0994251616027757,4.33
POST00001754,0.0,10.23
POST00003651,8.791275580747385,10.17
POST00001141,0.0,10.42
POST00003943,8.812109317838262,11.51
POST00001436,0.0,4.63
POST00003127,7.608274202286568,8.62
POST00000847,0.0,12.78
POST00002860,9.859029867259368,10.39
POST00003067,6.549652080198118,7.58
POST00001871,0.0,6.53
POST00003767,10.132196443475113,13.03
POST00001421,0.0,10.42
POST00000851,0.0,8.02
POST00000011,0.0,2.42
POST00002353,0.0,11.79
POST00003661,4.868011232774221,5.15
POST00002066,0.0,9.16
POST00003106,11.379841546381385,10.83
POST00002412,0.0,9.35
POST00001898,0.0,10.13
POST00001298,0.0,12.16
POST00000790,0.0,8.32
POST00002865,7.699345080601139,9.1
POST00002079,0.0,5.61
POST00002526,0.0,11.49
POST00000370,0.0,9.04
POST00001662,0.0,6.9
POST00001381,0.0,10.25
POST00000184,0.0,7.79
POST00003559,9.256833541726184,12.24
POST00001291,0.0,5.51
POST00001203,0.0,9.7
POST00003305,9.37432299558271,9.52
POST00003626,9.559607716628781,9.87
POST00000418,0.0,7.57
POST00000965,0.0,11.11
POST00003303,8.376417350394073,8.96
POST00001704,0.0,6.93
POST00003260,5.5746522621479055,3.93
POST00001401,0.0,10.81
POST00002208,0.0,2.36
POST00003317,10.335542795846365,12.94
POST00001121,0.0,9.12
POST00003793,10.481734258965734,9.45
POST00001180,0.0,3.3
POST00001321,0.0,10.28
POST00003994,8.967030881009025,9.55
POST00003065,6.75655814598636,8.39
POST00003415,9.417231363806556,11.05
POST00001630,0.0,9.2
POST00001608,0.0,7.98
POST00001534,0.0,8.9
POST00003142,8.116479592230565,7.44
POST00003977,6.513046986467063,5.41
POST00002617,0.0,10.45
POST00002963,10.703993294744205,11.24
POST00000276,0.0,3.25
POST00000485,0.0,7.38
POST00001899,0.0,9.77
POST00002545,0.0,9.44
POST00000075,0.0,5.68
POST00001772,0.0,4.79
POST00003132,8.43965232255734,4.18
POST00003519,9.887042281091716,11.01
POST00001247,0.0,11.94
POST00000805,0.0,6.67
POST00001927,0.0,6.74
POST00000755,0.0,8.35
POST00002856,10.527209712359035,13.35
POST00002956,10.574935873556212,11.16
POST00002075,0.0,9.42
POST00002885,9.141854337257685,7.13
POST00001972,0.0,7.39
POST00003901,9.14100707576612,10.69
POST00001682,0.0,9.95
POST00000232,0.0,8.61
POST00001823,0.0,8.71
POST00000206,0.0,3.26
POST00003771,9.042782085732856,6.58
POST00003083,7.976948787512628,6.32
POST00001659,0.0,7.31
POST00001965,0.0,4.95
POST00001702,0.0,5.19
POST00000977,0.0,8.08
POST00003827,8.421164061703506,11.16
POST00003919,8.681509428389916,10.36
POST00001757,0.0,8.41
POST00003822,7.441407529526227,8.87
POST00000802,0.0,3.83
POST00003608,10.020999245043157,9.55
POST00000149,0.0,7.29
POST00003700,10.39200440268829,11.22
POST00000493,0.0,9.05
POST00001884,0.0,9.46
POST00001142,0.0,3.59
POST00000492,0.0,3.66
POST00000937,0.0,5.02
POST00000203,0.0,7.72
POST00002152,0.0,7.34
POST00002867,10.171320615823596,9.43
POST00001850,0.0,8.95
POST00000285,0.0,2.8
POST00002798,7.856971238812134,7.84
POST00001975,0.0,9.91
POST00003075,10.588950502697998,11.16
POST00000799,0.0,9.45
POST00000342,0.0,9.78
POST00001329,0.0,4.63
POST00001794,0.0,12.56
POST00002562,0.0,9.57
POST00002922,9.162507479100304,10.25
POST00000550,0.0,9.84
POST00001809,0.0,7.03
POST00001666,0.0,7.97
POST00001565,0.0,10.05
POST00003734,7.220518532837577,8.57
POST00003617,7.364005927695241,6.33
POST00002667,0.0,10.76
POST00001663,0.0,8.08
POST00002281,0.0,6.16
POST00000413,0.0,8.06
POST00000588,0.0,8.78
POST00000922,0.0,8.14
POST00001693,0.0,8.25
POST00002672,0.0,4.87
POST00000739,0.0,3.35
POST00000570,0.0,9.23
POST00001152,0.0,5.17
POST00002025,0.0,12.66
POST00000016,0.0,5.83
POST00003061,8.506618453746686,7.3
POST00000420,0.0,9.85
POST00001364,0.0,4.8
POST00001415,0.0,3.25
POST00001065,0.0,9.97
POST00000882,0.0,12.65
POST00001456,0.0,3.47
POST00003456,6.944821839738266,7.81
POST00001197,0.0,2.64
POST00001285,0.0,10.97
POST00003893,8.702799565807098,6.82
POST00002270,0.0,7.78
POST00001151,0.0,10.52
POST00001988,0.0,9.09
POST00001054,0.0,6.88
POST00001010,0.0,7.65
POST00001568,0.0,3.82
POST00001760,0.0,7.28
POST00000620,0.0,5.06
POST00001049,0.0,10.02
POST00003613,9.85865607668209,9.75
POST00001889,0.0,7.08
POST00001215,0.0,8.52
POST00001471,0.0,8.86
POST00003441,8.69887869387469,8.87
POST00003596,8.956553734266734,9.65
POST00001071,0.0,3.41
POST00000833,0.0,7.08
POST00001940,0.0,7.49
POST00000557,0.0,9.26
POST00002677,0.0,5.41
POST00002105,0.0,7.97
POST00001062,0.0,12.23
POST00000445,0.0,4.62
POST00001286,0.0,8.38
POST00003965,6.092836071915907,8.91
POST00003753,9.36362570868887,10.7
POST00002887,7.072586657255386,10.28
POST00000828,0.0,11.25
POST00002644,0.0,10.39
POST00002428,0.0,5.88
POST00003221,10.098927969680858,11.86
POST00000362,0.0,3.03
POST00003146,7.695804100250524,4.88
POST00000562,0.0,7.79
POST00002712,0.0,3.66
POST00000634,0.0,8.41
POST00002311,0.0,9.3
POST00001497,0.0,12.03
POST00002705,0.0,8.78
POST00000974,0.0,3.97
POST00002170,0.0,11.49
POST00001616,0.0,9.81
POST00001149,0.0,12.95
POST00001233,0.0,6.89
POST00002011,0.0,11.88
POST00001781,0.0,7.79
POST00002475,0.0,11.35
POST00002348,0.0,4.24
POST00000517,0.0,9.72
POST00003285,10.98602344933574,9.19
POST00000864,0.0,10.7
POST00003928,9.369098365871384,10.66
POST00000641,0.0,9.14
POST00002637,0.0,4.22
POST00003607,6.44601749611941,5.51
POST00000785,0.0,11.23
POST00000145,0.0,6.03
POST00003714,7.6266559452108496,5.83
POST00001842,0.0,6.84
POST00002921,8.269826603830428,10.84
POST00002871,7.879164458802221,3.14
POST00000349,0.0,3.73
POST00000432,0.0,4.22
POST00002081,0.0,9.75
POST00001575,0.0,9.68
POST00003612,10.130364401490029,9.52
POST00003557,5.443815804711542,9.95
POST00001267,0.0,4.52
POST00000338,0.0,11.64
POST00003096,6.653120540634889,9.17
POST00001349,0.0,7.2
POST00001098,0.0,10.97
POST00001793,0.0,6.78
POST00000339,0.0,4.9
POST00001563,0.0,7.86
POST00003914,8.867036016415671,5.77
POST00003191,9.352722189577442,8.29
POST00002633,0.0,11.14
POST00001426,0.0,5.68
POST00001354,0.0,6.97
POST00000566,0.0,10.25
POST00003844,9.410860544025494,11.93
POST00001103,0.0,11.61
POST00000222,0.0,9.94
POST00000551,0.0,5.85
POST00003246,11.488684032150077,11.54
POST00000281,0.0,4.88
POST00000212,0.0,6.54
POST00002239,0.0,7.7
POST00003391,9.21199824044894,9.26
POST00002947,9.364120170773464,8.06
POST00000025,0.0,10.9
POST00001758,0.0,5.85
POST00000136,0.0,6.25
POST00000395,0.0,7.0
POST00002964,6.890815092127024,6.69
POST00000783,0.0,8.05
POST00000252,0.0,10.43
POST00002264,0.0,10.29
POST00002670,0.0,6.84
POST00000796,0.0,5.52
POST00001031,0.0,9.22
POST00003570,9.079426853488544,8.9
POST00002039,0.0,8.41
POST00000824,0.0,9.94
POST00003897,9.710249823442116,11.06
POST00002838,10.125217862184408,9.1
POST00001864,0.0,7.39
POST00000807,0.0,8.96
POST00002655,0.0,10.64
POST00003380,10.70415554791349,10.12
POST00002719,0.0,7.4
POST00001849,0.0,8.23
POST00000625,0.0,2.26
POST00003747,9.186463508282475,9.11
POST00001165,0.0,10.23
POST00000019,0.0,2.98
POST00002150,0.0,3.64
POST00001503,0.0,3.71
POST00003187,10.26282052361802,10.22
POST00002010,0.0,3.92
POST00002811,10.319088029166947,9.97
POST00001249,0.0,8.42
POST00003941,8.072905371646161,10.51
POST00003581,9.707886958864098,11.61
POST00000845,0.0,3.91
POST00002331,0.0,10.88
POST00000008,0.0,7.89
POST00003053,7.586012983495669,12.15
POST00003396,7.288732696572943,9.41
POST00003352,11.138289416832036,8.9
POST00000024,0.0,6.83
POST00001435,0.0,11.66
POST00000267,0.0,11.53
POST00002923,9.10379031699837,8.83
POST00000309,0.0,5.4
POST00001836,0.0,10.07
POST00000836,0.0,7.32
POST00000190,0.0,9.71
POST00000678,0.0,8.94
POST00003404,9.702366232897313,11.76
POST00003122,4.264455822904922,3.67
POST00003117,7.476583501800211,6.17
POST00003548,6.313919596758111,5.68
POST00001926,0.0,11.71
POST00003488,9.927293433993817,10.78
POST00003643,10.601655885435399,12.62
POST00000575,0.0,8.92
POST00002976,8.505527604920728,11.07
POST00002648,0.0,2.82
POST00000068,0.0,6.54
POST00003444,7.586483639057338,8.05
POST00001865,0.0,10.27
POST00003397,9.112835587499163,12.36
POST00003669,10.104236293113896,10.59
POST00000414,0.0,9.59
POST00001835,0.0,2.87
POST00000712,0.0,8.61
POST00001489,0.0,9.83
POST00001521,0.0,2.03
POST00003043,7.290849278508241,9.83
POST00001764,0.0,4.11
POST00002114,0.0,6.46
POST00003336,10.566480135527513,11.08
POST00002942,10.914692530694065,10.74
POST00003876,6.6179816125304,5.11
POST00003887,9.739445976504683,8.76
POST00002875,7.859448447408871,8.48
POST00002966,8.276266723879843,8.81
POST00000427,0.0,3.52
POST00001592,0.0,9.67
POST00001968,0.0,10.27
POST00000126,0.0,9.03
POST00002574,0.0,8.38
POST00001947,0.0,10.47
POST00000627,0.0,7.49
POST00003739,7.601213451976793,6.95
POST00003243,9.283357093487048,5.16
POST00001490,0.0,10.03
POST00000337,0.0,10.38
POST00002045,0.0,8.7
POST00000381,0.0,3.58
POST00000656,0.0,10.64
POST00001564,0.0,4.97
POST00001004,0.0,6.71
POST00002415,0.0,10.66
POST00001316,0.0,1.4
POST00000760,0.0,13.19
POST00002180,0.0,2.32
POST00000214,0.0,5.02
POST00002082,0.0,11.68
POST00002507,0.0,9.94
POST00002226,0.0,6.26
POST00002040,0.0,10.62
POST00000936,0.0,11.94
POST00001443,0.0,7.73
POST00000419,0.0,9.66
POST00000378,0.0,11.76
POST00001003,0.0,4.9
POST00003173,6.385685266762019,2.37
POST00003888,9.184860752638839,8.54
POST00002118,0.0,9.53
POST00000676,0.0,10.0
POST00002642,0.0,7.19
POST00001369,0.0,5.48
POST00002784,11.049798959365429,10.62
POST00001591,0.0,12.3
POST00002935,10.155622921935468,9.7
POST00003812,10.251332596828703,10.58
POST00001675,0.0,6.08
POST00003286,9.510162296627396,11.88
POST00000237,0.0,8.9
POST00000576,0.0,8.96
POST00003904,7.911919930631382,5.38
POST00002106,0.0,10.08
POST00002461,0.0,12.23
POST00001559,0.0,8.59
POST00000213,0.0,12.26
POST00003213,6.6418965518452175,2.55
POST00001375,0.0,13.07
POST00003340,10.508967889777889,10.86
POST00003084,4.434509203324836,4.73
POST00000695,0.0,6.66
POST00002530,0.0,10.89
POST00003775,11.119336882467962,10.58
POST00000352,0.0,10.95
POST00003821,8.993016502606611,7.97
POST00002796,8.133249056132684,6.16
POST00001137,0.0,8.84
POST00002949,11.059986519088293,11.41
POST00003129,8.443975757793412,10.2
POST00001765,0.0,5.23
POST00001446,0.0,12.28
POST00001127,0.0,6.26
POST00000334,0.0,1.8
POST00001929,0.0,7.92
POST00001314,0.0,10.2
POST00000868,0.0,11.69
POST00002598,0.0,8.77
POST00003308,8.807713062906645,10.8
POST00000730,0.0,12.73
POST00002558,0.0,10.26
POST00002599,0.0,10.01
POST00001530,0.0,10.64
POST00003859,10.551922867246612,13.15
POST00001083,0.0,3.93
POST00001338,0.0,11.94
POST00001519,0.0,6.87
POST00000992,0.0,12.9
POST00003344,8.212904874726302,6.25
POST00002083,0.0,9.0
POST00003937,9.86850072201167,8.34
POST00000753,0.0,5.97
POST00002454,0.0,1.22
POST00000736,0.0,12.04
POST00001157,0.0,2.3
POST00000233,0.0,7.71
POST00002158,0.0,8.19
POST00002539,0.0,5.97
POST00001917,0.0,9.17
POST00000528,0.0,9.79
POST00002625,0.0,7.83
POST00003727,8.385124884156284,9.4
POST00002918,9.918786378962086,7.24
POST00001458,0.0,10.12
POST00000881,0.0,5.98
POST00000806,0.0,10.84
POST00002460,0.0,10.5
POST00000270,0.0,3.51
POST00001008,0.0,5.05
POST00003494,9.099263346711208,9.48
POST00002850,8.582776411553882,9.05
POST00002367,0.0,13.22
POST00003538,4.9164746405026705,3.85
POST00003100,5.865880782417927,5.59
POST00001284,0.0,10.65
POST00002946,9.330940246214329,11.9
POST00000804,0.0,2.85
POST00001297,0.0,6.3
POST00001577,0.0,2.16
POST00000023,0.0,8.13
POST00002505,0.0,1.62
POST00002396,0.0,7.11
POST00001720,0.0,7.12
POST00000399,0.0,8.52
POST00002092,0.0,10.23
POST00001202,0.0,8.82
POST00002479,0.0,12.38
POST00003108,8.247532598104227,10.32
POST00001449,0.0,8.91
POST00000484,0.0,5.82
POST00003672,3.839184556549184,3.99
POST00001081,0.0,8.41
POST00000883,0.0,3.13
POST00001967,0.0,5.75
POST00002037,0.0,4.9
POST00001046,0.0,7.33
POST00000865,0.0,9.73
POST00003070,11.023467172015762,12.78
POST00003516,9.29728039880666,8.67
POST00000458,0.0,11.17
POST00000086,0.0,8.67
POST00000523,0.0,8.96
POST00001130,0.0,11.85
POST00002986,4.803401067759207,4.67
POST00002590,0.0,11.73
POST00000441,0.0,9.58
POST00002326,0.0,12.8
POST00001953,0.0,9.05
POST00001015,0.0,8.33
POST00002168,0.0,9.64
POST00000480,0.0,8.86
POST00003036,5.296811175512129,6.28
POST00001289,0.0,8.11
POST00001680,0.0,5.24
POST00002006,0.0,8.44
POST00000823,0.0,10.83
POST00000890,0.0,10.1
POST00003135,11.214357872659049,9.02
POST00001368,0.0,10.96
POST00002364,0.0,8.67
POST00000647,0.0,7.94
POST00003881,10.09450717265712,8.27
POST00000998,0.0,5.55
POST00003621,10.616994204343689,8.35
POST00002250,0.0,7.02
POST00001596,0.0,10.71
POST00003721,10.41771814626356,8.26
POST00003200,9.002964168254833,5.52
POST00002172,0.0,7.69
POST00000278,0.0,11.42
POST00001980,0.0,7.14
POST00001699,0.0,11.08
POST00001186,0.0,11.39
POST00000593,0.0,10.86
POST00000038,0.0,5.8
POST00002302,0.0,9.43
POST00000873,0.0,12.93
POST00002060,0.0,4.2
POST00001718,0.0,4.14
POST00002014,0.0,9.08
POST00003731,11.003290272513368,9.49
POST00000512,0.0,12.26
POST00000083,0.0,13.35
POST00000410,0.0,8.18
POST00003606,8.562849748034154,5.49
POST00003964,9.368713174106519,9.31
POST00000709,0.0,8.16
POST00001073,0.0,8.88
POST00003169,8.805505585779292,10.83
POST00003576,3.353375765660731,2.7
POST00000894,0.0,11.43
POST00002618,0.0,7.05
POST00000137,0.0,4.24
POST00001326,0.0,6.11
POST00002465,0.0,13.06
POST00000502,0.0,5.94
POST00003527,10.890784572608812,10.33
POST00002951,10.177846232854748,10.34
POST00002038,0.0,5.41
POST00003655,5.654984194520749,7.92
POST00000743,0.0,10.65
POST00001006,0.0,10.76
POST00000958,0.0,8.81
POST00002831,7.405898978885628,4.53
POST00001506,0.0,9.75
POST00001657,0.0,12.15
POST00003856,8.963183056868521,7.06
POST00002830,9.523476091595143,9.39
POST00002209,0.0,9.71
POST00002899,6.699947024629646,3.47
POST00000553,0.0,4.04
POST00003502,9.794750837790568,10.76
POST00000682,0.0,8.94
POST00003012,6.590818740562468,7.27
POST00002036,0.0,3.0
POST00002792,8.68137281955821,3.96
POST00002748,0.0,6.91
POST00000711,0.0,5.94
POST00000328,0.0,7.22
POST00001095,0.0,4.53
POST00002494,0.0,2.85
POST00003968,7.720712708637748,7.19
POST00001385,0.0,10.57
POST00002565,0.0,5.21
POST00003926,8.465375531543517,3.34
POST00003090,10.317266925271198,12.68
POST00003051,2.9980405844138174,2.14
POST00003773,9.320917929329344,6.55
POST00001974,0.0,10.64
POST00000765,0.0,6.58
POST00003453,7.15089172229929,6.46
POST00003781,4.946410765160877,5.36
POST00003867,10.502195825923726,10.63
POST00000097,0.0,5.27
POST00001928,0.0,10.94
POST00001622,0.0,10.33
POST00003319,10.117010552863617,6.27
POST00003072,9.059533563562267,10.3
POST00003820,9.481955533714252,12.13
POST00001742,0.0,3.33
POST00002277,0.0,9.31
POST00000803,0.0,3.81
POST00001238,0.0,9.86
POST00001685,0.0,8.75
POST00000779,0.0,8.51
POST00000455,0.0,8.58
POST00001108,0.0,4.17
POST00001012,0.0,10.7
POST00000271,0.0,8.96
POST00002185,0.0,10.79
POST00002349,0.0,9.74
POST00003523,10.388428199918945,12.49
POST00000639,0.0,9.48
POST00001538,0.0,4.74
POST00003289,10.419928481082975,7.33
POST00000578,0.0,3.02
POST00001919,0.0,8.2
POST00001256,0.0,6.6
POST00002556,0.0,9.42
POST00002288,0.0,6.63
POST00003115,11.790040359167094,12.11
POST00002559,0.0,11.95
POST00002700,0.0,9.92
POST00003902,10.08908692665078,9.48
POST00002862,10.658703508524702,6.51
POST00001635,0.0,11.13
POST00002408,0.0,9.66
POST00003616,7.31453168709748,6.59
POST00000319,0.0,10.9
POST00001714,0.0,2.38
POST00002701,0.0,8.79
POST00001751,0.0,10.7
POST00001560,0.0,10.39
POST00002623,0.0,10.13
POST00003376,8.65617697988999,9.35
POST00002346,0.0,5.67
POST00001520,0.0,6.84
POST00000812,0.0,10.35
POST00000375,0.0,6.56
POST00003178,10.418565671316678,10.36
POST00002934,4.552530297992822,4.3
POST00000500,0.0,10.18
POST00002725,0.0,10.78
POST00002948,8.258084698478449,5.89
POST00003657,10.46870897448162,10.78
POST00003966,7.879626759432002,6.21
POST00001617,0.0,4.69
POST00003589,9.609207856735834,10.27
POST00001584,0.0,8.98
POST00000645,0.0,10.97
POST00002214,0.0,5.52
POST00001187,0.0,6.19
POST00003639,2.9843946864661826,1.97
POST00002088,0.0,11.57
POST00002289,0.0,11.92
POST00002900,10.5494424255355,10.19
POST00002596,0.0,10.78
POST00000121,0.0,12.01
POST00002715,0.0,9.91
POST00000228,0.0,4.49
POST00001243,0.0,11.05
POST00001155,0.0,4.44
POST00000333,0.0,10.44
POST00003318,9.65920020206701,7.95
POST00001782,0.0,10.1
POST00000542,0.0,11.65
POST00001824,0.0,9.35
POST00002601,0.0,3.19
POST00002699,0.0,10.54
POST00001191,0.0,12.41
POST00000326,0.0,8.14
POST00003316,9.052301825497516,10.71
POST00003493,9.414059421448709,6.84
POST00001894,0.0,8.76
POST00001271,0.0,9.65
POST00003561,9.273680471257324,7.65
POST00002960,5.281642060635338,4.81
POST00003040,8.844518972094429,8.35
POST00001647,0.0,8.47
POST00002797,8.854240408071462,4.34
POST00000784,0.0,5.98
POST00001803,0.0,6.73
POST00002423,0.0,8.41
POST00002404,0.0,11.96
POST00001759,0.0,8.26
POST00003347,10.632758717586226,8.15
POST00001007,0.0,10.18
POST00003949,8.108007266338728,5.3
POST00001454,0.0,5.32
POST00001674,0.0,9.19
POST00003183,9.953714278855168,7.44
POST00002938,4.194342911862595,7.11
POST00002312,0.0,10.25
POST00001891,0.0,11.31
POST00001932,0.0,4.55
POST00000878,0.0,9.24
POST00002614,0.0,11.07
POST00001260,0.0,9.94
POST00002156,0.0,7.9
POST00003049,4.625502439926729,2.95
POST00000245,0.0,7.03
POST00003810,6.8714217631854,4.05
POST00000748,0.0,10.16
POST00003892,9.353076851193318,8.51
POST00000111,0.0,9.11
POST00003633,6.277438888702353,6.81
POST00000426,0.0,7.41
POST00001943,0.0,11.45
POST00000034,0.0,12.09
POST00002078,0.0,10.3
POST00000104,0.0,7.12
POST00000368,0.0,9.41
POST00002764,9.733789971806605,10.09
POST00002731,0.0,7.54
POST00001808,0.0,8.87
POST00000363,0.0,2.35
POST00000382,0.0,6.77
POST00002065,0.0,9.05
POST00003907,11.1808113219593,10.46
POST00000018,0.0,6.62
POST00000777,0.0,10.86
POST00000782,0.0,6.86
POST00002736,0.0,5.58
POST00001743,0.0,9.75
POST00001867,0.0,7.21
POST00003565,9.13058336748151,12.05
POST00002022,0.0,12.25
POST00001282,0.0,11.36
POST00003335,10.843419148419322,11.39
POST00002619,0.0,8.85
POST00001419,0.0,8.56
POST00001107,0.0,7.71
POST00002941,6.760345556924389,10.6
POST00003484,6.689002703093838,4.17
POST00002897,8.632849938480105,6.57
POST00002295,0.0,12.0
POST00002271,0.0,3.49
POST00000098,0.0,2.42
POST00000114,0.0,7.09
POST00000096,0.0,3.96
POST00002297,0.0,6.12
POST00001860,0.0,8.07
POST00000101,0.0,9.7
POST00003940,8.353557852327413,9.71
POST00002096,0.0,13.24
POST00001090,0.0,1.99
POST00000093,0.0,4.85
POST00002578,0.0,7.43
POST00003954,9.200478732785065,11.32
POST00001036,0.0,7.09
POST00000331,0.0,8.3
POST00001509,0.0,5.52
POST00003671,9.55175693455876,10.2
POST00000756,0.0,10.7
POST00001189,0.0,2.65
POST00002184,0.0,4.32
POST00003327,10.804134538991429,13.26
POST00000509,0.0,9.64
POST00000218,0.0,8.05
POST00001906,0.0,11.67
POST00003959,6.435754819546974,4.35
POST00001958,0.0,9.24
POST00001175,0.0,9.46
POST00000654,0.0,2.01
POST00002199,0.0,12.82
POST00001688,0.0,10.07
POST00002549,0.0,10.58
POST00000389,0.0,13.13
POST00002622,0.0,10.67
POST00003835,10.532777849922986,6.85
POST00003389,10.411125765146123,10.3
POST00002876,5.609120829663441,8.41
POST00003815,9.259791766658527,12.05
POST00002284,0.0,8.94
POST00002119,0.0,4.28
POST00001341,0.0,10.84
POST00001472,0.0,9.43
POST00000589,0.0,7.11
POST00000049,0.0,4.86
POST00001093,0.0,11.76
POST00002275,0.0,4.49
POST00003017,10.165924947038446,8.7
POST00003663,7.18161230058265,4.62
POST00001735,0.0,7.91
POST00002438,0.0,4.84
POST00001395,0.0,10.1
POST00002021,0.0,6.14
POST00000920,0.0,9.25
POST00001430,0.0,11.54
POST00002607,0.0,11.01
POST00000964,0.0,5.53
POST00002676,0.0,13.35
POST00002589,0.0,10.34
POST00003905,7.402931150827973,5.05
POST00003710,2.793101712277279,3.1
POST00000448,0.0,6.88
POST00001344,0.0,6.4
POST00002173,0.0,9.08
POST00002698,0.0,9.6
POST00000201,0.0,9.33
POST00002833,6.522605308039376,2.92
POST00003766,6.941097694154423,3.15
POST00002104,0.0,6.41
POST00001791,0.0,7.62
POST00001477,0.0,12.36
POST00003840,3.3810837098714295,4.33
POST00003328,11.202916347821814,11.16
POST00000229,0.0,1.36
POST00001655,0.0,7.69
POST00002953,7.866952884591603,10.63
POST00002140,0.0,10.74
POST00003960,9.523826258248565,9.67
POST00000693,0.0,10.01
POST00001120,0.0,11.26
POST00002993,8.544977764703894,7.07
POST00000021,0.0,12.12
POST00002177,0.0,9.57
POST00003973,10.348405265799034,10.98
POST00003601,9.781161946171675,11.76
POST00001873,0.0,7.96
POST00000659,0.0,2.21
POST00002587,0.0,7.39
POST00003095,6.837429888880423,7.49
POST00002451,0.0,9.97
POST00003175,7.2649836273360835,3.36
POST00002189,0.0,12.89
POST00000747,0.0,3.32
POST00001488,0.0,10.27
POST00000821,0.0,5.69
POST00000604,0.0,9.44
POST00000956,0.0,6.61
POST00001838,0.0,7.41
POST00002024,0.0,5.78
POST00003995,10.38543784425662,10.69
POST00003021,8.07565246569115,9.22
POST00001634,0.0,11.38
POST00000044,0.0,11.58
POST00001453,0.0,10.79
POST00002216,0.0,3.45
POST00001689,0.0,6.54
POST00000124,0.0,10.96
POST00002492,0.0,2.94
POST00003818,10.671453645753557,9.3
POST00002007,0.0,10.19
POST00003201,10.433429389582054,10.53
POST00002201,0.0,11.39
POST00001678,0.0,6.86
POST00001827,0.0,5.02
POST00002740,0.0,7.67
POST00002342,0.0,9.58
POST00002372,0.0,12.02
POST00003288,5.2799234684897804,4.67
POST00003048,6.350302770337288,7.28
POST00003674,10.887034147117978,13.05
POST00000670,0.0,6.85
POST00002181,0.0,7.01
POST00001328,0.0,3.78
POST00002362,0.0,9.13
POST00003274,8.596237598464583,7.31
POST00000653,0.0,2.96
POST00003223,11.353813577805463,11.29
POST00002550,0.0,5.0
POST00002720,0.0,8.03
POST00000987,0.0,8.26
POST00003786,7.4312378725162835,5.48
POST00000417,0.0,10.47
POST00001181,0.0,10.76
POST00002379,0.0,8.78
POST00002437,0.0,12.53
POST00001287,0.0,10.98
POST00002395,0.0,8.7
POST00002540,0.0,4.0
POST00000745,0.0,8.72
POST00001748,0.0,1.97
POST00000934,0.0,7.83
POST00002308,0.0,10.94
POST00002512,0.0,6.98
POST00001733,0.0,10.77
POST00001312,0.0,5.09
POST00003432,7.7709311664118825,10.48
POST00003382,8.918102999007694,9.17
POST00002771,5.752860429038051,8.13
POST00002084,0.0,4.69
POST00003423,10.193539997677506,10.43
POST00001272,0.0,11.46
POST00003785,9.575129732125589,9.19
POST00001087,0.0,1.27
POST00003177,8.785009142986777,10.2
POST00000515,0.0,3.16
POST00002287,0.0,7.83
POST00002048,0.0,3.21
POST00001590,0.0,5.92
POST00001058,0.0,9.94
POST00001671,0.0,8.92
POST00000813,0.0,2.65
POST00000532,0.0,11.28
POST00001821,0.0,3.25
POST00000510,0.0,7.86
POST00003485,8.194551168588445,8.27
POST00000324,0.0,9.76
POST00000421,0.0,9.34
POST00001868,0.0,4.75
POST00003735,7.488742245195366,5.4
POST00002393,0.0,11.0
POST00002506,0.0,10.9
POST00003354,8.021594847292784,9.05
POST00002128,0.0,10.73
POST00003828,7.830293710989813,11.47
POST00002212,0.0,3.41
POST00003878,9.989559718362534,9.32
POST00002722,0.0,8.43
POST00000230,0.0,8.36
POST00000861,0.0,5.23
POST00002606,0.0,11.55
POST00000986,0.0,8.63
POST00002013,0.0,11.24
POST00002541,0.0,7.78
POST00002091,0.0,7.29
POST00003324,10.09482438341221,11.59
POST00000952,0.0,6.96
POST00000527,0.0,2.52
POST00000151,0.0,7.73
POST00001439,0.0,11.2
POST00003851,10.319560538120642,6.48
POST00000567,0.0,6.36
POST00003092,8.85960305745456,11.04
POST00001574,0.0,4.13
POST00002515,0.0,9.35
POST00002985,7.651567786847186,11.45
POST00000074,0.0,7.18
POST00001637,0.0,9.77
POST00002133,0.0,8.99
POST00002102,0.0,5.92
POST00002466,0.0,7.37
POST00001516,0.0,8.98
POST00000496,0.0,9.05
POST00003038,10.38401822604695,11.4
POST00000513,0.0,10.32
POST00000721,0.0,9.72
POST00001613,0.0,5.29
POST00000165,0.0,9.66
POST00001518,0.0,10.29
POST00003533,9.739857681170365,12.86
POST00001614,0.0,5.11
POST00002842,10.180838410743476,11.89
POST00000650,0.0,10.06
POST00002420,0.0,6.94
POST00001825,0.0,10.17
POST00003804,9.355831192901354,10.16
POST00001448,0.0,3.58
POST00001402,0.0,11.12
POST00001773,0.0,11.56
POST00000993,0.0,11.65
POST00003690,8.354273003547684,5.89
POST00002519,0.0,9.36
POST00001476,0.0,3.06
POST00002072,0.0,10.3
POST00003023,10.815058827208738,8.73
POST00002883,7.708614183734614,10.54
POST00000341,0.0,9.42
POST00003890,10.91925622249235,10.21
POST00001228,0.0,1.36
POST00003002,7.5801662188452275,3.21
POST00002093,0.0,8.62
POST00002018,0.0,10.89
POST00003137,8.615662494105216,9.84
POST00002004,0.0,13.2
POST00001626,0.0,9.21
POST00001744,0.0,10.9
POST00000234,0.0,6.11
POST00000815,0.0,10.0
POST00001862,0.0,10.14
POST00002991,9.27425271157896,12.0
POST00003470,5.999156763853908,8.03
POST00002628,0.0,5.55
POST00000955,0.0,7.59
POST00000310,0.0,3.2
POST00002783,7.364087875106335,10.28
POST00001190,0.0,10.93
POST00003957,10.047279328650376,10.84
POST00000832,0.0,6.28
POST00001710,0.0,3.6
POST00000488,0.0,10.41
POST00002110,0.0,8.16
POST00000401,0.0,4.38
POST00001029,0.0,11.55
POST00003005,4.583492395172156,6.78
POST00002629,0.0,7.52
POST00001431,0.0,5.45
POST00002478,0.0,12.83
POST00001766,0.0,10.37
POST00001996,0.0,6.11
POST00001537,0.0,7.26
POST00000622,0.0,9.62
POST00000835,0.0,5.92
POST00001223,0.0,6.0
POST00002839,11.85567972424094,10.34
POST00003852,10.834403925378552,10.5
POST00001730,0.0,10.05
POST00003216,7.9583079578981755,8.14
POST00001484,0.0,9.73
POST00001976,0.0,10.46
POST00000724,0.0,11.47
POST00000811,0.0,6.03
POST00002733,0.0,11.93
POST00000943,0.0,12.45
POST00001205,0.0,3.34
POST00000046,0.0,10.67
POST00000141,0.0,12.26
POST00001193,0.0,11.19
POST00001910,0.0,5.58
POST00003908,5.782308696321337,6.82
POST00003508,10.654182386335936,12.82
POST00002894,10.398504389320685,9.05
POST00001106,0.0,10.27
POST00002957,7.6878977133183515,8.41
POST00000269,0.0,5.47
POST00002329,0.0,4.28
POST00001194,0.0,11.59
POST00000775,0.0,9.58
POST00003652,8.788888175529376,10.34
POST00001462,0.0,1.36
POST00003270,7.6261758538220334,7.67
POST00001536,0.0,10.59
POST00002031,0.0,8.08
POST00000928,0.0,9.52
POST00003515,7.926106307747885,5.07
POST00001741,0.0,11.08
POST00000978,0.0,13.35
POST00000005,0.0,5.93
POST00000826,0.0,2.52
POST00003088,9.108290508594266,9.75
POST00000685,0.0,8.18
POST00003715,8.112529569154006,11.53
POST00002581,0.0,6.02
POST00002467,0.0,7.95
POST00000543,0.0,10.19
POST00002087,0.0,8.53
POST00002696,0.0,3.83
POST00001486,0.0,5.01
POST00001032,0.0,4.74
POST00000223,0.0,8.96
POST00002915,7.6829656669076964,7.33
POST00002447,0.0,9.73
POST00000909,0.0,2.28
POST00002933,8.417589025003016,10.83
POST00003719,10.396980274245589,12.04
POST00003903,8.733916630656179,9.72
POST00001068,0.0,4.86
POST00000394,0.0,6.51
POST00001292,0.0,8.96
POST00002380,0.0,5.7
POST00003611,9.05269883898112,13.26
POST00002909,5.37662384060105,7.23
POST00000731,0.0,9.3
POST00001816,0.0,8.34
POST00000899,0.0,9.49
POST00001056,0.0,11.0
POST00003254,7.09442573813548,6.46
POST00001992,0.0,11.09
POST00003833,10.136180654255016,6.24
POST00003375,9.667819302962219,11.26
POST00002638,0.0,8.55
POST00003436,11.555157702564554,10.95
POST00001851,0.0,9.99
POST00001942,0.0,8.41
POST00000980,0.0,6.12
POST00003495,10.20186747113903,10.9
POST00001219,0.0,10.28
POST00001585,0.0,9.2
POST00002418,0.0,11.27
POST00001531,0.0,6.73
POST00000939,0.0,11.48
POST00002124,0.0,12.66
POST00003814,10.176052366954378,7.04
POST00003452,3.8609769681058,3.48
POST00000051,0.0,8.3
POST00002711,0.0,11.64
POST00001161,0.0,11.62
POST00002573,0.0,6.59
POST00002579,0.0,6.58
POST00002330,0.0,6.81
POST00003139,8.782271018319458,12.21
POST00003510,5.141462347293874,4.4
POST00001146,0.0,2.34
POST00001091,0.0,9.71
POST00001951,0.0,5.86
POST00001466,0.0,9.12
POST00001691,0.0,9.02
POST00002373,0.0,8.85
POST00002877,8.816642001453442,11.96
POST00003022,5.087784301924591,1.97
POST00001221,0.0,11.38
POST00000007,0.0,3.71
POST00001670,0.0,10.02
POST00002099,0.0,8.63
POST00002901,10.117194569308882,4.95
POST00000672,0.0,6.56
POST00003464,8.747978987915413,7.29
POST00001829,0.0,8.07
POST00003465,11.839473530047622,9.99
POST00001334,0.0,7.82
POST00002891,9.08230363008543,12.23
POST00002477,0.0,4.11
POST00000967,0.0,10.87
POST00002005,0.0,6.05
POST00003764,7.539489707877992,10.25
POST00001057,0.0,4.69
POST00002668,0.0,7.05
POST00003567,10.19351921096388,8.08
POST00002472,0.0,10.76
POST00001986,0.0,7.94
POST00003409,8.99927779501632,9.86
POST00001638,0.0,6.0
POST00000990,0.0,3.84
POST00000295,0.0,10.49
POST00003078,9.324226845471639,7.26
POST00003695,4.976719294469031,5.38
POST00003006,7.690555015686959,8.3
POST00003264,8.005821804642453,10.09
POST00002660,0.0,7.05
POST00003826,2.8638166767522106,2.56
POST00001024,0.0,5.64
POST00001500,0.0,8.02
POST00000912,0.0,7.16
POST00003723,9.800354080728793,12.05
POST00002881,11.147550596829022,11.2
POST00001532,0.0,9.44
POST00001465,0.0,11.64
POST00000088,0.0,5.97
POST00001236,0.0,8.94
POST00002888,3.3886243626903507,5.67
POST00000908,0.0,11.2
POST00002223,0.0,3.02
POST00001601,0.0,1.4
POST00001001,0.0,6.23
POST00002973,7.144395479176957,5.76
POST00002116,0.0,1.74
POST00000464,0.0,9.78
POST00001407,0.0,3.59
POST00002137,0.0,11.79
POST00001600,0.0,9.82
POST00002790,6.4164915320200935,6.05
POST00002569,0.0,4.18
POST00002074,0.0,8.06
POST00000473,0.0,8.65
POST00001263,0.0,2.09
POST00003251,6.202831102286186,6.08
POST00000469,0.0,4.93
POST00003692,5.809821216869881,6.93
POST00000655,0.0,7.79
POST00001995,0.0,6.07
POST00000456,0.0,8.92
POST00003996,9.125030552537794,4.13
POST00002424,0.0,7.92
POST00000705,0.0,9.18
POST00000291,0.0,3.89
POST00002245,0.0,11.72
POST00000467,0.0,6.46
POST00000279,0.0,5.95
POST00003360,3.975410287057133,6.0
POST00003782,9.385095527611378,10.63
POST00001672,0.0,10.88
POST00002217,0.0,5.53
POST00000162,0.0,8.98
POST00001815,0.0,7.31
POST00003426,7.945775608058414,10.32
POST00002384,0.0,8.84
POST00003076,8.888449383288448,9.94
POST00003326,9.74949955690975,8.57
POST00001629,0.0,5.39
POST00002480,0.0,10.44
POST00001909,0.0,6.66
POST00003860,7.460331068296595,5.13
POST00003758,8.918085395792415,9.12
POST00001283,0.0,11.96
POST00001357,0.0,9.46
POST00000923,0.0,4.31
POST00002365,0.0,11.82
POST00000886,0.0,7.41
POST00000100,0.0,1.5
POST00002603,0.0,12.42
POST00001987,0.0,10.27
POST00003974,10.07754561581934,9.31
POST00001944,0.0,3.39
POST00000794,0.0,12.15
POST00000400,0.0,5.79
POST00003554,9.607277917271832,10.83
POST00002030,0.0,8.02
POST00002634,0.0,6.89
POST00001738,0.0,6.67
POST00001094,0.0,11.05
POST00002101,0.0,10.2
POST00000788,0.0,3.47
POST00000037,0.0,9.8
POST00001969,0.0,10.97
POST00000669,0.0,12.95
POST00001878,0.0,12.01
POST00001377,0.0,9.42
POST00000242,0.0,2.15
POST00000652,0.0,10.32
POST00002870,8.938917229012015,10.13
POST00001667,0.0,13.15
POST00002049,0.0,11.12
POST00003558,6.356267241315206,4.07
POST00001572,0.0,10.97
POST00000303,0.0,12.67
POST00002309,0.0,9.36
POST00001903,0.0,8.88
POST00001429,0.0,11.93
POST00003267,11.09015244053263,9.65
POST00002610,0.0,6.6
POST00001396,0.0,7.24
POST00001172,0.0,8.91
POST00000696,0.0,3.18
POST00003884,10.042381528353765,7.17
POST00003054,7.262651671280957,7.91
POST00003699,9.766988839665519,9.14
POST00001038,0.0,9.77
POST00001863,0.0,9.95
POST00002375,0.0,6.07
POST00003428,10.880376199950724,11.7
POST00001805,0.0,9.36
POST00003463,9.37895202659634,11.21
POST00003312,8.970394796180736,5.52
POST00000684,0.0,5.16
POST00001132,0.0,7.58
POST00002179,0.0,4.55
POST00001962,0.0,6.82
POST00003224,11.142814173718993,12.41
POST00002834,8.981114215754843,10.91
POST00001096,0.0,10.57
POST00003836,10.216081044751553,9.08
POST00001239,0.0,10.62
POST00001756,0.0,5.06
POST00002414,0.0,10.9
POST00003307,10.023463832168943,10.65
POST00001479,0.0,10.8
POST00000332,0.0,7.31
POST00000771,0.0,5.97
POST00002306,0.0,11.57
POST00003469,10.972389193554442,10.99
POST00003301,8.720655873266539,9.67
POST00001556,0.0,8.1
POST00003293,8.63067602486354,8.63
POST00001515,0.0,6.28
POST00000529,0.0,6.67
POST00001966,0.0,7.78
POST00002804,7.132443682740696,5.65
POST00002955,8.324135250705028,8.95
POST00001150,0.0,10.59
POST00003315,10.279599263180227,10.7
POST00000761,0.0,12.02
POST00000885,0.0,13.14
POST00002457,0.0,11.46
POST00002641,0.0,13.35
POST00001813,0.0,5.05
POST00000073,0.0,12.37
POST00000314,0.0,9.36
POST00003500,11.595564615864717,13.35
POST00003505,10.928535218714508,11.82
POST00003125,9.566978836086296,7.05
POST00002154,0.0,8.44
POST00000944,0.0,6.93
POST00001918,0.0,9.51
POST00003290,9.218162039885177,11.79
POST00000224,0.0,10.58
POST00003802,8.68716514249969,10.13
POST00003001,6.720724878610215,4.9
POST00002821,8.080957247835647,9.7
POST00001051,0.0,9.0
POST00001543,0.0,2.46
POST00001558,0.0,4.35
POST00002730,0.0,2.16
POST00000393,0.0,9.92
POST00001109,0.0,10.05
POST00003427,7.719595688931943,5.09
POST00000048,0.0,8.32
POST00001857,0.0,8.93
POST00000516,0.0,6.51
POST00003761,9.712077656441474,12.33
POST00003805,7.840655936220765,8.82
POST00001923,0.0,9.65
POST00002242,0.0,9.67
POST00003754,8.156526012585784,7.14
POST00003156,8.41869320424468,7.73
POST00001281,0.0,5.6
POST00000667,0.0,11.1
POST00002090,0.0,5.85
POST00002553,0.0,8.32
POST00001684,0.0,11.2
POST00000563,0.0,10.91
POST00003299,8.568771164137454,9.78
POST00003105,5.748676070249616,8.97
POST00003499,9.228552212025098,10.76
POST00002729,0.0,7.39
POST00003790,7.181183280588054,9.25
POST00000188,0.0,9.79
POST00002386,0.0,7.31
POST00002656,0.0,3.45
POST00002763,10.105722641100575,11.15
POST00003074,3.964073127419508,3.56
POST00002773,7.393577291490071,6.49
POST00002023,0.0,11.62
POST00002015,0.0,3.94
POST00002679,0.0,8.68
POST00002231,0.0,10.63
POST00003784,11.02914967007477,11.12
POST00003405,9.07383695336858,9.58
POST00000597,0.0,9.06
POST00001686,0.0,1.65
POST00003993,9.122199363531244,9.74
POST00000580,0.0,9.05
POST00001333,0.0,9.62
POST00003371,2.6101996344138954,2.53
POST00003985,10.05667086701907,9.1
POST00002286,0.0,10.58
POST00003383,7.139398089717876,8.59
POST00000857,0.0,11.83
POST00002233,0.0,7.47
POST00003032,6.616560900759313,9.69
POST00002650,0.0,7.82
POST00003530,10.904694717619908,12.29
POST00003535,7.934623743502107,10.66
POST00001399,0.0,2.01
POST00000185,0.0,11.79
POST00002666,0.0,9.65
POST00001370,0.0,12.15
POST00002970,7.2643452020304355,9.73
POST00003229,10.841757407561742,12.72
POST00000055,0.0,10.38
POST00002350,0.0,10.68
POST00000323,0.0,8.12
POST00003546,9.088878914609607,10.85
POST00002238,0.0,10.92
POST00000355,0.0,4.21
POST00003729,8.923728673885925,9.83
POST00003473,7.579404278007948,8.88
POST00002716,0.0,3.79
POST00003915,9.570351100806985,8.78
POST00002534,0.0,7.91
POST00002220,0.0,4.64
POST00003461,6.919774518353438,3.79
POST00003891,5.859857487741797,5.86
POST00002256,0.0,10.63
POST00003365,11.425693092253892,13.21
POST00002213,0.0,8.97
POST00003182,11.23625209948757,12.11
POST00002521,0.0,10.36
POST00000288,0.0,6.05
POST00000297,0.0,1.78
POST00002138,0.0,7.72
POST00002958,4.208481654594697,3.38
POST00000318,0.0,1.98
POST00000552,0.0,5.46
POST00003235,9.694671854214434,8.27
POST00000408,0.0,3.84
POST00002296,0.0,9.2
POST00003199,9.136347008768986,8.74
POST00003630,8.989469769951077,12.13
POST00000701,0.0,5.76
POST00002808,9.986872639958692,11.85
POST00001498,0.0,9.05
POST00002697,0.0,9.19
POST00000574,0.0,6.46
POST00003081,7.73499221732484,6.49
POST00003325,6.9506260615601905,8.05
POST00003131,7.416530475917554,9.96
POST00003933,11.0196278094011,10.65
POST00002360,0.0,7.96
POST00001216,0.0,4.41
POST00002905,8.66420913655795,12.2
POST00000095,0.0,12.44
POST00001408,0.0,9.35
POST00001420,0.0,7.91
POST00001541,0.0,2.45
POST00000749,0.0,9.82
POST00003586,9.875848894544905,9.11
POST00001110,0.0,7.39
POST00001750,0.0,5.84
POST00000772,0.0,7.12
POST00002247,0.0,11.2
POST00001701,0.0,6.69
POST00002126,0.0,8.97
POST00001631,0.0,7.22
POST00001206,0.0,1.45
POST00000059,0.0,5.41
POST00002735,0.0,9.47
POST00000195,0.0,10.05
POST00002260,0.0,10.18
POST00000607,0.0,9.59
POST00002585,0.0,8.81
POST00003004,8.43569331499374,8.81
POST00000609,0.0,4.7
POST00002052,0.0,5.48
POST00000606,0.0,9.72
POST00001011,0.0,6.54
POST00002100,0.0,8.01
POST00000630,0.0,12.95
POST00003823,8.025399193540716,5.69
POST00001770,0.0,6.77
POST00003367,9.036633409226745,12.26
POST00000377,0.0,10.19
POST00000791,0.0,11.28
POST00002443,0.0,8.15
POST00002820,10.18630838711139,6.75
POST00001881,0.0,6.9
POST00000143,0.0,10.3
POST00001384,0.0,5.38
POST00002182,0.0,11.53
POST00002652,0.0,2.72
POST00001227,0.0,11.44
POST00000198,0.0,11.22
POST00001218,0.0,9.68
POST00003112,8.145404704827591,8.78
POST00002211,0.0,2.64
POST00001209,0.0,5.09
POST00002336,0.0,10.91
POST00002334,0.0,8.14
POST00000028,0.0,5.28
POST00003450,9.299769743811495,10.03
POST00002095,0.0,8.21
POST00001931,0.0,5.35
POST00003258,8.341917442791617,11.54
POST00002161,0.0,3.57
POST00001102,0.0,6.68
POST00002778,9.518904694281385,10.93
POST00003806,9.211740777492848,8.37
POST00001544,0.0,10.78
POST00003366,5.208164151535698,5.45
POST00002139,0.0,5.99
POST00000871,0.0,4.39
POST00003147,8.100933624236076,8.71
POST00003080,10.044586630223044,11.75
POST00001623,0.0,13.07
POST00000664,0.0,6.55
POST00002645,0.0,5.46
POST00002341,0.0,6.33
POST00000579,0.0,9.91
POST00003705,9.04979818643528,8.3
POST00000284,0.0,6.05
POST00001168,0.0,11.72
POST00000189,0.0,5.4
POST00001467,0.0,3.27
POST00003020,10.215376809065617,12.46
POST00002058,0.0,8.05
POST00000383,0.0,10.8
POST00003506,10.58530019921942,8.02
POST00003746,8.31519697317643,7.69
POST00000746,0.0,7.98
POST00000490,0.0,10.9
POST00003944,6.592214520641283,4.27
POST00001837,0.0,9.87
POST00002781,8.323858715008477,6.95
POST00000181,0.0,12.06
POST00003337,8.086809091681943,4.93
POST00000125,0.0,11.57
POST00000843,0.0,12.25
POST00001767,0.0,6.38
POST00001461,0.0,9.21
POST00000816,0.0,7.24
POST00003717,10.50639855779967,10.1
POST00000876,0.0,8.91
POST00003803,10.615147708774387,11.41
POST00002828,10.351203620442837,11.69
POST00003689,7.851009406210906,4.38
POST00000080,0.0,6.96
POST00000466,0.0,10.94
POST00003198,3.581044914924253,2.24
POST00000962,0.0,3.07
POST00000872,0.0,13.21
POST00003514,10.652245025419491,10.41
POST00000072,0.0,6.06
POST00001261,0.0,9.94
POST00001814,0.0,4.77
POST00001020,0.0,9.78
POST00000621,0.0,8.36
POST00000268,0.0,3.39
POST00003845,7.470422794466849,5.29
POST00002823,8.489314012506052,10.75
POST00000643,0.0,9.47
POST00001812,0.0,10.17
POST00000481,0.0,6.96
POST00003886,8.270848037106044,8.75
POST00003443,5.365485046453209,3.95
POST00003268,11.00547813188073,13.35
POST00003763,10.576263321017343,12.52
POST00002782,6.970909597382696,10.3
POST00002692,0.0,4.23
POST00003013,9.208641337510224,11.2
POST00001116,0.0,2.34
POST00000391,0.0,11.8
POST00003679,9.04655107221608,4.68
POST00000330,0.0,12.52
POST00003999,8.422872334496542,8.19
POST00002902,10.864495043975381,12.58
POST00003777,10.666436808611376,9.84
POST00002374,0.0,10.27
POST00002109,0.0,8.76
POST00002500,0.0,8.67
POST00002597,0.0,10.87
POST00000094,0.0,6.5
POST00001890,0.0,10.38
POST00001645,0.0,5.16
POST00000781,0.0,7.57
POST00002841,11.437148779294102,11.28
POST00003610,9.603297661657733,11.23
POST00002840,7.636735799325772,7.94
POST00000679,0.0,7.62
POST00001405,0.0,10.37
POST00002713,0.0,7.03
POST00002523,0.0,3.59
POST00003474,7.777631742932595,6.93
POST00003149,10.662362328031543,10.04
POST00000838,0.0,11.46
POST00003496,9.928543062343733,11.51
POST00003050,9.59910398874177,11.02
POST00002608,0.0,3.57
POST00001648,0.0,8.94
POST00001078,0.0,11.42
POST00000535,0.0,4.28
POST00001783,0.0,12.19
POST00000219,0.0,5.86
POST00001771,0.0,6.12
POST00003207,9.351620052363186,10.05
POST00003406,8.734687353475474,8.63
POST00000443,0.0,8.0
POST00003598,8.803215606898576,12.15
POST00001182,0.0,11.2
POST00002567,0.0,9.14
POST00003986,2.998353221269367,4.24
POST00000036,0.0,5.68
POST00003600,8.64553637889547,6.33
POST00002602,0.0,10.91
POST00003333,6.724793894299573,7.42
POST00000933,0.0,11.69
POST00003697,9.230194500466359,7.87
POST00003498,10.847785313648814,9.8
POST00003751,9.974160651063414,8.07
POST00001950,0.0,6.71
POST00001752,0.0,11.82
POST00001747,0.0,9.99
POST00000852,0.0,6.62
POST00003399,8.663859416346344,10.13
POST00003787,10.64218868615113,11.92
POST00001833,0.0,10.46
POST00002322,0.0,9.13
POST00000827,0.0,13.11
POST00002307,0.0,10.1
POST00000792,0.0,5.49
POST00003477,10.021175631763596,11.91
POST00002787,6.505938571712384,7.07
POST00001615,0.0,7.19
POST00003869,9.452534333572892,11.95
POST00003678,9.106715412910013,8.45
POST00002686,0.0,4.09
POST00001736,0.0,11.5
POST00001724,0.0,8.85
POST00001042,0.0,3.21
POST00003726,6.516555393900004,4.44
POST00002324,0.0,10.51
POST00003562,9.34713605836203,9.78
POST00001769,0.0,11.11
POST00003377,6.870550573158516,3.46
POST00003872,9.095869170466834,7.98
POST00002689,0.0,7.1
POST00003895,8.077276537886425,8.24
POST00001177,0.0,5.55
POST00003181,11.773208690065378,13.07
POST00002351,0.0,5.92
POST00000128,0.0,10.5
POST00001627,0.0,11.4
POST00000602,0.0,11.86
POST00000584,0.0,9.57
POST00002294,0.0,2.95
POST00002988,11.35709450505751,11.71
POST00001887,0.0,7.14
POST00000449,0.0,5.51
POST00003114,8.684004066329047,9.61
POST00002439,0.0,8.87
POST00000054,0.0,9.92
POST00001311,0.0,5.74
POST00001535,0.0,6.85
POST00002315,0.0,10.55
POST00002678,0.0,7.3
POST00002320,0.0,5.5
POST00003668,10.773840387988521,8.96
POST00002752,0.0,11.0
POST00002990,10.81600015445519,6.14
POST00003102,3.996245354934958,4.65
POST00000663,0.0,12.34
POST00001763,0.0,11.15
POST00000085,0.0,4.48
POST00002234,0.0,11.51
POST00002143,0.0,7.12
POST00000462,0.0,8.3
POST00002159,0.0,6.13
POST00001840,0.0,2.48
POST00003712,9.291632484267756,10.83
POST00003958,8.359382507174564,7.35
POST00001482,0.0,3.9
POST00001179,0.0,6.91
POST00001896,0.0,10.93
POST00000918,0.0,10.36
POST00001713,0.0,7.3
POST00003909,2.5806489727221216,1.55
POST00002959,9.662601750715115,8.37
POST00000996,0.0,10.64
POST00002674,0.0,9.41
POST00001198,0.0,3.22
POST00003034,9.178737366883562,6.71
POST00002145,0.0,2.67
POST00002218,0.0,6.75
POST00001346,0.0,4.51
POST00001978,0.0,7.93
POST00002120,0.0,2.33
POST00002718,0.0,10.91
POST00001588,0.0,9.22
POST00001440,0.0,10.74
POST00000173,0.0,7.58
POST00000139,0.0,7.3
POST00000358,0.0,5.94
POST00002908,6.568531207036989,5.78
POST00003998,8.551106924759056,10.55
POST00000447,0.0,7.48
POST00002944,4.9169770775654555,5.27
POST00002450,0.0,7.6
POST00003636,10.152555752567737,11.34
POST00003069,3.034859366701725,3.55
POST00001768,0.0,5.81
POST00000713,0.0,5.74
POST00000465,0.0,10.95
POST00002664,0.0,12.03
POST00000451,0.0,10.78
POST00000471,0.0,6.54
POST00002378,0.0,12.63
POST00003632,9.124032913968806,11.73
POST00002222,0.0,3.61
POST00000953,0.0,11.15
POST00001595,0.0,10.5
POST00003956,5.7568589211952155,6.75
POST00002229,0.0,12.88
POST00000463,0.0,10.22
POST00002493,0.0,11.14
POST00003654,10.038056994383842,7.72
POST00001280,0.0,2.88
POST00003825,8.322129188149143,6.66
POST00000723,0.0,9.01
POST00002237,0.0,10.33
POST00001125,0.0,7.39
POST00002155,0.0,10.87
POST00001173,0.0,2.97
POST00000657,0.0,7.0
POST00000631,0.0,1.87
POST00000738,0.0,5.94
POST00002868,7.690140051611003,6.4
POST00000818,0.0,7.51
POST00001660,0.0,5.69
POST00003363,9.629864313715107,9.61
POST00001707,0.0,12.03
POST00000435,0.0,12.87
POST00001076,0.0,3.34
POST00001309,0.0,10.68
POST00001737,0.0,2.63
POST00002086,0.0,13.01
POST00002744,0.0,7.31
POST00003640,11.027971259926147,10.2
POST00001067,0.0,12.2
POST00001185,0.0,9.43
POST00002067,0.0,8.46
POST00001275,0.0,9.01
POST00002659,0.0,7.27
POST00003623,4.079433753223698,7.52
POST00003875,8.714918932375841,9.33
POST00001363,0.0,9.93
POST00000531,0.0,1.22
POST00000688,0.0,9.73
POST00002440,0.0,10.9
POST00002961,10.120485413713904,10.73
POST00002520,0.0,7.68
POST00001922,0.0,10.27
POST00002221,0.0,9.44
POST00001856,0.0,10.47
POST00003543,10.405412712663324,11.99
POST00002816,7.5866244108590895,10.93
POST00001356,0.0,11.79
POST00002332,0.0,10.67
POST00003641,7.427279573392833,3.51
POST00003681,8.21057274090745,7.55
POST00003332,9.657482353311794,10.14
POST00002369,0.0,7.55
POST00000689,0.0,10.25
POST00000902,0.0,4.82
POST00000879,0.0,11.83
POST00001050,0.0,8.35
POST00002017,0.0,3.88
POST00002872,7.650940992751156,8.44
POST00001512,0.0,5.78
POST00001000,0.0,2.15
POST00002358,0.0,1.62
POST00003551,11.155740347290806,11.67
POST00002810,11.780368750832764,9.72
POST00001266,0.0,6.0
POST00001723,0.0,8.2
POST00000163,0.0,7.26
POST00001550,0.0,9.57
POST00002337,0.0,13.35
POST00000661,0.0,6.64
POST00002029,0.0,6.46
POST00000158,0.0,6.86
POST00002813,7.446887849452785,6.83
POST00000482,0.0,11.38
POST00002903,9.840247152232191,10.52
POST00003507,9.952764225227602,9.28
POST00000062,0.0,9.57
POST00000106,0.0,9.33
POST00000032,0.0,8.94
POST00001904,0.0,12.97
POST00001166,0.0,12.01
POST00003871,10.341448696180759,10.94
POST00000099,0.0,5.12
POST00000231,0.0,11.18
POST00003858,10.306753561278498,11.21
POST00000168,0.0,4.27
POST00001027,0.0,9.55
POST00001822,0.0,10.3
POST00000544,0.0,9.75
POST00002164,0.0,2.23
POST00003703,2.6164828869020074,3.16
POST00002761,6.564584786435645,6.34
POST00001885,0.0,10.24
POST00001122,0.0,3.4
POST00003321,7.164149807771718,5.08
POST00000735,0.0,8.25
POST00000360,0.0,6.14
POST00002416,0.0,5.57
POST00001777,0.0,7.67
POST00002826,6.503625492669073,3.74
POST00003458,8.766736189060516,9.87
POST00001875,0.0,10.34
POST00000470,0.0,8.43
POST00001566,0.0,8.46
POST00000053,0.0,11.58
POST00001528,0.0,8.97
POST00001911,0.0,7.42
POST00003518,6.110418592682407,8.58
POST00003536,8.418210828005465,6.64
POST00002012,0.0,11.48
POST00001085,0.0,5.99
POST00001946,0.0,10.68
POST00000117,0.0,7.48
POST00003701,8.55485241162485,6.8
POST00002683,0.0,8.79
POST00000155,0.0,12.61
POST00002651,0.0,5.55
POST00002405,0.0,10.82
POST00001679,0.0,8.39
POST00002455,0.0,7.12
POST00000311,0.0,13.07
POST00003843,9.954800873254133,11.81
POST00001305,0.0,7.74
POST00000081,0.0,10.22
POST00001296,0.0,11.3
POST00002034,0.0,8.45
POST00001315,0.0,4.85
POST00001359,0.0,10.88
POST00001005,0.0,10.85
POST00000384,0.0,8.97
POST00003098,9.847532678012621,9.58
POST00003256,11.255985669996285,11.49
POST00003351,9.79208732067254,11.34
POST00001009,0.0,8.45
POST00000359,0.0,9.61
POST00001784,0.0,11.36
POST00000793,0.0,8.21
POST00002924,7.6624543702864,5.34
POST00002305,0.0,7.94
POST00001111,0.0,1.89
POST00003861,2.7801873239721973,2.26
POST00003837,10.986394671406988,13.17
POST00001434,0.0,3.61
POST00000182,0.0,4.22
POST00000982,0.0,9.87
POST00002570,0.0,8.13
POST00001580,0.0,5.61
POST00000235,0.0,11.02
POST00003918,10.508474951240254,10.23
POST00000272,0.0,3.21
POST00001569,0.0,7.99
POST00000344,0.0,5.19
POST00002630,0.0,6.46
POST00002916,9.123050308486022,11.1
POST00000366,0.0,8.72
POST00001391,0.0,12.76
POST00001171,0.0,4.54
POST00002224,0.0,9.97
POST00001491,0.0,12.18
POST00003603,10.116626276040776,7.44
POST00000859,0.0,11.27
POST00003124,9.302927746435275,7.95
POST00003158,9.689845087940903,9.33
POST00000810,0.0,6.06
POST00000875,0.0,7.3
POST00000715,0.0,9.99
POST00000390,0.0,12.33
POST00003472,9.415764956068307,5.03
POST00000884,0.0,4.98
POST00003584,7.33199015153306,6.53
POST00002062,0.0,6.11
POST00003778,9.073318599514897,12.05
POST00000541,0.0,10.69
POST00001086,0.0,7.58
POST00000371,0.0,11.25
POST00002488,0.0,9.68
POST00003417,3.9064932109433803,4.72
POST00002687,0.0,10.68
POST00001268,0.0,10.2
POST00000020,0.0,7.39
POST00003948,9.468822091633209,11.51
POST00001661,0.0,2.2
POST00003320,10.83407307048185,10.13
POST00001034,0.0,4.43
POST00003744,6.009458573556142,5.87
POST00001378,0.0,11.64
POST00002165,0.0,2.87
POST00002632,0.0,5.86
POST00002859,9.832642019740673,9.96
POST00000981,0.0,9.42
POST00000638,0.0,8.41
POST00002529,0.0,12.3
POST00002278,0.0,5.61
POST00002690,0.0,8.22
POST00000729,0.0,8.93
POST00000014,0.0,11.59
POST00003605,7.018955692695059,5.68
POST00003157,8.2503342153317,8.96
POST00003989,8.183491888277354,9.85
POST00003811,9.134574175390979,8.52
POST00001555,0.0,10.83
POST00003648,8.308734173245105,2.95
POST00003750,9.659915445911423,6.37
POST00000404,0.0,9.97
POST00002148,0.0,4.71
POST00003665,10.786047742854667,11.24
POST00002795,6.448199919009989,3.2
POST00000610,0.0,8.64
POST00000090,0.0,12.41
POST00001483,0.0,11.77
POST00001143,0.0,9.46
POST00001220,0.0,9.27
POST00001511,0.0,1.22
POST00002931,8.633766377811368,9.36
POST00003273,8.2556756451239,6.04
POST00003211,10.256024674284735,11.16
POST00000161,0.0,4.91
POST00003979,6.591142311229037,5.5
POST00000296,0.0,8.61
POST00000495,0.0,4.03
POST00002849,7.464241483676944,4.18
POST00001307,0.0,11.04
POST00003192,6.543038378645159,9.58
POST00001162,0.0,9.61
POST00001039,0.0,6.16
POST00003433,9.993334655898007,12.27
POST00001148,0.0,7.44
POST00002965,6.110020993722847,5.54
POST00000844,0.0,8.82
POST00000004,0.0,1.93
POST00002339,0.0,5.86
POST00003503,10.591107129226389,12.4
POST00002789,2.8741121234024103,3.04
POST00002858,3.519743833862547,2.43
POST00001306,0.0,8.2
POST00002303,0.0,9.68
POST00000860,0.0,10.48
POST00002544,0.0,12.2
POST00001234,0.0,10.72
POST00001594,0.0,7.92
POST00002851,10.175221795797142,10.6
POST00003130,9.644902663243755,6.55
POST00002279,0.0,6.67
POST00000903,0.0,9.33
POST00000123,0.0,7.11
POST00000446,0.0,11.26
POST00003539,7.028086664810633,6.61
POST00002777,11.055162872428268,10.12
POST00000003,0.0,11.08
POST00002345,0.0,10.2
POST00001324,0.0,9.84
POST00003134,6.460683251177693,7.25
POST00001041,0.0,7.37
POST00002937,9.722126253790325,10.69
POST00000848,0.0,11.27
POST00003552,11.46426891743524,11.89
POST00003291,10.947998244441452,12.57
POST00003618,7.828986499179251,3.71
POST00002721,0.0,9.87
POST00001597,0.0,10.37
POST00003419,9.811231042973628,10.15
POST00003807,8.934696196357844,11.25
POST00000565,0.0,10.46
POST00000132,0.0,8.82
POST00000751,0.0,9.13
POST00001380,0.0,4.46
POST00001939,0.0,6.09
POST00001706,0.0,8.42
POST00003395,9.549017807435318,8.67
POST00001806,0.0,12.95
POST00003604,8.409836752681612,8.86
POST00002323,0.0,10.34
POST00000514,0.0,7.96
POST00003161,4.000741595528233,1.8
POST00002243,0.0,9.38
POST00001153,0.0,3.73
POST00003882,9.444053948815476,7.69
POST00003992,10.261572891598044,8.18
POST00002518,0.0,9.62
POST00001138,0.0,11.6
POST00003592,8.52188319252053,6.75
POST00002394,0.0,7.38
POST00002285,0.0,3.53
POST00003109,8.674133148584385,9.0
POST00003028,11.409165726841866,12.19
POST00002462,0.0,4.36
POST00000889,0.0,4.71
POST00000947,0.0,8.87
POST00002207,0.0,9.24
POST00000774,0.0,10.77
POST00003597,10.487213348222877,10.87
POST00003381,7.8515811679470735,7.47
POST00003776,7.2932235510433046,9.58
POST00002914,8.841371985361823,11.8
POST00002135,0.0,2.85
POST00002662,0.0,9.72
POST00003847,6.529919887297718,7.73
POST00002008,0.0,9.83
POST00002968,10.50997562610708,9.94
POST00003168,3.447724197188683,3.8
POST00003385,11.170071662918751,13.34
POST00001581,0.0,8.24
POST00000540,0.0,5.97
POST00001620,0.0,11.05
POST00003930,7.841563203485292,5.52
POST00001059,0.0,4.72
POST00002327,0.0,10.46
POST00001847,0.0,11.59
POST00001455,0.0,8.74
POST00001547,0.0,8.25
POST00003411,7.316863192345319,7.44
POST00000215,0.0,6.82
POST00000478,0.0,11.12
POST00002770,8.112839905041477,6.66
POST00001178,0.0,8.06
POST00003227,11.028206891967965,11.14
POST00003865,11.48868413268901,10.82
POST00001557,0.0,1.5
POST00003077,6.631579840973297,5.9
POST00003800,10.735625939764788,10.32
POST00000030,0.0,4.6
POST00001416,0.0,4.71
POST00003602,8.665424074923466,9.53
POST00000031,0.0,10.23
POST00003226,10.960610084276778,12.93
POST00002402,0.0,11.24
POST00003741,8.835333548190764,9.35
POST00003497,10.937721886372364,11.74
POST00003645,9.714461973209051,8.29
POST00001139,0.0,9.48
POST00003647,9.052674393489,8.96
POST00002710,0.0,9.93
POST00001985,0.0,1.91
POST00002845,8.312029465039759,10.8
POST00001248,0.0,7.77
POST00003931,7.27942283781519,10.51
POST00000733,0.0,7.84
POST00003660,6.71623893930659,6.3
POST00001361,0.0,11.16
POST00002805,8.235653848134147,7.78
POST00002688,0.0,11.4
POST00002313,0.0,12.45
POST00001294,0.0,7.79
POST00000166,0.0,12.34
POST00001963,0.0,3.48
POST00003593,10.299959336618425,12.42
POST00003000,7.889834024801623,9.8
POST00001075,0.0,8.21
POST00003240,10.152754579939351,9.28
POST00002401,0.0,10.26
POST00000300,0.0,6.54
POST00002427,0.0,2.85
POST00000160,0.0,4.89
POST00002511,0.0,7.76
POST00001571,0.0,5.91
POST00002584,0.0,5.38
POST00001876,0.0,13.17
POST00001676,0.0,4.98
POST00003615,9.150084222846528,8.87
POST00002459,0.0,9.98
POST00001097,0.0,8.45
POST00002300,0.0,1.59
POST00001480,0.0,7.46
POST00003619,9.942093478009504,9.51
POST00003468,10.878444335781902,12.58
POST00003262,10.042799756358402,10.5
POST00000374,0.0,4.08
POST00003772,10.980286579083621,8.8
POST00000809,0.0,12.88
POST00001088,0.0,1.54
POST00000183,0.0,10.37
POST00000063,0.0,7.52
POST00002837,8.282646735192403,11.63
POST00002738,0.0,8.46
POST00001442,0.0,6.7
POST00001858,0.0,11.46
POST00000594,0.0,2.36
POST00000316,0.0,11.19
POST00002762,4.274101276262092,3.77
POST00003748,8.874625300525167,9.3
POST00000429,0.0,7.44
POST00002410,0.0,6.04
POST00000177,0.0,6.37
POST00000174,0.0,11.0
POST00001625,0.0,8.0
POST00000298,0.0,4.63
POST00001546,0.0,11.87
POST00002984,7.25638820166539,7.7
POST00002400,0.0,2.47
POST00003698,10.977641683762286,11.91
POST00003566,3.377880211426273,4.7
POST00002749,0.0,10.89
POST00001628,0.0,5.46
POST00003031,8.536052046756124,10.56
POST00001583,0.0,12.57
POST00003097,12.103304767987066,12.8
POST00003760,8.97822902457516,8.38
POST00003296,6.5418205498250765,12.3
POST00000640,0.0,7.07
POST00003491,9.865495928632205,10.46
POST00000253,0.0,7.79
POST00002554,0.0,4.33
POST00001971,0.0,11.03
POST00002684,0.0,13.3
POST00001061,0.0,6.53
POST00000766,0.0,9.89
POST00000474,0.0,8.61
POST00003765,5.838941314562085,3.84
POST00002514,0.0,7.6
POST00000910,0.0,5.22
POST00003420,10.90498778659467,11.44
POST00000226,0.0,8.87
POST00002041,0.0,10.53
POST00000834,0.0,6.38
POST00002070,0.0,7.07
POST00002893,6.418170180568335,9.16
POST00001192,0.0,7.53
POST00003955,9.307089657489774,8.83
POST00000450,0.0,5.58
POST00001762,0.0,9.48
POST00000614,0.0,3.78
POST00001388,0.0,11.49
POST00003912,7.757123626433454,9.05
POST00000010,0.0,6.56
POST00003282,9.07092995516623,4.66
POST00002321,0.0,4.07
POST00001147,0.0,11.13
POST00002028,0.0,9.81
POST00001487,0.0,9.46
POST00000503,0.0,9.72
POST00000120,0.0,7.97
POST00001451,0.0,5.65
POST00002681,0.0,5.59
POST00001134,0.0,10.67
POST00003482,9.138748119446879,10.63
POST00000583,0.0,9.52
POST00002759,11.312909599744026,12.53
POST00003687,10.127161298186468,10.78
POST00001055,0.0,12.9
POST00000694,0.0,11.65
POST00000853,0.0,9.47
POST00002398,0.0,4.42
POST00000613,0.0,3.46
POST00003035,8.325539991766313,11.79
POST00002055,0.0,4.23
POST00001632,0.0,10.16
POST00001025,0.0,2.92
POST00001159,0.0,11.41
POST00000001,0.0,2.68
POST00000343,0.0,2.67
POST00002843,8.576918308016614,7.03
POST00001832,0.0,1.64
POST00002906,9.020205309901277,6.2
POST00003214,9.87196777632161,10.88
POST00003163,11.070103072787859,11.43
POST00001683,0.0,2.83
POST00003984,9.432559729260376,5.78
POST00002485,0.0,11.15
POST00003870,9.662123369802003,12.54
POST00000171,0.0,2.81
POST00002542,0.0,8.36
POST00001934,0.0,8.1
POST00001924,0.0,7.97
POST00002473,0.0,8.61
POST00000140,0.0,8.13
POST00002646,0.0,6.56
POST00002825,8.452416564173957,1.61
POST00003019,7.809114129447009,7.59
POST00003425,10.1689561312168,7.92
POST00003058,8.453855032336255,10.35
POST00000880,0.0,9.8
POST00003189,8.576675345504976,8.95
POST00000814,0.0,10.48
POST00003920,8.981675578000257,7.2
POST00001016,0.0,6.58
POST00000887,0.0,7.34
POST00000107,0.0,6.49
POST00001981,0.0,11.92
POST00001848,0.0,12.09
POST00001576,0.0,3.52
POST00003479,9.653511097131455,7.85
POST00002422,0.0,2.41
POST00002989,3.544209368922523,2.56
POST00002318,0.0,5.69
POST00003622,4.70914761354198,5.69
POST00002197,0.0,6.83
POST00002057,0.0,6.31
POST00000289,0.0,10.95
POST00001669,0.0,4.64
POST00003116,7.83636504069797,9.63
POST00000668,0.0,5.44
POST00001907,0.0,11.35
POST00003963,9.361497676948364,8.06
POST00002846,7.68118859585031,5.69
POST00002248,0.0,11.35
POST00003841,9.452395575171645,11.42
POST00001478,0.0,9.81
POST00003271,10.211121073743259,11.94
POST00000704,0.0,4.36
POST00000364,0.0,9.32
POST00001696,0.0,7.87
POST00003394,7.819420677706162,6.6
POST00001410,0.0,9.23
POST00000691,0.0,9.17
POST00003275,8.649272081048302,10.88
POST00003203,11.047238758013922,10.08
POST00000220,0.0,9.93
POST00000103,0.0,10.53
POST00002376,0.0,9.19
POST00003071,5.991439277775578,5.25
POST00002927,10.131132702425218,10.39
POST00003451,9.708224609616707,10.33
POST00003434,4.070014022918981,3.76
POST00001390,0.0,6.75
POST00000305,0.0,4.36
POST00002171,0.0,6.01
POST00000078,0.0,6.84
POST00000243,0.0,1.22
POST00002130,0.0,5.89
POST00002149,0.0,11.38
POST00002758,4.267166162837241,2.44
POST00002786,10.173694867407395,10.85
POST00001355,0.0,13.24
POST00003099,9.555626329085184,8.63
POST00002853,7.522568389388652,12.58
POST00001353,0.0,7.86
POST00002827,9.44009194127828,11.46
POST00001348,0.0,11.35
POST00002983,8.008235716476609,10.13
POST00000261,0.0,5.52
POST00000017,0.0,8.71
POST00000907,0.0,11.85
POST00000091,0.0,9.7
POST00000308,0.0,5.28
POST00003025,10.02926075215639,11.1
POST00003162,7.276237590502225,8.89
POST00001019,0.0,3.13
POST00003947,9.451965973552719,5.2
POST00003232,9.675771483350372,11.12
POST00000841,0.0,10.14
POST00000988,0.0,5.17
POST00003413,8.849321941193084,10.6
POST00002254,0.0,11.35
POST00002409,0.0,9.79
POST00000728,0.0,11.32
POST00003151,8.958920027071404,12.13
POST00002571,0.0,11.44
POST00001984,0.0,4.0
POST00000200,0.0,5.94
POST00002613,0.0,5.24
POST00000057,0.0,6.13
POST00001475,0.0,6.41
POST00000867,0.0,5.17
POST00002205,0.0,10.85
POST00003295,6.009506341735197,7.03
POST00003487,9.880954319501377,9.55
POST00000572,0.0,3.26
POST00002483,0.0,8.92
POST00001026,0.0,3.28
POST00000292,0.0,10.28
POST00001692,0.0,12.67
POST00001722,0.0,8.48
POST00003816,4.160817433818523,7.57
POST00002356,0.0,6.6
POST00003625,3.5713696103377393,3.78
POST00003951,9.62686114820762,11.83
POST00003990,4.248735365864281,3.93
POST00003101,8.630556355789476,9.11
POST00003471,9.938971061993048,10.74
POST00002502,0.0,7.77
POST00000840,0.0,2.52
POST00001335,0.0,9.39
POST00000380,0.0,11.54
POST00001424,0.0,11.81
POST00000623,0.0,2.22
POST00002050,0.0,11.44
POST00001204,0.0,10.86
POST00000611,0.0,10.57
POST00002425,0.0,9.58
POST00001323,0.0,9.23
POST00002252,0.0,6.37
POST00001352,0.0,5.15
POST00002196,0.0,8.85
POST00001961,0.0,9.84
POST00003780,7.496191524032807,11.1
POST00001954,0.0,7.77
POST00001587,0.0,12.84
POST00001372,0.0,10.79
POST00003950,9.839067202535325,10.32
POST00000491,0.0,9.95
POST00002283,0.0,8.48
POST00000674,0.0,6.48
POST00000119,0.0,8.98
POST00001780,0.0,4.36
POST00003024,9.31073146831154,10.9
POST00000045,0.0,8.26
POST00002482,0.0,8.18
POST00001640,0.0,7.43
POST00002228,0.0,12.61
POST00003126,7.949820518051527,7.94
POST00003082,9.661636166993084,10.54
POST00003520,7.153331050468148,9.2
POST00000499,0.0,7.78
POST00000940,0.0,7.15
POST00002272,0.0,9.97
POST00001504,0.0,7.71
POST00000115,0.0,7.48
POST00002695,0.0,5.97
POST00003362,6.458392414483637,2.81
POST00003269,11.468670210940392,12.14
POST00000533,0.0,6.27
POST00000971,0.0,6.48
POST00002609,0.0,9.32
POST00003186,6.067937006506542,4.4
POST00003141,7.727685827215276,10.85
POST00002453,0.0,8.62
POST00002580,0.0,7.08
POST00001788,0.0,2.84
POST00002769,9.155441059734704,10.58
POST00000153,0.0,11.5
POST00003624,11.048774712958497,11.46
POST00000624,0.0,8.74
POST00001866,0.0,7.74
POST00000932,0.0,1.43
POST00003370,8.276589452615816,5.91
POST00000335,0.0,4.1
POST00002760,9.869267189979501,9.2
POST00002293,0.0,1.62
POST00000423,0.0,10.52
POST00000718,0.0,9.85
POST00002582,0.0,4.3
POST00000247,0.0,6.02
POST00000680,0.0,12.22
POST00003988,9.63592154665969,10.47
POST00001145,0.0,9.41
POST00002268,0.0,7.59
POST00002421,0.0,8.3
POST00002611,0.0,8.7
POST00001017,0.0,9.43
POST00003874,7.3962101191788845,8.92
POST00003300,7.395112648155346,9.88
POST00003136,7.359596500668688,5.92
POST00000077,0.0,4.33
POST00001195,0.0,7.2
POST00001970,0.0,10.49
POST00000586,0.0,8.58
POST00000598,0.0,11.52
POST00003174,9.799385357317318,9.23
POST00001320,0.0,10.23
POST00000422,0.0,10.09
POST00000642,0.0,7.75
POST00003574,3.170833977990857,2.93
POST00003898,4.980131731636,4.77
POST00000716,0.0,9.72
POST00002675,0.0,10.44
POST00003195,7.779395905486094,4.16
POST00001795,0.0,10.78
POST00003743,7.60596032199636,10.55
POST00002241,0.0,5.86
POST00001727,0.0,2.97
POST00000744,0.0,9.03
POST00003196,5.124451486957769,7.39
POST00002269,0.0,5.0
POST00001383,0.0,6.4
POST00002043,0.0,12.66
POST00002132,0.0,8.15
POST00000479,0.0,10.31
POST00001033,0.0,3.79
POST00003501,10.756818194871473,2.91
POST00003880,10.704524827113602,10.22
POST00003770,10.95015751016774,12.85
POST00003407,9.995856341011905,9.46
POST00000387,0.0,8.2
POST00003252,3.891793858927686,2.26
POST00000317,0.0,2.57
POST00001210,0.0,11.1
POST00002203,0.0,10.68
POST00002978,8.896441741302185,8.24
POST00001300,0.0,9.03
POST00002458,0.0,11.64
POST00003357,10.75617355540308,12.21
POST00000437,0.0,3.01
POST00003783,4.4496302589788845,5.76
POST00002089,0.0,3.94
POST00001695,0.0,10.83
POST00000199,0.0,9.17
POST00001128,0.0,8.44
POST00002557,0.0,10.89
POST00003975,9.276923456583958,7.49
POST00000635,0.0,8.65
POST00001649,0.0,12.94
POST00002717,0.0,11.14
POST00001112,0.0,12.12
POST00003614,10.179106029761053,8.81
POST00003093,10.34970404350143,10.88
POST00003349,8.466136225853283,7.44
POST00001160,0.0,4.35
POST00002732,0.0,9.64
POST00003120,10.557043685367981,11.18
POST00000778,0.0,6.89
POST00001392,0.0,10.01
POST00002027,0.0,5.01
POST00002864,9.795572449732294,10.42
POST00000444,0.0,6.59
POST00001404,0.0,9.67
POST00003740,9.041786350616789,10.67
POST00000560,0.0,7.54
POST00003708,7.688189629130477,8.42
POST00003155,11.930115083572058,11.7
POST00002739,0.0,6.46
POST00000353,0.0,9.43
POST00003478,8.146953023972884,6.63
POST00001225,0.0,10.49
POST00000677,0.0,11.51
POST00000033,0.0,4.45
POST00001882,0.0,5.35
POST00000506,0.0,4.99
POST00000979,0.0,8.23
POST00003313,8.187846413048629,10.7
POST00000468,0.0,11.93
POST00002436,0.0,7.24
POST00000707,0.0,12.42
POST00000240,0.0,8.77
POST00003033,10.00386519636719,12.74
POST00001792,0.0,8.2
POST00000108,0.0,10.49
POST00001014,0.0,4.78
POST00002801,10.350828846094855,7.75
POST00003331,7.486512967335493,5.99
POST00000170,0.0,8.57
POST00001365,0.0,4.32
POST00002547,0.0,5.51
POST00003667,9.439615530829123,11.3
POST00003696,9.491187567989613,10.23
POST00001350,0.0,4.32
POST00000817,0.0,9.42
POST00002943,7.5345955631893595,5.63
POST00003123,8.163358497743936,10.51
POST00000973,0.0,4.26
POST00002141,0.0,2.13
POST00000673,0.0,10.01
POST00003967,8.11004490026762,8.9
POST00002799,8.824479358883611,8.55
POST00000225,0.0,7.12
POST00003808,10.756833447032964,12.77
POST00002693,0.0,10.33
POST00001463,0.0,10.17
POST00002504,0.0,9.34
POST00002077,0.0,12.83
POST00001169,0.0,11.65
POST00001886,0.0,9.52
POST00000581,0.0,4.8
POST00003684,10.510603823936016,8.91
POST00001935,0.0,4.04
POST00001913,0.0,4.81
POST00002121,0.0,8.82
POST00000913,0.0,7.64
POST00002765,9.316336170038287,11.28
POST00001441,0.0,6.01
POST00002310,0.0,7.85
POST00003194,11.918551864497699,11.36
POST00001376,0.0,10.2
POST00002706,0.0,12.51
POST00002649,0.0,2.3
POST00000029,0.0,4.41
POST00003079,8.114265611329465,10.91
POST00004001,6.5288197675929,5.68
POST00000327,0.0,5.11
POST00000204,0.0,9.72
POST00001452,0.0,3.39
POST00001533,0.0,4.47
POST00002419,0.0,8.56
POST00003924,7.51658194053658,2.84
POST00001382,0.0,5.32
POST00001417,0.0,8.83
POST00002996,3.6983906698963116,3.75
POST00003225,10.370061646898003,11.4
POST00001843,0.0,4.02
POST00000820,0.0,12.05
POST00001796,0.0,7.01
POST00003165,8.092136657859037,8.99
POST00000022,0.0,2.72
POST00001293,0.0,10.89
POST00000769,0.0,10.05
POST00002122,0.0,10.19
POST00001213,0.0,8.53
POST00000901,0.0,6.78
POST00000239,0.0,10.09
POST00002930,7.8802776838838575,7.9
POST00001746,0.0,10.91
POST00002002,0.0,8.18
POST00003680,10.640812710409726,8.23
POST00002355,0.0,7.29
POST00001072,0.0,3.32
POST00003637,9.373393976351306,8.33
POST00002809,10.921662800245366,9.58
POST00001459,0.0,9.62
POST00003255,6.490316502334721,6.48
POST00000293,0.0,6.58
POST00003627,9.818977548173415,5.25
POST00003372,2.644999956926232,2.24
POST00001167,0.0,9.26
POST00001277,0.0,9.16
POST00001897,0.0,9.92
POST00002108,0.0,7.56
POST00003513,10.625444719351297,12.55
POST00000392,0.0,10.66
POST00002884,11.055011248350777,10.82
POST00002939,8.320311445538454,7.06
POST00001933,0.0,4.16
POST00001022,0.0,6.09
POST00003935,8.746211357400767,10.16
POST00002434,0.0,7.12
POST00001673,0.0,9.66
POST00000829,0.0,9.52
POST00003442,6.341335364180493,7.63
POST00001069,0.0,3.83
POST00001403,0.0,3.71
POST00003128,7.446350611748366,11.28
POST00001214,0.0,4.11
POST00001609,0.0,6.57
POST00001513,0.0,9.19
POST00001496,0.0,8.34
POST00003676,7.39434698790466,7.68
POST00000757,0.0,10.12
POST00003756,6.825786505045269,6.0
POST00001433,0.0,11.98
POST00000440,0.0,6.96
POST00002907,6.260165555199066,9.65
POST00000568,0.0,12.57
POST00002068,0.0,11.61
POST00000138,0.0,7.65
POST00002508,0.0,7.46
POST00003594,8.864440460786184,8.98
POST00002726,0.0,6.55
POST00000870,0.0,7.72
POST00003540,8.918793287222885,11.09
POST00003830,10.259995008088485,11.03
POST00002600,0.0,6.22
POST00002911,8.518881748378103,4.56
POST00003138,8.38105666813371,5.8
POST00001253,0.0,11.32
POST00003809,7.9090204230165515,10.53
POST00002498,0.0,10.66
POST00003563,8.304905144562934,5.15
POST00002814,7.267115675223585,4.06
POST00002169,0.0,6.09
POST00002836,9.80234029718278,9.73
POST00002032,0.0,10.07
POST00000505,0.0,3.16
POST00000042,0.0,11.92
POST00001880,0.0,11.77
POST00000665,0.0,5.53
POST00003193,3.7900926286347643,4.75
POST00001373,0.0,8.29
POST00000315,0.0,9.19
POST00003429,11.121235809409956,11.48
POST00003435,10.250249140211409,11.16
POST00000554,0.0,10.89
POST00002640,0.0,12.02
POST00002085,0.0,12.46
POST00001327,0.0,11.67
POST00001800,0.0,5.99
POST00002527,0.0,2.42
POST00003346,8.95932929537754,11.26
POST00000768,0.0,9.78
POST00000260,0.0,6.91
POST00001869,0.0,11.92
POST00000877,0.0,6.81
POST00003329,6.847836093954873,7.14
POST00000172,0.0,6.87
POST00000951,0.0,5.13
POST00002969,8.365878566057122,10.36
POST00003059,11.106334303917361,9.65
POST00000186,0.0,7.93
POST00003133,9.06820454120456,10.1
POST00001318,0.0,8.71
POST00001721,0.0,10.24
POST00000430,0.0,3.68
POST00003185,9.330925916107361,9.57
POST00003261,4.105811183028781,2.35
POST00003089,9.201406823481394,11.89
POST00003549,8.658588687901457,9.94
POST00000590,0.0,10.55
POST00003686,9.445522077884105,11.05
POST00001400,0.0,6.73
POST00003706,9.998999687037001,11.45
POST00003467,10.889270100495384,7.33
POST00002112,0.0,11.99
POST00002751,0.0,6.42
POST00003369,10.458178863670483,11.86
POST00001212,0.0,11.93
POST00000238,0.0,8.11
POST00002230,0.0,11.03
POST00000615,0.0,10.87
POST00002742,0.0,9.17
POST00002926,9.107139532380227,9.75
POST00003438,9.347316323626869,8.26
POST00002151,0.0,10.39
POST00001845,0.0,12.76
POST00000244,0.0,10.7
POST00000849,0.0,11.7
POST00000569,0.0,11.44
POST00001852,0.0,7.63
POST00000152,0.0,6.13
POST00002476,0.0,5.82
POST00000209,0.0,6.9
POST00003390,3.159698249688441,2.21
POST00003509,10.249377083337885,11.29
POST00001163,0.0,12.0
POST00000924,0.0,8.68
POST00002390,0.0,6.15
POST00003725,7.15178821711616,3.92
POST00001345,0.0,5.62
POST00001905,0.0,4.52
POST00001610,0.0,7.45
POST00000280,0.0,9.21
POST00000150,0.0,4.88
POST00002020,0.0,7.39
POST00003179,7.474393878012714,7.85
POST00003248,8.268303411582028,11.77
POST00003846,8.553267931190721,5.43
POST00002737,0.0,7.48
POST00003440,8.765843084180991,5.82
POST00000999,0.0,8.45
POST00002136,0.0,3.62
POST00001818,0.0,7.64
POST00002433,0.0,7.62
POST00003716,9.457831743257486,8.39
POST00002812,7.413215441048797,8.08
POST00003220,7.56922558652998,10.23
POST00001945,0.0,4.92
POST00000522,0.0,9.32
POST00002560,0.0,9.41
POST00000350,0.0,10.91
POST00000636,0.0,11.21
POST00002929,7.980589336237117,2.47
POST00001394,0.0,6.77
POST00001964,0.0,8.83
POST00003449,11.094437820571866,9.74
POST00002772,10.91639731233235,11.67
POST00000742,0.0,6.66
POST00002829,9.510702636411061,8.24
POST00002818,8.124627197684205,11.16
POST00003353,6.659548825537756,7.72
POST00000367,0.0,8.03
POST00003952,9.204391789524001,8.7
POST00001437,0.0,5.77
POST00000040,0.0,4.9
POST00000518,0.0,3.0
POST00001201,0.0,10.33
POST00003368,10.84343694283928,10.0
POST00001593,0.0,3.05
POST00001872,0.0,6.72
POST00002917,10.147304337453264,5.41
POST00001602,0.0,12.05
POST00001302,0.0,5.97
POST00002338,0.0,4.63
POST00000536,0.0,10.6
POST00002413,0.0,8.02
POST00001196,0.0,7.19
POST00000433,0.0,9.41
POST00000442,0.0,10.12
POST00001801,0.0,9.56
POST00001118,0.0,8.14
POST00002904,10.174338485713589,8.95
POST00002097,0.0,7.29
POST00003455,8.050023715872713,4.69
POST00002487,0.0,6.51
POST00000457,0.0,10.43
POST00000601,0.0,10.64
POST00002817,2.8678880697943523,5.47
POST00000893,0.0,5.54
POST00003176,9.403270937505836,8.32
POST00000013,0.0,5.72
POST00001330,0.0,5.58
POST00002616,0.0,12.16
POST00003573,4.6462902608947125,3.64
POST00001082,0.0,2.46
POST00000897,0.0,9.88
POST00003653,11.013519788504748,12.83
POST00003556,11.395693953049644,12.86
POST00001775,0.0,4.29
POST00000056,0.0,6.51
POST00002873,7.173263843618582,8.81
POST00002244,0.0,8.94
POST00002146,0.0,13.13
POST00000963,0.0,12.61
POST00000935,0.0,5.31
POST00000169,0.0,7.48
POST00003160,9.090455264026268,8.61
POST00000436,0.0,11.55
POST00001252,0.0,6.81
POST00002741,0.0,7.88
POST00001412,0.0,8.4
POST00001115,0.0,11.67
POST00003595,9.810337554664196,9.97
POST00000917,0.0,5.13
POST00000477,0.0,7.98
POST00002383,0.0,8.1
POST00000797,0.0,10.06
POST00002543,0.0,9.58
POST00001245,0.0,7.94
POST00003528,9.926760065552118,7.79
POST00001991,0.0,10.87
POST00001258,0.0,5.67
POST00000329,0.0,13.08
POST00000770,0.0,6.65
POST00003085,10.151497980335417,13.26
POST00002971,6.3270249297139,2.79
POST00002113,0.0,4.91
POST00000714,0.0,1.52
POST00000969,0.0,10.45
POST00000273,0.0,2.44
POST00003111,3.6263647573575826,2.86
POST00000216,0.0,6.03
POST00002694,0.0,10.98
POST00001432,0.0,9.05
POST00003217,3.5435788370251764,2.12
POST00002262,0.0,2.57
POST00001119,0.0,11.39
POST00001524,0.0,8.98
POST00003682,6.754368107599724,6.45
POST00000675,0.0,5.27
POST00001697,0.0,2.17
POST00003215,6.446938594216029,5.86
POST00001633,0.0,9.94
POST00000428,0.0,6.68
POST00001255,0.0,4.67
POST00003855,9.422416418317834,9.67
POST00003899,7.808625452825256,6.69
POST00001715,0.0,7.68
POST00000895,0.0,11.44
POST00001423,0.0,2.35
POST00000035,0.0,8.12
POST00002442,0.0,2.05
POST00000991,0.0,11.39
POST00003481,10.580232721407668,9.51
POST00001561,0.0,10.73
POST00002575,0.0,10.95
POST00003412,6.756793339167726,4.86
POST00001644,0.0,5.74
POST00002708,0.0,6.17
POST00003037,9.461704813284046,9.22
POST00000501,0.0,2.6
POST00000159,0.0,2.92
POST00003304,7.991704509169777,9.67
POST00003834,4.052766793982595,3.8
POST00003864,8.30486895558597,9.18
POST00001525,0.0,11.93
POST00001652,0.0,6.94
POST00002513,0.0,11.49
POST00002555,0.0,11.43
POST00002980,9.725294789693104,4.3
POST00002426,0.0,12.87
POST00001573,0.0,11.12
POST00001398,0.0,9.21
POST00000687,0.0,11.67
POST00000819,0.0,2.08
POST00003921,9.164601894765575,10.21
POST00000776,0.0,5.59
POST00001237,0.0,11.3
POST00000208,0.0,3.11
POST00001366,0.0,2.39
POST00000646,0.0,3.37
POST00003297,10.363882968787035,10.92
POST00002035,0.0,7.8
POST00002129,0.0,4.12
POST00002882,9.92603745813518,11.05
POST00000475,0.0,10.03
POST00001013,0.0,7.55
POST00003448,8.726223169949515,9.14
POST00003094,9.247522130842256,8.52
POST00003287,10.785877775144996,10.51
POST00001235,0.0,5.54
POST00000071,0.0,9.52
POST00000717,0.0,10.04
POST00002147,0.0,12.99
POST00001164,0.0,2.97
POST00002954,5.2267662117840015,5.81
POST00002200,0.0,11.0
POST00002225,0.0,8.19
POST00000763,0.0,9.92
POST00002653,0.0,3.04
POST00002361,0.0,6.33
POST00002707,0.0,5.36
POST00001668,0.0,8.2
POST00000210,0.0,10.13
POST00003392,6.714365459489274,8.75
POST00002703,0.0,9.85
POST00003720,9.481208883139628,8.53
POST00002848,9.226528565549538,10.96
POST00001776,0.0,6.5
POST00001612,0.0,12.25
POST00001379,0.0,9.04
POST00001539,0.0,5.63
POST00000357,0.0,3.41
POST00000822,0.0,9.6
POST00001117,0.0,7.56
POST00003364,5.371896869390255,1.22
POST00003422,9.757434158578294,12.28
POST00003927,8.773364094556856,8.9
POST00000248,0.0,10.7
POST00002215,0.0,6.88
POST00000681,0.0,10.59
POST00000946,0.0,3.1
POST00001549,0.0,5.32
POST00003041,10.088686050971194,10.36
POST00003483,9.494223043241321,10.44
POST00001687,0.0,3.9
POST00000277,0.0,10.21
POST00003236,9.894045236239018,12.29
POST00003569,8.245736716203584,4.53
POST00002282,0.0,4.24
POST00002636,0.0,10.68
POST00003278,10.237631370495432,11.13
POST00003208,7.053604239932966,7.33
POST00001028,0.0,5.68
POST00000438,0.0,5.95
POST00000345,0.0,9.42
POST00002753,0.0,7.88
POST00000207,0.0,6.58
POST00000089,0.0,6.44
POST00001241,0.0,10.04
POST00001819,0.0,10.29
POST00001570,0.0,11.79
POST00003279,9.188735453895509,8.17
POST00003205,8.229396960304861,6.99
POST00003664,8.585420898939859,4.69
POST00001548,0.0,10.46
POST00001079,0.0,8.85
POST00002206,0.0,7.82
POST00002115,0.0,8.26
POST00000863,0.0,7.0
POST00003242,7.090170476727255,5.5
POST00001279,0.0,10.14
POST00003691,10.085236429206828,12.28
POST00001900,0.0,8.47
POST00000274,0.0,2.68
POST00001406,0.0,5.52
POST00001136,0.0,8.37
POST00003666,10.670979867208057,10.32
POST00002576,0.0,2.45
POST00002183,0.0,8.47
POST00002967,9.512699682840019,9.27
POST00003987,10.829588309276577,11.16
POST00001208,0.0,6.86
POST00002551,0.0,7.17
POST00001351,0.0,10.8
POST00002468,0.0,11.66
POST00003789,9.407797293581309,9.44
POST00003629,9.21509124656094,5.85
POST00001264,0.0,3.11
POST00002001,0.0,2.67
POST00002406,0.0,12.21
POST00000187,0.0,3.0
POST00001470,0.0,10.18
POST00002486,0.0,11.36
POST00003755,10.195578444293226,12.18
POST00002411,0.0,11.16
POST00001955,0.0,7.14
POST00000737,0.0,4.26
POST00003026,10.564401889749618,10.91
POST00001495,0.0,10.21
POST00003688,4.400520418135019,3.25
POST00000497,0.0,1.35
POST00002449,0.0,10.56
POST00003609,10.200425026041001,8.85
POST00003868,2.4061505516387047,2.11
POST00001460,0.0,8.64
POST00000061,0.0,10.22
POST00000758,0.0,6.37
POST00003387,3.552697667058669,4.76
POST00003656,10.102430699266462,11.32
POST00000439,0.0,5.69
POST00003231,10.026655852245193,11.05
POST00001425,0.0,8.51
POST00003403,9.085650768158459,4.68
POST00002987,3.737365735910897,2.84
POST00001183,0.0,6.78
POST00003542,8.418280620989286,12.55
POST00003628,8.5147315718837,9.71
POST00000507,0.0,9.56
POST00003055,8.676252229327565,9.21
POST00003063,9.864416440216033,10.59
POST00003730,10.324447774401666,9.86
POST00000431,0.0,8.45
POST00000906,0.0,7.31
POST00000759,0.0,6.48
POST00003284,10.553153865743266,13.04
POST00001870,0.0,6.01
POST00003459,9.931273123455298,9.51
POST00001960,0.0,10.73
POST00001562,0.0,5.84
POST00000740,0.0,13.33
POST00002788,9.289415538959368,10.39
POST00000039,0.0,3.62
POST00002429,0.0,12.29
POST00000976,0.0,2.82
POST00003644,9.102601684309665,5.97
POST00001853,0.0,9.87
POST00001522,0.0,8.36
POST00003338,9.099928484167,8.18
POST00001726,0.0,8.25
POST00001883,0.0,6.73
POST00003675,10.449287499397132,10.61
POST00001719,0.0,6.32
POST00002702,0.0,10.89
POST00000312,0.0,7.96
POST00000603,0.0,9.82
POST00000259,0.0,3.02
POST00001553,0.0,1.3
POST00002755,0.0,12.64
POST00000354,0.0,4.61
