pid,file_size_bytes,file_exists
POST00003480,11246697,True
POST00000014,4312764,True
POST00001861,1877041,True
POST00003570,1968308,True
POST00000779,632004,True
POST00003722,13355700,True
POST00002934,12745931,True
POST00003007,2967628,True
POST00002743,24339420,True
POST00003072,5148813,True
POST00003211,3353238,True
POST00002289,4945584,True
POST00002896,2507262,True
POST00001204,3737695,True
POST00001007,7206554,True
POST00003737,10708442,True
POST00001899,19802445,True
POST00001712,5848017,True
POST00000838,3063058,True
POST00002972,7483214,True
POST00000777,11716974,True
POST00003577,14407904,True
POST00003094,4175109,True
POST00000280,39726202,True
POST00001726,2219093,True
POST00001126,1916761,True
POST00001882,1024094,True
POST00001184,3857140,True
POST00002324,3724095,True
POST00003049,4767598,True
POST00003389,17461246,True
POST00003071,1827089,True
POST00001690,1275270,True
POST00002479,9472020,True
POST00001630,912472,True
POST00003478,734152,True
POST00000467,1529882,True
POST00001657,11463855,True
POST00001468,22072136,True
POST00001785,12554736,True
POST00001376,413575,True
POST00002013,7768850,True
POST00001889,6793573,True
POST00001308,2229415,True
POST00003516,11212378,True
POST00003806,1083518,True
POST00003259,5543719,True
POST00003307,4280355,True
POST00003621,3745482,True
POST00001940,1104324,True
POST00001472,5113450,True
POST00003696,1647165,True
POST00003355,8820762,True
POST00003272,143130,True
POST00001421,487924,True
POST00001539,366609,True
POST00003326,1445498,True
POST00001255,583323,True
POST00002288,197642,True
POST00000986,184332,True
POST00002187,110764,True
POST00001245,142225,True
POST00002780,719431,True
POST00001476,1973925,True
POST00003622,337000,True
POST00001826,474019,True
POST00003897,344644,True
POST00002885,5107547,True
POST00003504,1892222,True
POST00003819,1898684,True
POST00003591,13303575,True
POST00002841,715456,True
POST00000841,1612625,True
POST00000536,4563815,True
POST00002413,1136014,True
POST00001959,1802922,True
POST00002935,6399805,True
POST00003454,1720171,True
POST00002447,1623930,True
POST00003799,1340923,True
POST00002550,1351294,True
POST00002070,4836643,True
POST00001503,1908528,True
POST00002777,996033,True
POST00003363,17686325,True
POST00000551,3467541,True
POST00003088,6152952,True
POST00003599,986700,True
POST00001935,42070712,True
POST00003366,280746,True
POST00002847,1533959,True
POST00003281,708244,True
POST00003339,2545262,True
POST00002347,1816368,True
POST00001230,801190,True
POST00001208,1893435,True
POST00001046,1714190,True
POST00001005,1705202,True
POST00002283,3130054,True
POST00003098,13616638,True
POST00002124,1764354,True
POST00001971,12124634,True
POST00002811,1918681,True
POST00001140,3989962,True
POST00000289,10402273,True
POST00002230,2284791,True
POST00000924,4115353,True
POST00001251,1561514,True
POST00001104,1869228,True
POST00000983,659057,True
POST00000895,1701490,True
POST00002082,5325616,True
POST00002590,3791456,True
POST00002295,2587571,True
POST00001355,1594262,True
POST00001261,2114572,True
POST00003652,3304960,True
POST00000707,2467760,True
POST00003227,7522200,True
POST00003015,15468433,True
POST00001917,11620778,True
POST00002710,23437364,True
POST00000024,18067505,True
POST00003760,9589784,True
POST00003850,3521511,True
POST00003975,2977626,True
POST00003287,3430041,True
POST00001398,2513544,True
POST00003921,7543285,True
POST00001625,25171537,True
POST00001163,8295352,True
POST00001190,4097228,True
POST00000249,11405922,True
POST00002408,412856,True
POST00001829,5521936,True
POST00002928,1530472,True
POST00001572,1126256,True
POST00001606,49555702,True
POST00000154,6322090,True
POST00001663,6247960,True
POST00000070,14475510,True
POST00002175,1784117,True
POST00000965,5012386,True
POST00001287,10240332,True
POST00001928,15906089,True
POST00001128,14724180,True
POST00001124,3175570,True
POST00001123,4617528,True
POST00001112,4795698,True
POST00001836,4696556,True
POST00002449,191248814,True
POST00001460,8562564,True
POST00000122,7993440,True
POST00003179,20844170,True
POST00003126,13567834,True
POST00003215,24327018,True
POST00003431,5397414,True
POST00002963,3235969,True
POST00000488,2024887,True
POST00002643,3371039,True
POST00000955,3174857,True
POST00002615,1109662,True
POST00000989,2315227,True
POST00001396,1400709,True
POST00000832,2521223,True
POST00003684,9160672,True
POST00003230,1416926,True
POST00003244,10480343,True
POST00002105,1234662,True
POST00002690,1958468,True
POST00003628,7977554,True
POST00001922,1033189,True
POST00002030,1938388,True
POST00000572,2232455,True
POST00003127,1309622,True
POST00001450,2601980,True
POST00001621,2357928,True
POST00001824,7247759,True
POST00000550,889479,True
POST00002756,1621250,True
POST00001817,9625178,True
POST00001535,788827,True
POST00003002,10662115,True
POST00002167,26764995,True
POST00003114,10139055,True
POST00002766,2153676,True
POST00001890,3858955,True
POST00003644,4061168,True
POST00000984,4266333,True
POST00000689,3106320,True
POST00000350,4659324,True
POST00001707,1188134,True
POST00002225,9620230,True
POST00000872,4797389,True
POST00000188,3894159,True
POST00002019,436587,True
POST00000914,2011818,True
POST00003814,6190621,True
POST00002262,2583130,True
POST00000759,1898201,True
POST00001326,1625989,True
POST00001949,7087451,True
POST00000530,8903995,True
POST00002376,114264,True
POST00003479,41491762,True
POST00003861,527596,True
POST00003868,2588023,True
POST00003781,3285902,True
POST00000975,7178881,True
POST00002090,3822488,True
POST00000096,5329935,True
POST00002897,3239411,True
POST00001937,5646113,True
POST00000682,3878476,True
POST00002923,9941224,True
POST00002022,3954587,True
POST00002334,3796931,True
POST00002432,6273321,True
POST00001722,9423268,True
POST00001661,1968758,True
POST00000953,3119804,True
POST00001534,3846259,True
POST00001301,1033648,True
POST00002457,5668241,True
POST00003444,534942,True
POST00001457,2280210,True
POST00002078,7421019,True
POST00002297,468614,True
POST00001424,15431400,True
POST00001904,15679485,True
POST00001604,1450062,True
POST00001619,4510181,True
POST00001601,3405855,True
POST00003124,5224028,True
POST00002201,2522180,True
POST00003673,1417131,True
POST00002900,4052356,True
POST00000544,634350,True
POST00002878,1188228,True
POST00002736,28548021,True
POST00002694,6434274,True
POST00002298,587143,True
POST00002560,1405492,True
POST00001361,6060113,True
POST00000966,12460949,True
POST00002382,2417466,True
POST00001040,915155,True
POST00000959,2979993,True
POST00001149,14150601,True
POST00001060,693977,True
POST00001055,2710327,True
POST00003284,5898305,True
POST00003903,2446059,True
POST00003634,4429653,True
POST00003328,1609595,True
POST00001144,1559402,True
POST00003875,4676895,True
POST00003441,1228578,True
POST00001688,1061304,True
POST00002072,3314954,True
POST00003782,4950651,True
POST00002631,392173,True
POST00002513,484442,True
POST00002073,1488060,True
POST00002153,1184511,True
POST00000103,4054924,True
POST00002463,706126,True
POST00002718,3292821,True
POST00001961,868507,True
POST00001239,5466935,True
POST00001240,4662038,True
POST00001222,15372618,True
POST00001215,7042755,True
POST00001129,7296593,True
POST00000823,4394102,True
POST00001101,7553522,True
POST00000681,14773816,True
POST00001260,8284004,True
POST00001224,1528578,True
POST00001120,4254539,True
POST00001237,4318538,True
POST00001089,14076775,True
POST00001181,3439699,True
POST00001238,1999425,True
POST00001070,2321809,True
POST00001242,19809283,True
POST00001054,6461743,True
POST00001063,7676624,True
POST00001061,4021887,True
POST00001077,10679482,True
POST00001069,2276571,True
POST00001068,17597724,True
POST00001050,2131208,True
POST00000092,11153130,True
POST00001523,5395699,True
POST00003113,126905,True
POST00001575,4955022,True
POST00002077,1724412,True
POST00002342,4354630,True
POST00001172,1970490,True
POST00001894,992527,True
POST00002813,17450821,True
POST00003279,196596,True
POST00001863,1908841,True
POST00003142,2575127,True
POST00002637,2134356,True
POST00001214,11409594,True
POST00002913,6314379,True
POST00003536,2876912,True
POST00000493,3357833,True
POST00002121,1555396,True
POST00003592,3139034,True
POST00000094,1845805,True
POST00002504,1168904,True
POST00002731,3081572,True
POST00000020,6007115,True
POST00002956,5426366,True
POST00000854,2638622,True
POST00000126,14925457,True
POST00001794,2338576,True
POST00002226,1932815,True
POST00003490,9431713,True
POST00003143,7852290,True
POST00000272,8545209,True
POST00002895,9786098,True
POST00000269,916223,True
POST00003008,3714098,True
POST00003180,22501415,True
POST00002915,2647256,True
POST00002969,21648723,True
POST00003776,20831396,True
POST00003297,16425612,True
POST00001256,8343727,True
POST00001710,3223103,True
POST00002792,1123140,True
POST00003586,11049292,True
POST00002125,7735786,True
POST00003736,8425827,True
POST00002684,12155627,True
POST00003700,1357293,True
POST00003465,1710529,True
POST00002340,1765624,True
POST00002652,4247287,True
POST00000005,2450069,True
POST00001381,2947540,True
POST00000523,36195975,True
POST00001228,10931192,True
POST00003563,4760283,True
POST00002992,6117124,True
POST00003140,3716539,True
POST00000916,2100085,True
POST00003001,7016735,True
POST00001042,18497993,True
POST00003173,9207838,True
POST00000007,16625148,True
POST00003605,12071475,True
POST00002899,5422810,True
POST00001557,6424234,True
POST00001543,7401081,True
POST00002758,7847724,True
POST00002275,7432142,True
POST00000587,48967131,True
POST00003965,10935310,True
POST00003243,14724588,True
POST00001047,6419849,True
POST00000990,5828514,True
POST00000571,23141877,True
POST00002492,3726452,True
POST00001110,13214036,True
POST00003213,23320215,True
POST00001082,12520498,True
POST00001160,895175,True
POST00002010,6347722,True
POST00003079,4629722,True
POST00002526,18026047,True
POST00002183,5140133,True
POST00002865,6671655,True
POST00002788,1824130,True
POST00002739,3149315,True
POST00003925,3191642,True
POST00000074,5925090,True
POST00002356,728846,True
POST00003074,7718230,True
POST00002481,31645095,True
POST00001994,5969315,True
POST00001702,1348541,True
POST00003566,4813397,True
POST00001706,2527366,True
POST00002470,31021025,True
POST00000576,2013016,True
POST00000339,536019,True
POST00000388,1214156,True
POST00001931,11964592,True
POST00003540,86557214,True
POST00002647,20188319,True
POST00003024,4491599,True
POST00003748,6545709,True
POST00002056,1626521,True
POST00000432,7724124,True
POST00000520,3416062,True
POST00003324,8257638,True
POST00002426,15815063,True
POST00002801,67362952,True
POST00002309,8003979,True
POST00002713,13310660,True
POST00000441,10382498,True
POST00000329,16390029,True
POST00000994,15428636,True
POST00002905,5578283,True
POST00001011,3978713,True
POST00001182,10464673,True
POST00002888,34134663,True
POST00001561,5798402,True
POST00001445,6868498,True
POST00000611,31498687,True
POST00001943,4597900,True
POST00002546,2394341,True
POST00003031,4724678,True
POST00003676,4404167,True
POST00001248,1697017,True
POST00002614,4848516,True
POST00002066,6239124,True
POST00002058,4790920,True
POST00003797,1575839,True
POST00002401,4001801,True
POST00003039,2357480,True
POST00002955,1744781,True
POST00002192,14121412,True
POST00002772,14728414,True
POST00002522,25792724,True
POST00001096,8979197,True
POST00001515,4816461,True
POST00001887,3012354,True
POST00002902,29354860,True
POST00003409,30871249,True
POST00000957,4273161,True
POST00000219,3585473,True
POST00002441,10072830,True
POST00002233,46961922,True
POST00001546,1934217,True
POST00001983,11360494,True
POST00001030,11976963,True
POST00002012,27785239,True
POST00002570,12390308,True
POST00000417,5812565,True
POST00002748,8609360,True
POST00001254,16542705,True
POST00001183,15748292,True
POST00003553,22482500,True
POST00001400,3161177,True
POST00000591,8734750,True
POST00002943,13206811,True
POST00002964,15356146,True
POST00002910,16980654,True
POST00000231,14759488,True
POST00001073,11416468,True
POST00000068,3990952,True
POST00000971,8936126,True
POST00000883,8226870,True
POST00000558,1098324,True
POST00003084,18953588,True
POST00000482,4816986,True
POST00001860,3132542,True
POST00000476,3205640,True
POST00001297,3976480,True
POST00002853,5799198,True
POST00002337,5035077,True
POST00002331,2403749,True
POST00003988,8121062,True
POST00000348,8298813,True
POST00001772,1061786,True
POST00002117,1670446,True
POST00000234,3055040,True
POST00001538,1692007,True
POST00001001,967484,True
POST00000216,3423265,True
POST00002852,1428775,True
POST00000597,1664259,True
POST00002585,1291302,True
POST00002834,2011276,True
POST00000114,732477,True
POST00002246,5593178,True
POST00003869,466368,True
POST00003346,994370,True
POST00003708,2269412,True
POST00002755,5061044,True
POST00000534,2729152,True
POST00000598,750218,True
POST00000556,9589018,True
POST00000559,1784639,True
POST00000525,10041184,True
POST00000526,12091898,True
POST00000537,4107317,True
POST00000545,18976294,True
POST00000602,2128534,True
POST00000512,902288,True
POST00000509,9434306,True
POST00000600,12081645,True
POST00003969,5105166,True
POST00002381,1278559,True
POST00000383,13691877,True
POST00003415,7579218,True
POST00003693,2823382,True
POST00000081,2158182,True
POST00003164,15589355,True
POST00003870,4253282,True
POST00000105,1382281,True
POST00003006,1898200,True
POST00002236,10127744,True
POST00002818,1389501,True
POST00002808,2193723,True
POST00002930,4932001,True
POST00000196,6634008,True
POST00001520,10434521,True
POST00000641,12077067,True
POST00000532,2586589,True
POST00000607,974858,True
POST00000564,7962409,True
POST00000513,874800,True
POST00000652,1278648,True
POST00000577,958387,True
POST00000563,15778542,True
POST00000590,12250574,True
POST00000601,10283376,True
POST00000642,1167868,True
POST00000622,8316289,True
POST00003942,59977923,True
POST00001862,918291,True
POST00002953,449539,True
POST00003896,2084803,True
POST00002047,283454,True
POST00003225,1307208,True
POST00003010,1307380,True
POST00002499,2108587,True
POST00003107,2380445,True
POST00003519,315546,True
POST00000868,760152,True
POST00002547,5954264,True
POST00003980,861879,True
POST00002554,1489949,True
POST00000970,28356429,True
POST00003772,11008565,True
POST00000255,6980421,True
POST00003163,2169198,True
POST00003793,3952722,True
POST00001674,846892,True
POST00000358,2173571,True
POST00002727,9172105,True
POST00000057,4057531,True
POST00000293,7025555,True
POST00000016,965915,True
POST00000265,3329871,True
POST00000104,551692,True
POST00000147,1846284,True
POST00000956,3224572,True
POST00000861,3485948,True
POST00003237,14381245,True
POST00003472,1212346,True
POST00002924,817331,True
POST00003987,32535261,True
POST00003316,10297057,True
POST00002231,1683350,True
POST00003927,4120216,True
POST00002333,1540157,True
POST00003406,8814643,True
POST00003436,30698660,True
POST00000666,3815435,True
POST00002228,1310981,True
POST00001831,4670884,True
POST00001755,7552437,True
POST00003154,2420143,True
POST00000055,579886,True
POST00003865,2259599,True
POST00001808,482239,True
POST00001481,8497478,True
POST00003174,1917450,True
POST00002732,7895712,True
POST00001723,1598641,True
POST00001880,1407244,True
POST00003194,2502849,True
POST00001555,4523808,True
POST00001079,709908,True
POST00003076,2165794,True
POST00001668,714637,True
POST00003306,1827972,True
POST00001891,9206327,True
POST00003518,18205780,True
POST00003569,2284758,True
POST00002876,10880557,True
POST00000444,5382663,True
POST00001871,3583732,True
POST00001610,1114474,True
POST00001633,13861594,True
POST00001818,11808982,True
POST00001265,10610549,True
POST00001170,2508896,True
POST00002568,503716,True
POST00001802,6988738,True
POST00003158,1582762,True
POST00003821,3236828,True
POST00000906,5254556,True
POST00002081,3299808,True
POST00003867,8688141,True
POST00003953,8754122,True
POST00000673,2692326,True
POST00000311,5986032,True
POST00002327,893811,True
POST00003308,1238397,True
POST00003580,1347738,True
POST00003756,1673575,True
POST00000940,5017018,True
POST00003145,7337799,True
POST00002722,2046375,True
POST00003915,45765549,True
POST00003636,5165634,True
POST00000481,5028064,True
POST00002828,20283629,True
POST00003747,5710490,True
POST00001311,7076834,True
POST00003800,16509818,True
POST00002611,14018053,True
POST00002875,138549545,True
POST00001439,6652871,True
POST00002144,37742179,True
POST00003974,5010856,True
POST00002276,21182261,True
POST00003984,1630969,True
POST00000717,13787595,True
POST00003728,15495805,True
POST00001351,2380026,True
POST00002464,1127503,True
POST00001081,394743,True
POST00002678,5408492,True
POST00003268,2067195,True
POST00001552,568732,True
POST00002032,24326499,True
POST00000323,5844801,True
POST00003083,1733639,True
POST00003656,1730297,True
POST00002604,2982889,True
POST00002912,2688543,True
POST00001094,3204820,True
POST00002774,2832581,True
POST00002827,4189501,True
POST00003902,10839686,True
POST00003720,10950831,True
POST00000478,1056198,True
POST00003699,14805975,True
POST00000667,1543293,True
POST00002041,1611764,True
POST00001368,1593982,True
POST00001778,2696387,True
POST00000112,240867,True
POST00003612,8254605,True
POST00003159,262210,True
POST00002775,2806478,True
POST00000857,6060806,True
POST00003334,4923530,True
POST00001098,6044371,True
POST00001635,12560348,True
POST00000472,1017734,True
POST00000663,1408467,True
POST00000062,3015240,True
POST00002028,1213774,True
POST00000809,758327,True
POST00002602,4555580,True
POST00003432,1642586,True
POST00001327,8277205,True
POST00003950,4917789,True
POST00003293,1827661,True
POST00003376,995452,True
POST00003349,9799731,True
POST00002773,9126743,True
POST00001322,215497,True
POST00003323,3605926,True
POST00003633,1752656,True
POST00003994,4162612,True
POST00002674,7865373,True
POST00002315,2608097,True
POST00002384,6722302,True
POST00001374,185559,True
POST00000470,2311942,True
POST00003882,1578354,True
POST00003501,4970788,True
POST00002258,649702,True
POST00000477,2577306,True
POST00003761,4587549,True
POST00003425,2082961,True
POST00001133,1429049,True
POST00002625,2604078,True
POST00002487,20239139,True
POST00003115,21800653,True
POST00001432,22825167,True
POST00001859,1246613,True
POST00002374,796832,True
POST00001373,799818,True
POST00001244,1151073,True
POST00001027,2203553,True
POST00001052,3919726,True
POST00001136,4763139,True
POST00003796,3159809,True
POST00003412,5699521,True
POST00001016,13798701,True
POST00001056,3277191,True
POST00000999,5403779,True
POST00001127,14302881,True
POST00001003,4162220,True
POST00001153,3944121,True
POST00002685,5750436,True
POST00000818,3773084,True
POST00000880,4275909,True
POST00001653,25025062,True
POST00001147,18813019,True
POST00002068,12195959,True
POST00003298,27278027,True
POST00001370,1769873,True
POST00001103,3290538,True
POST00001186,6062302,True
POST00001091,44579331,True
POST00003276,2502917,True
POST00000985,5210404,True
POST00002607,2138424,True
POST00000645,2350677,True
POST00002208,11428724,True
POST00000337,1548328,True
POST00003585,16138538,True
POST00001446,2060825,True
POST00001093,5931159,True
POST00001012,2139147,True
POST00003575,1820892,True
POST00002429,594811,True
POST00002290,4434926,True
POST00003433,5591384,True
POST00003311,1716186,True
POST00002427,1393217,True
POST00002071,2950732,True
POST00000725,1831463,True
POST00002465,1902160,True
POST00002086,753110,True
POST00003578,1503482,True
POST00002393,1732467,True
POST00000967,2758726,True
POST00002854,5511182,True
POST00002096,18300377,True
POST00000918,2927816,True
POST00000654,1290232,True
POST00000659,1573533,True
POST00000631,1037029,True
POST00003020,52354077,True
POST00003837,2959684,True
POST00003686,5833992,True
POST00003128,8154348,True
POST00002985,2382809,True
POST00003784,8825497,True
POST00003754,574876,True
POST00001800,400168,True
POST00000260,4689054,True
POST00002186,1004030,True
POST00003137,1419649,True
POST00002411,2992868,True
POST00002399,4634872,True
POST00003649,6097350,True
POST00000132,3680075,True
POST00001263,817431,True
POST00002221,2784522,True
POST00001036,3258080,True
POST00003674,3150824,True
POST00002062,2806415,True
POST00000691,3667932,True
POST00001643,1421169,True
POST00002126,3853152,True
POST00000801,601985,True
POST00001648,7576518,True
POST00002247,3647455,True
POST00001097,4083877,True
POST00003177,1567163,True
POST00000942,18749672,True
POST00003608,17608416,True
POST00001348,3394450,True
POST00001586,3462041,True
POST00000715,6232983,True
POST00001791,2243829,True
POST00003414,5661593,True
POST00000242,2887582,True
POST00001478,1314488,True
POST00000772,12508208,True
POST00002193,10508362,True
POST00002609,6143350,True
POST00002472,17837520,True
POST00000640,1987695,True
POST00003062,3533366,True
POST00000334,925673,True
POST00002909,3047176,True
POST00000514,1193128,True
POST00000552,1445136,True
POST00003457,14900258,True
POST00003818,3539583,True
POST00003905,968109,True
POST00001125,1715227,True
POST00001264,173574,True
POST00001638,8852093,True
POST00001901,6996365,True
POST00001607,3006659,True
POST00001179,1950624,True
POST00002600,1957017,True
POST00002100,1021484,True
POST00002835,3809030,True
POST00003829,1973004,True
POST00000796,556239,True
POST00003511,414098,True
POST00001048,1749142,True
POST00000093,1614382,True
POST00002035,2419153,True
POST00002618,2881301,True
POST00003418,3124528,True
POST00003734,1960531,True
POST00001823,14357242,True
POST00002445,1444748,True
POST00001428,6815303,True
POST00000548,6515020,True
POST00002745,1219453,True
POST00003677,6819207,True
POST00000387,2376845,True
POST00001559,1472105,True
POST00001413,21835488,True
POST00001024,1807148,True
POST00001213,1693359,True
POST00001253,2232255,True
POST00001075,6550554,True
POST00000981,2583729,True
POST00003889,900859,True
POST00003386,9174041,True
POST00003327,4760065,True
POST00000288,1424508,True
POST00001367,4182171,True
POST00001349,1834487,True
POST00000066,648436,True
POST00003961,11433396,True
POST00003226,1865402,True
POST00003559,7229038,True
POST00002938,8979746,True
POST00001981,2391508,True
POST00001669,959922,True
POST00001685,3985798,True
POST00003205,3062190,True
POST00000531,3896120,True
POST00002645,4268446,True
POST00003548,2061275,True
POST00000161,2286559,True
POST00000137,4459827,True
POST00000549,3612871,True
POST00000871,2511929,True
POST00001034,2486140,True
POST00001106,3285849,True
POST00003741,7642941,True
POST00003893,17662181,True
POST00000404,1246340,True
POST00001954,1815630,True
POST00000153,1217554,True
POST00000165,6330392,True
POST00003091,4116950,True
POST00000063,2631510,True
POST00000230,5194484,True
POST00000106,987268,True
POST00002255,1556417,True
POST00001483,4172814,True
POST00002958,6358298,True
POST00000795,6394589,True
POST00001797,2823137,True
POST00000629,3749562,True
POST00002583,4267002,True
POST00003725,2390142,True
POST00002116,802084,True
POST00002789,26997662,True
POST00000813,1085933,True
POST00003022,6230812,True
POST00000826,2258877,True
POST00002448,10920957,True
POST00001938,16847788,True
POST00003663,4308429,True
POST00000164,17877874,True
POST00000684,6906623,True
POST00000224,10453506,True
POST00003362,1838217,True
POST00000011,4523350,True
POST00001814,4320082,True
POST00001083,16711865,True
POST00003759,9022147,True
POST00002005,2204495,True
POST00000089,3255419,True
POST00001066,10550066,True
POST00000937,4421730,True
POST00002064,1592463,True
POST00001540,5129495,True
POST00003338,3020180,True
POST00001410,1684574,True
POST00000434,5094843,True
POST00000059,8366271,True
POST00003638,19005383,True
POST00001980,1873675,True
POST00002692,19124341,True
POST00003958,2658073,True
POST00001416,3540825,True
POST00000800,3361535,True
POST00001004,3748092,True
POST00001059,4616478,True
POST00003660,27906496,True
POST00002668,5919027,True
POST00000273,18157928,True
POST00000510,3267708,True
POST00003260,18862785,True
POST00000322,4321609,True
POST00000665,9974468,True
POST00001107,3441271,True
POST00001171,4662710,True
POST00000835,5591571,True
POST00000381,4885787,True
POST00001102,2516194,True
POST00001095,3025808,True
POST00000617,6049407,True
POST00002762,10331963,True
POST00001448,4716925,True
POST00003474,2094345,True
POST00003831,16645521,True
POST00003379,5062500,True
POST00003387,9253168,True
POST00000367,7387259,True
POST00003392,5505772,True
POST00000661,3424113,True
POST00003005,4170514,True
POST00003744,7036857,True
POST00003216,19160479,True
POST00003524,5825438,True
POST00000364,7855865,True
POST00000776,14042730,True
POST00003812,2197760,True
POST00000770,3103902,True
POST00001548,11223460,True
POST00002830,7647656,True
POST00003835,8925739,True
POST00003116,1027121,True
POST00002657,2207453,True
POST00003294,1491240,True
POST00002328,5120586,True
POST00001257,2213518,True
POST00001700,22496103,True
POST00002240,4093780,True
POST00001876,7396331,True
POST00001544,23147958,True
POST00003212,10204610,True
POST00003610,15419635,True
POST00000009,11028882,True
POST00003855,35318356,True
POST00001262,12781814,True
POST00003373,10741383,True
POST00002434,6531095,True
POST00003240,16948877,True
POST00001303,7837840,True
POST00002018,2696759,True
POST00001741,2536954,True
POST00000046,1637314,True
POST00001487,5692477,True
POST00003813,1443859,True
POST00000149,4877780,True
POST00002783,10901738,True
POST00003428,20524887,True
POST00000746,9692394,True
POST00001345,5774125,True
POST00001191,11654962,True
POST00001849,535894,True
POST00000979,2986297,True
POST00001165,5000727,True
POST00001115,13070586,True
POST00001109,19594343,True
POST00001119,16559128,True
POST00003931,6728208,True
POST00003859,13681051,True
POST00000406,9455549,True
POST00002603,11987226,True
POST00001029,18158434,True
POST00002749,5604532,True
POST00003285,7546754,True
POST00000129,2133633,True
POST00001332,2184477,True
POST00000015,7756169,True
POST00000442,16316393,True
POST00000213,25684690,True
POST00002805,2086156,True
POST00000874,2097193,True
POST00001389,7500245,True
POST00003871,10825715,True
POST00001111,7778557,True
POST00003016,4540452,True
POST00001728,5175395,True
POST00003787,19204796,True
POST00003419,3134574,True
POST00002386,2636408,True
POST00003515,1148199,True
POST00003844,8041832,True
POST00000468,6448897,True
POST00002702,44529240,True
POST00000996,47558727,True
POST00001038,11434862,True
POST00001219,11450662,True
POST00000958,9379471,True
POST00003890,20181085,True
POST00000294,10593746,True
POST00003551,11580014,True
POST00003780,31517746,True
POST00000446,7961155,True
POST00000120,610659,True
POST00003320,1852613,True
POST00000998,2929414,True
POST00001738,2275537,True
POST00003178,46402584,True
POST00002450,3832706,True
POST00000797,36731214,True
POST00003200,5788325,True
POST00002156,4500160,True
POST00002545,4934796,True
POST00001858,4454182,True
POST00001677,5182209,True
POST00003669,8183369,True
POST00000731,8101271,True
POST00002770,7268676,True
POST00002314,5769175,True
POST00001162,9459200,True
POST00000627,2387689,True
POST00001148,3827696,True
POST00000951,5170139,True
POST00003331,1894580,True
POST00001000,2920991,True
POST00001189,2098740,True
POST00002619,6299464,True
POST00002553,1176797,True
POST00000087,675765,True
POST00001312,5785425,True
POST00000041,5883914,True
POST00001032,17855690,True
POST00000064,5491078,True
POST00001014,820505,True
POST00000157,1481690,True
POST00002950,5881057,True
POST00002998,13940399,True
POST00000305,1188210,True
POST00001456,4120031,True
POST00000029,4702949,True
POST00003464,7423685,True
POST00003840,13269188,True
POST00000738,8216651,True
POST00002819,8162160,True
POST00001709,14687290,True
POST00000426,9408551,True
POST00001328,24542518,True
POST00001340,6373364,True
POST00000846,8104902,True
POST00002814,1082623,True
POST00000599,5171422,True
POST00001009,1267745,True
POST00003981,16906912,True
POST00001528,7901925,True
POST00003493,15289896,True
POST00002882,8835028,True
POST00003647,4889608,True
POST00003667,8587889,True
POST00000799,4715617,True
POST00003239,7807149,True
POST00003963,22785901,True
POST00003542,14548019,True
POST00000287,5118789,True
POST00001278,1532585,True
POST00000540,1980983,True
POST00000308,977339,True
POST00001915,531125,True
POST00002361,4914307,True
POST00003258,7788914,True
POST00000277,7074700,True
POST00003420,2500137,True
POST00001810,2306883,True
POST00003825,3707606,True
POST00000131,8156569,True
POST00002711,5222224,True
POST00003165,2040425,True
POST00002926,2433765,True
POST00000954,3058418,True
POST00002088,1224490,True
POST00003556,4114073,True
POST00002132,2082595,True
POST00002261,546788,True
POST00002621,12235825,True
POST00000298,722595,True
POST00003364,732755,True
POST00000025,738040,True
POST00001782,5143564,True
POST00001930,2802283,True
POST00000519,1907101,True
POST00000822,2128126,True
POST00000787,1724446,True
POST00000767,28196728,True
POST00000863,4479731,True
POST00003923,2609099,True
POST00000709,3521549,True
POST00002737,16486239,True
POST00000386,3725425,True
POST00002563,816449,True
POST00000253,7176631,True
POST00000660,3393719,True
POST00003937,9583209,True
POST00003336,3873920,True
POST00003374,10032132,True
POST00002502,11162280,True
POST00003459,9720818,True
POST00002653,1661827,True
POST00002136,4404248,True
POST00002833,15894046,True
POST00001727,1719760,True
POST00000297,3490060,True
POST00002495,3548505,True
POST00002141,3422221,True
POST00002890,931810,True
POST00000407,856606,True
POST00001157,2410762,True
POST00001399,1309570,True
POST00002180,4628184,True
POST00001188,2714204,True
POST00003779,16432602,True
POST00002533,37409933,True
POST00000745,2799191,True
POST00002489,2118867,True
POST00001576,9757076,True
POST00003417,14391017,True
POST00000755,44708467,True
POST00000078,3587293,True
POST00002278,3428876,True
POST00002708,5877127,True
POST00002908,4587908,True
POST00000394,671452,True
POST00001436,1880100,True
POST00003989,9526268,True
POST00001511,4249327,True
POST00002021,10059126,True
POST00002241,1161220,True
POST00000275,2049723,True
POST00003726,8019864,True
POST00003877,8273900,True
POST00001271,4025806,True
POST00001100,5744299,True
POST00002754,9092317,True
POST00001131,1655822,True
POST00003995,14935495,True
POST00000300,1479669,True
POST00001719,1705382,True
POST00003611,7429474,True
POST00002336,6780113,True
POST00001737,419010,True
POST00003769,1373061,True
POST00002194,1044938,True
POST00000222,6436836,True
POST00002335,3428001,True
POST00002514,2253558,True
POST00001743,85900,True
POST00003183,124420,True
POST00001792,1775906,True
POST00000307,1684166,True
POST00000031,1615359,True
POST00001074,1259478,True
POST00000245,1557327,True
POST00000429,939434,True
POST00000757,1372872,True
POST00000254,5536907,True
POST00001921,2151911,True
POST00003290,616876,True
POST00002967,408091,True
POST00000896,1658265,True
POST00000720,527843,True
POST00000624,5803638,True
POST00000418,2884336,True
POST00000655,5425029,True
POST00000747,1683557,True
POST00000858,2896778,True
POST00000179,6282208,True
POST00000152,2865016,True
POST00000189,4538402,True
POST00000619,2320443,True
POST00001357,3637875,True
POST00003853,1566895,True
POST00001857,2652324,True
POST00001339,1038773,True
POST00001141,4041558,True
POST00001295,3103566,True
POST00001249,3541515,True
POST00001225,25791681,True
POST00003970,10641779,True
POST00001443,1056046,True
POST00003851,1561608,True
POST00003913,1014559,True
POST00002914,3857809,True
POST00001397,1372417,True
POST00003500,2878119,True
POST00000862,1064940,True
POST00000751,753420,True
POST00002988,3714751,True
POST00001203,3719408,True
POST00003289,5943824,True
POST00003954,459968,True
POST00003620,1921196,True
POST00002757,2664736,True
POST00000728,2976231,True
POST00003849,1615698,True
POST00002746,433819,True
POST00003337,5650094,True
POST00003203,8349986,True
POST00003248,7746919,True
POST00003242,2722191,True
POST00003185,7475968,True
POST00002995,8944992,True
POST00000628,13104982,True
POST00003055,8503526,True
POST00003898,663342,True
POST00001064,1943945,True
POST00001283,1272394,True
POST00002222,3232862,True
POST00002420,2014113,True
POST00001031,2533150,True
POST00000987,3328320,True
POST00001334,5731677,True
POST00001558,4683125,True
POST00001517,5502805,True
POST00000900,2157864,True
POST00003023,29118403,True
POST00001582,4766826,True
POST00003992,9118818,True
POST00003593,9061755,True
POST00002368,20076353,True
POST00000610,3167978,True
POST00002292,850713,True
POST00001986,9392539,True
POST00001570,2542922,True
POST00001352,1285071,True
POST00002435,728628,True
POST00002430,720978,True
POST00002442,699984,True
POST00003999,19820014,True
POST00001039,2179327,True
POST00002975,936180,True
POST00003344,3461228,True
POST00001053,138367,True
POST00001854,1882080,True
POST00001636,7036193,True
POST00002020,2113808,True
POST00003758,1722843,True
POST00002850,3636489,True
POST00002877,4981475,True
POST00001217,4536451,True
POST00003147,921707,True
POST00001431,684311,True
POST00001637,5907900,True
POST00001505,1121852,True
POST00002179,5452524,True
POST00003401,1144712,True
POST00003845,1533067,True
POST00000710,2137487,True
POST00001756,5355871,True
POST00000892,2572326,True
POST00001177,621386,True
POST00002235,6654095,True
POST00001641,8067918,True
POST00001763,7457924,True
POST00003582,2429613,True
POST00002119,12400901,True
POST00002646,768316,True
POST00000061,5597787,True
POST00002383,2117880,True
POST00000860,21893665,True
POST00001990,2251048,True
POST00001730,257938,True
POST00002306,2863377,True
POST00003702,11115901,True
POST00001386,631496,True
POST00002587,1042227,True
POST00002893,5228432,True
POST00002467,628384,True
POST00002455,2284586,True
POST00001768,215721,True
POST00000191,1612563,True
POST00001337,5429553,True
POST00001955,1800500,True
POST00000010,1348770,True
POST00001025,1618126,True
POST00002212,3084760,True
POST00000168,1562313,True
POST00003277,841922,True
POST00002024,2252195,True
POST00002168,3245046,True
POST00000859,2508194,True
POST00003077,5109568,True
POST00002257,3743359,True
POST00000044,5512111,True
POST00002986,4135016,True
POST00002348,208547,True
POST00002889,44657212,True
POST00000295,12172686,True
POST00001718,23377232,True
POST00000944,4502938,True
POST00002017,2198685,True
POST00000422,10001695,True
POST00000197,4187196,True
POST00000382,2768110,True
POST00003505,29060892,True
POST00002034,9820104,True
POST00002558,4340977,True
POST00003235,2333201,True
POST00000606,4960998,True
POST00000115,3749789,True
POST00003803,5856512,True
POST00001896,5561103,True
POST00002922,1042390,True
POST00003940,12657025,True
POST00003646,1775801,True
POST00001193,1003203,True
POST00002864,784761,True
POST00000486,1264261,True
POST00003202,4059611,True
POST00002256,356918,True
POST00003209,10731862,True
POST00001795,2557938,True
POST00000411,1434882,True
POST00001886,1644520,True
POST00000754,2741419,True
POST00002802,5320574,True
POST00003052,5601709,True
POST00001616,1513090,True
POST00003996,2177902,True
POST00002285,5242603,True
POST00002497,10342028,True
POST00003263,5086336,True
POST00002509,3903695,True
POST00000511,3884769,True
POST00000840,9920799,True
POST00003051,939592,True
POST00002624,13873935,True
POST00003261,4166499,True
POST00004000,1799180,True
POST00003198,2317377,True
POST00001122,363659,True
POST00000884,8275944,True
POST00001304,21783168,True
POST00000594,7265043,True
POST00000097,4752697,True
POST00003627,14479566,True
POST00000085,8013081,True
POST00001092,251209,True
POST00001711,39640373,True
POST00003322,4224782,True
POST00001680,7102592,True
POST00002820,1680694,True
POST00003273,6541307,True
POST00000244,9961472,True
POST00001781,601475,True
POST00000938,1513558,True
POST00000615,5098286,True
POST00003777,1116729,True
POST00003426,3315382,True
POST00002931,8872419,True
POST00000034,12617117,True
POST00002918,3714092,True
POST00000952,564704,True
POST00000171,1285359,True
POST00002695,3001216,True
POST00000159,4472409,True
POST00000194,720752,True
POST00003458,9771902,True
POST00000929,890118,True
POST00003648,2306789,True
POST00001838,14276139,True
POST00003957,1488497,True
POST00000734,1302976,True
POST00001331,3582981,True
POST00003312,3332811,True
POST00003156,647182,True
POST00001019,2483738,True
POST00001594,4119792,True
POST00001377,3868852,True
POST00000562,3324731,True
POST00001589,1524090,True
POST00001023,530822,True
POST00001973,2695072,True
POST00001581,4435430,True
POST00000586,680389,True
POST00001893,8314514,True
POST00000173,2487413,True
POST00001394,6354341,True
POST00002093,7964484,True
POST00001427,3586946,True
POST00003544,16282842,True
POST00003836,3322958,True
POST00001466,69098406,True
POST00000810,4358016,True
POST00003959,2877118,True
POST00003920,11117436,True
POST00000276,1585290,True
POST00003191,20490371,True
POST00003484,811509,True
POST00002211,14696175,True
POST00002807,1445038,True
POST00000618,1504703,True
POST00003403,2563626,True
POST00003064,2660189,True
POST00003670,13277568,True
POST00003262,13739812,True
POST00001947,3138279,True
POST00003399,19422804,True
POST00001573,916850,True
POST00003537,10670539,True
POST00000124,992796,True
POST00000604,805695,True
POST00001166,535192,True
POST00000286,942981,True
POST00003539,4971989,True
POST00000581,4835078,True
POST00000515,15880942,True
POST00002540,38325003,True
POST00001480,7810008,True
POST00001454,4388283,True
POST00001282,1283309,True
POST00002822,26063285,True
POST00002869,2862268,True
POST00002734,9157024,True
POST00003394,16056984,True
POST00000497,4321389,True
POST00001820,1629579,True
POST00000690,6247684,True
POST00000503,4503983,True
POST00002658,815078,True
POST00000362,935171,True
POST00003095,11631418,True
POST00000211,3595954,True
POST00002846,970629,True
POST00000424,6939156,True
POST00001942,19132072,True
POST00002190,1352669,True
POST00000922,5491515,True
POST00001760,8566841,True
POST00002980,1862961,True
POST00000368,10500244,True
POST00001907,23251385,True
POST00000907,941614,True
POST00003533,4520948,True
POST00002415,1662237,True
POST00002566,2250118,True
POST00001402,8479215,True
POST00003546,1002674,True
POST00003767,2207228,True
POST00001320,2689727,True
POST00003047,8647724,True
POST00000760,2222684,True
POST00000815,3159714,True
POST00000375,11376193,True
POST00000761,1992799,True
POST00002227,10387364,True
POST00003176,15891237,True
POST00000088,7461129,True
POST00002213,4049861,True
POST00002974,1759371,True
POST00002039,2958808,True
POST00002369,9116851,True
POST00001062,1571577,True
POST00002977,4825755,True
POST00002968,12974074,True
POST00000496,20367242,True
POST00003017,26768446,True
POST00002343,14147576,True
POST00003342,21344146,True
POST00001651,23427271,True
POST00002993,4448833,True
POST00001902,15192854,True
POST00002396,26419264,True
POST00003973,14729934,True
POST00003807,40637775,True
POST00002880,2383431,True
POST00000732,1019767,True
POST00000264,4667814,True
POST00001434,3025674,True
POST00003928,4384242,True
POST00001307,9721269,True
POST00001924,9632485,True
POST00003485,3145622,True
POST00002165,666100,True
POST00002484,169425,True
POST00001979,191817,True
POST00001659,1487789,True
POST00002551,19182488,True
POST00002075,4496511,True
POST00000831,6789056,True
POST00003768,43741444,True
POST00003192,1488607,True
POST00001748,1812586,True
POST00000002,10959294,True
POST00001843,8452993,True
POST00000634,19494354,True
POST00003395,26746169,True
POST00002960,4541285,True
POST00000798,6103744,True
POST00001270,5295844,True
POST00000578,6509746,True
POST00002303,5720414,True
POST00002651,10517468,True
POST00002322,5207608,True
POST00001972,628128,True
POST00000680,1108907,True
POST00001883,1167995,True
POST00001995,2917361,True
POST00000829,2445281,True
POST00000256,1380941,True
POST00000225,6919257,True
POST00002102,1034017,True
POST00000036,4718745,True
POST00002588,1634203,True
POST00001910,8912115,True
POST00001479,3212731,True
POST00001497,11223736,True
POST00003449,29344470,True
POST00001392,1116983,True
POST00003866,6667023,True
POST00002176,2651721,True
POST00000768,3796765,True
POST00003815,1208634,True
POST00000833,1700031,True
POST00000698,7342580,True
POST00003134,5443649,True
POST00000905,8537163,True
POST00000752,17036163,True
POST00000911,7584823,True
POST00000903,1500891,True
POST00000791,8467965,True
POST00002887,3334005,True
POST00000842,3066163,True
POST00000808,5930322,True
POST00000904,14992656,True
POST00000806,921526,True
POST00000769,4412454,True
POST00000897,17722334,True
POST00000834,3658874,True
POST00000596,9076372,True
POST00001037,2023337,True
POST00000812,11994924,True
POST00003506,2315611,True
POST00002371,5508538,True
POST00000419,5504741,True
POST00000474,12456893,True
POST00003933,21262747,True
POST00000266,1621285,True
POST00000045,6536543,True
POST00000050,662387,True
POST00000961,2850178,True
POST00001731,3074046,True
POST00001380,3484398,True
POST00000229,562699,True
POST00000855,5512442,True
POST00000077,3622657,True
POST00003590,6003240,True
POST00003879,7234535,True
POST00003280,3069025,True
POST00000218,1424637,True
POST00001963,19267668,True
POST00002691,26588600,True
POST00003437,425594,True
POST00002761,802118,True
POST00002223,1047064,True
POST00002849,12541541,True
POST00001099,740975,True
POST00002375,9339502,True
POST00003510,1528372,True
POST00003876,9190326,True
POST00000502,5720827,True
POST00003440,12566836,True
POST00002287,3186538,True
POST00000279,2719100,True
POST00000117,7140649,True
POST00001624,1726775,True
POST00003778,948123,True
POST00001812,7395732,True
POST00003714,4310695,True
POST00003731,11070944,True
POST00003572,5492744,True
POST00001274,2207538,True
POST00003847,8294719,True
POST00001475,1631980,True
POST00001028,3723314,True
POST00000456,4524800,True
POST00001592,10496291,True
POST00002163,17123637,True
POST00000885,1596286,True
POST00002350,2423082,True
POST00000127,4063435,True
POST00000898,1950213,True
POST00001269,2758281,True
POST00002564,17161214,True
POST00001595,35960912,True
POST00000643,10390277,True
POST00000018,2304180,True
POST00000212,3738864,True
POST00002586,6502168,True
POST00001231,33857142,True
POST00000850,4529918,True
POST00003161,3481735,True
POST00002130,8509926,True
POST00003697,5287414,True
POST00002346,5936436,True
POST00000130,2142210,True
POST00002405,10661926,True
POST00000679,9053771,True
POST00000765,5258172,True
POST00001409,10143781,True
POST00002263,5827328,True
POST00002776,2860708,True
POST00002730,603799,True
POST00002798,4961610,True
POST00002601,1716593,True
POST00002787,9340470,True
POST00000079,19181097,True
POST00002206,257709,True
POST00000992,16706862,True
POST00003527,3555325,True
POST00003045,15987688,True
POST00003666,6709600,True
POST00001736,318624,True
POST00003332,690127,True
POST00002728,802738,True
POST00003060,363180,True
POST00002809,429398,True
POST00001268,1799345,True
POST00003404,5170395,True
POST00002597,2606068,True
POST00000864,1319497,True
POST00002260,568336,True
POST00000086,4000691,True
POST00001272,1815586,True
POST00003514,51984782,True
POST00002312,732224,True
POST00002397,2803738,True
POST00003523,3945873,True
POST00000804,30545422,True
POST00000648,7932428,True
POST00003576,5632706,True
POST00002280,708202,True
POST00003082,2752903,True
POST00002886,724173,True
POST00000267,6780825,True
POST00001747,3055522,True
POST00003234,765095,True
POST00003650,1390599,True
POST00001197,828286,True
POST00001198,625180,True
POST00003028,4229907,True
POST00002174,4536393,True
POST00002446,2746158,True
POST00002706,9050607,True
POST00003745,5049917,True
POST00000705,1436602,True
POST00000356,46350223,True
POST00001774,21349818,True
POST00001414,6136798,True
POST00000380,10716911,True
POST00001015,11284267,True
POST00003773,9120453,True
POST00000372,1754374,True
POST00001547,6566561,True
POST00001017,2185180,True
POST00001568,3596870,True
POST00003642,50196775,True
POST00002196,14977170,True
POST00001526,117285005,True
POST00001305,46647532,True
POST00000281,4297137,True
POST00000343,9296941,True
POST00000065,2409022,True
POST00002133,884253,True
POST00000814,836839,True
POST00000982,319257,True
POST00000425,2089398,True
POST00002679,1367553,True
POST00001875,822424,True
POST00002868,3461484,True
POST00001369,20639447,True
POST00002379,40457260,True
POST00002851,968681,True
POST00001159,2644281,True
POST00002843,1746979,True
POST00003717,6677404,True
POST00003451,6077165,True
POST00003231,14092993,True
POST00001134,4368307,True
POST00002217,4792477,True
POST00000644,1873860,True
POST00000893,1053254,True
POST00002143,9932905,True
POST00000881,2327140,True
POST00002701,601482,True
POST00002197,5897014,True
POST00000995,2207218,True
POST00001519,2285070,True
POST00003329,2260354,True
POST00003295,2115395,True
POST00000912,3829842,True
POST00002812,2020377,True
POST00001178,5312481,True
POST00001316,1207054,True
POST00001608,1343278,True
POST00000932,1224132,True
POST00000819,1671512,True
POST00001825,856178,True
POST00001390,2303720,True
POST00003789,1872818,True
POST00001411,2847289,True
POST00002138,8500875,True
POST00002104,1881936,True
POST00000449,11612910,True
POST00003282,2366105,True
POST00002528,3668536,True
POST00002952,2555940,True
POST00003066,9946411,True
POST00000108,2621096,True
POST00001527,3493206,True
POST00003019,6705823,True
POST00000764,14071452,True
POST00000330,10586273,True
POST00002681,8707961,True
POST00000259,808109,True
POST00001375,6198613,True
POST00003716,2381111,True
POST00000398,4682593,True
POST00002365,1268643,True
POST00000397,2539147,True
POST00000401,4793264,True
POST00003250,22315837,True
POST00003423,7618560,True
POST00002862,3240735,True
POST00001491,19071155,True
POST00002203,5937630,True
POST00002534,5410843,True
POST00003038,44118972,True
POST00003997,851063,True
POST00002738,4505609,True
POST00002572,4005834,True
POST00003068,3585397,True
POST00002705,5891648,True
POST00003167,3019355,True
POST00002095,16523482,True
POST00001864,1891967,True
POST00002966,6623151,True
POST00001926,2268598,True
POST00000774,16169122,True
POST00002412,14064569,True
POST00000091,7338953,True
POST00003448,786890,True
POST00002929,1121915,True
POST00001313,5809337,True
POST00002385,2230403,True
POST00003883,5159637,True
POST00002655,2208635,True
POST00002683,4515808,True
POST00002501,3381376,True
POST00002092,2538183,True
POST00002316,4279179,True
POST00003335,705281,True
POST00002663,1074501,True
POST00000870,19481524,True
POST00001176,3227250,True
POST00001609,19729293,True
POST00001049,4158993,True
POST00000296,2013201,True
POST00000945,3830948,True
POST00003044,1206694,True
POST00002786,22304808,True
POST00000727,6072231,True
POST00000160,3626191,True
POST00002939,7922627,True
POST00003911,3918529,True
POST00003469,22462365,True
POST00002341,4788596,True
POST00002080,8053235,True
POST00002273,13053246,True
POST00002218,5583345,True
POST00001703,3332130,True
POST00002195,11816691,True
POST00000243,12138913,True
POST00003852,2458550,True
POST00001556,46996737,True
POST00003872,3879416,True
POST00001694,34178122,True
POST00002123,21166097,True
POST00002011,8230398,True
POST00001790,7034150,True
POST00002482,5363410,True
POST00001417,24620903,True
POST00003723,2157168,True
POST00001888,16316374,True
POST00001599,9140366,True
POST00001022,4838926,True
POST00000763,5570216,True
POST00003144,18798384,True
POST00003029,3333140,True
POST00003993,2349651,True
POST00000960,2807637,True
POST00002483,4865833,True
POST00002366,13575690,True
POST00002580,5657045,True
POST00002826,5180666,True
POST00001406,11797274,True
POST00002973,13560878,True
POST00001835,1905529,True
POST00003499,10487373,True
POST00002719,4152564,True
POST00000748,1001539,True
POST00003241,626040,True
POST00002883,964690,True
POST00001827,7230911,True
POST00001250,3236624,True
POST00001291,5666873,True
POST00002638,8884331,True
POST00000023,1570870,True
POST00001588,7022243,True
POST00003848,9613017,True
POST00002171,9844590,True
POST00003936,10701134,True
POST00002148,2655239,True
POST00000506,3122850,True
POST00002648,6162075,True
POST00002053,6912037,True
POST00001488,60331975,True
POST00003683,4117665,True
POST00000851,3971483,True
POST00003117,4448821,True
POST00001870,6271447,True
POST00003690,2554990,True
POST00001441,4714982,True
POST00002389,3888156,True
POST00002087,11872428,True
POST00001442,8602215,True
POST00002735,3894091,True
POST00002750,2740048,True
POST00001602,9865402,True
POST00002771,3771540,True
POST00002872,6020479,True
POST00002863,9282374,True
POST00002874,4368243,True
POST00002503,4230523,True
POST00002188,12845462,True
POST00002532,4435613,True
POST00003011,7810157,True
POST00001757,3200891,True
POST00002388,1640550,True
POST00002049,2620732,True
POST00002302,5735024,True
POST00001929,3262004,True
POST00001753,12325123,True
POST00000453,903572,True
POST00001553,1309668,True
POST00001577,2378037,True
POST00001686,4641839,True
POST00000006,14269236,True
POST00000973,2494885,True
POST00000741,3878803,True
POST00001847,2357296,True
POST00003895,5917698,True
POST00003944,9524325,True
POST00003912,670935,True
POST00003360,5699769,True
POST00000670,8535986,True
POST00003703,2549644,True
POST00003672,995784,True
POST00000867,877577,True
POST00003783,2715954,True
POST00003661,5184128,True
POST00003067,22656357,True
POST00000697,9294868,True
POST00003416,4728497,True
POST00003689,3566064,True
POST00003353,2740452,True
POST00003986,912734,True
POST00002321,6661030,True
POST00001234,695799,True
POST00002084,12514813,True
POST00003885,2677170,True
POST00002452,6140737,True
POST00003681,8662782,True
POST00001639,1095589,True
POST00002338,3342773,True
POST00001965,1436725,True
POST00003048,3230422,True
POST00000504,17306845,True
POST00001988,10182808,True
POST00002120,1644074,True
POST00001473,2147610,True
POST00001531,1237645,True
POST00001173,1198640,True
POST00001180,1873668,True
POST00000625,3315409,True
POST00001207,1589551,True
POST00002641,1158654,True
POST00000668,1104628,True
POST00001366,11200997,True
POST00001423,9175808,True
POST00002059,1429900,True
POST00001563,1544388,True
POST00002210,5352113,True
POST00001292,26208509,True
POST00003881,6293683,True
POST00002486,6389157,True
POST00003356,1622112,True
POST00000699,4125694,True
POST00000726,8821632,True
POST00000724,4332734,True
POST00000687,8445359,True
POST00000647,4736826,True
POST00000685,1671656,True
POST00000649,10260798,True
POST00000693,729592,True
POST00000783,5254888,True
POST00000775,10074167,True
POST00000876,7545944,True
POST00000901,4171743,True
POST00000821,20213172,True
POST00000889,3318184,True
POST00000750,5976866,True
POST00000688,5510989,True
POST00000722,15818649,True
POST00000735,14348701,True
POST00003162,5041924,True
POST00000733,3065053,True
POST00003809,2618869,True
POST00003968,19679502,True
POST00000501,1891789,True
POST00001585,7936912,True
POST00001584,13820895,True
POST00003704,904810,True
POST00003352,2609072,True
POST00000473,1020294,True
POST00002919,4035843,True
POST00002530,8722410,True
POST00003090,1813494,True
POST00002769,5460588,True
POST00003172,5299254,True
POST00003709,1896424,True
POST00002216,3952673,True
POST00003629,32722267,True
POST00000192,2250977,True
POST00003557,1071741,True
POST00000626,6199796,True
POST00003296,67320941,True
POST00003775,12997908,True
POST00000492,12413838,True
POST00003899,1176214,True
POST00000227,7170024,True
POST00003534,11074790,True
POST00003862,4320671,True
POST00002525,25999309,True
POST00001713,19829717,True
POST00002178,15800690,True
POST00001865,7884428,True
POST00000412,1352807,True
POST00001821,8802549,True
POST00001957,4758761,True
POST00003058,2538382,True
POST00002398,1413652,True
POST00002029,17887480,True
POST00003938,5563072,True
POST00003301,6557767,True
POST00003917,1277870,True
POST00000686,1320572,True
POST00000708,21785020,True
POST00003786,1262251,True
POST00001771,595600,True
POST00000257,1085693,True
POST00002917,590059,True
POST00003765,1493478,True
POST00001920,1810804,True
POST00001832,1196371,True
POST00003762,1338382,True
POST00000528,123587374,True
POST00002965,489582,True
POST00001486,1845665,True
POST00001252,2172644,True
POST00000019,1800118,True
POST00002400,705900,True
POST00003372,544701,True
POST00001235,10155561,True
POST00003826,781822,True
POST00003371,1670296,True
POST00002649,332423,True
POST00001455,1784251,True
POST00001117,11777431,True
POST00001444,8240391,True
POST00000133,2733487,True
POST00000816,2259044,True
POST00002569,5545648,True
POST00000917,4497411,True
POST00002672,2832279,True
POST00000405,4787893,True
POST00001996,635456,True
POST00000802,1147041,True
POST00002037,6761360,True
POST00000980,814245,True
POST00002181,7100369,True
POST00000400,9427910,True
POST00003952,1144046,True
POST00003874,3283394,True
POST00003497,556454,True
POST00000570,1588145,True
POST00003900,7877541,True
POST00003985,9719594,True
POST00000582,14956133,True
POST00003956,504760,True
POST00003935,6746302,True
POST00002308,8946808,True
POST00000123,3388627,True
POST00003109,10288465,True
POST00000669,18964811,True
POST00001419,1193864,True
POST00002524,5265774,True
POST00002976,1980083,True
POST00003402,6156460,True
POST00003512,1713913,True
POST00003400,1083014,True
POST00003061,1621449,True
POST00003846,5846156,True
POST00001811,3537053,True
POST00000118,3326142,True
POST00003151,16800851,True
POST00003630,5562259,True
POST00001429,33629140,True
POST00000766,501345,True
POST00000910,22909407,True
POST00002549,11112813,True
POST00000875,2466223,True
POST00000847,5272466,True
POST00001656,11343502,True
POST00003033,14859166,True
POST00000928,9410149,True
POST00000664,157530,True
POST00003841,4203123,True
POST00000239,7657860,True
POST00000202,3216159,True
POST00000204,2493528,True
POST00000198,4060337,True
POST00000199,20097051,True
POST00000220,28259907,True
POST00000195,3272463,True
POST00000210,8865767,True
POST00000217,13911771,True
POST00000232,3585345,True
POST00000203,3058280,True
POST00000201,1674162,True
POST00000193,4345117,True
POST00000215,5256024,True
POST00003089,4453473,True
POST00002507,2138493,True
POST00002891,7887141,True
POST00002215,2325212,True
POST00003271,2593782,True
POST00003065,5943016,True
POST00003979,12137049,True
POST00000072,4703438,True
POST00000373,27261121,True
POST00001945,9363721,True
POST00001415,2040688,True
POST00003256,1784405,True
POST00002458,1510985,True
POST00001960,19075235,True
POST00001868,6077853,True
POST00001477,1394471,True
POST00001650,2172741,True
POST00003101,1409275,True
POST00001465,1703243,True
POST00002842,2647615,True
POST00001212,689932,True
POST00001347,2625577,True
POST00003545,1248779,True
POST00003659,1346147,True
POST00000820,2263471,True
POST00001285,2094065,True
POST00001796,480095,True
POST00000657,6384901,True
POST00001299,1599092,True
POST00001603,1979490,True
POST00002094,1687662,True
POST00000908,6611267,True
POST00000541,5286358,True
POST00002004,486003,True
POST00001605,606531,True
POST00001833,3211833,True
POST00003495,10172174,True
POST00000605,2230067,True
POST00003430,6569350,True
POST00000250,3543310,True
POST00001946,7107956,True
POST00002947,1985805,True
POST00002907,3856141,True
POST00003407,6175459,True
POST00002759,1045860,True
POST00001350,156564,True
POST00001855,3750997,True
POST00000247,3068714,True
POST00003609,42463302,True
POST00003190,16472417,True
POST00002014,10392434,True
POST00002140,44320459,True
POST00001806,19552279,True
POST00003398,8028632,True
POST00000636,4580117,True
POST00000811,6480067,True
POST00003904,286988,True
POST00000480,2247529,True
POST00000790,1383880,True
POST00000163,4460657,True
POST00000403,5099666,True
POST00002921,2777357,True
POST00000588,4561732,True
POST00000543,4499885,True
POST00000584,639947,True
POST00000566,3553481,True
POST00000575,2431489,True
POST00000585,7323791,True
POST00000454,9466707,True
POST00000593,1316471,True
POST00000579,8995052,True
POST00000555,2097086,True
POST00000491,2437666,True
POST00000466,5434051,True
POST00000475,5742254,True
POST00003998,12832010,True
POST00003880,13819873,True
POST00000706,20693668,True
POST00003982,2431469,True
POST00000580,1639290,True
POST00000853,5265561,True
POST00001807,48388257,True
POST00002291,1750980,True
POST00000505,14682788,True
POST00001666,398310,True
POST00003291,6087801,True
POST00001697,1182407,True
POST00001530,4045525,True
POST00003967,33468449,True
POST00002007,1481563,True
POST00002642,3248827,True
POST00003698,6183142,True
POST00003063,9077645,True
POST00002238,3765911,True
POST00000565,32051957,True
POST00001733,825026,True
POST00002940,15712292,True
POST00002675,1922949,True
POST00003149,682825,True
POST00000423,2973159,True
POST00002219,2077076,True
POST00003521,5317838,True
POST00002414,5064602,True
POST00001336,4387394,True
POST00002111,4856652,True
POST00001725,1121725,True
POST00002859,3682202,True
POST00003085,16752772,True
POST00003543,19962305,True
POST00000037,6504072,True
POST00002606,12984449,True
POST00003864,7276008,True
POST00003830,23967480,True
POST00001168,5462275,True
POST00003643,7840191,True
POST00002406,8429967,True
POST00002858,4350576,True
POST00000538,5825422,True
POST00001152,233371,True
POST00001447,12561541,True
POST00001708,8797592,True
POST00002325,8411577,True
POST00001679,3510351,True
POST00002824,6078896,True
POST00000095,4220251,True
POST00000155,4686631,True
POST00003547,7236997,True
POST00000181,8157692,True
POST00001583,10123757,True
POST00001343,9762036,True
POST00000185,3982972,True
POST00001649,2546200,True
POST00000021,18993445,True
POST00002627,8722814,True
POST00000180,18474584,True
POST00001844,3513927,True
POST00000546,8987353,True
POST00000794,11169280,True
POST00000879,5300389,True
POST00003461,1404491,True
POST00001830,7061119,True
POST00003037,207387,True
POST00003503,8458302,True
POST00003141,3715998,True
POST00001927,4168795,True
POST00002471,6477714,True
POST00003054,8166003,True
POST00002620,4161981,True
POST00003791,30235530,True
POST00002506,3098023,True
POST00001259,1684973,True
POST00001288,2970429,True
POST00000175,4254783,True
POST00001596,3692219,True
POST00001869,1417436,True
POST00003330,5925059,True
POST00001408,2978437,True
POST00003509,1066470,True
POST00000786,6232967,True
POST00001489,3569906,True
POST00001194,2041058,True
POST00001247,1902885,True
POST00003887,17048451,True
POST00000674,38624564,True
POST00002573,28475764,True
POST00002656,1487488,True
POST00003838,669868,True
POST00003255,4661616,True
POST00000291,8493008,True
POST00002844,3259984,True
POST00003688,4485485,True
POST00002363,14398456,True
POST00000921,460253,True
POST00001499,4069234,True
POST00001614,3925540,True
POST00003810,9135234,True
POST00003175,3418542,True
POST00000056,1026994,True
POST00003617,3275747,True
POST00000357,3103205,True
POST00002129,1008470,True
POST00000886,6160041,True
POST00000396,5862042,True
POST00000369,222125,True
POST00000950,1210687,True
POST00000560,1869288,True
POST00002840,530209,True
POST00002548,1617519,True
POST00001834,921542,True
POST00001746,1886704,True
POST00002485,23051685,True
POST00003908,824143,True
POST00000384,1394351,True
POST00000183,689187,True
POST00000539,1133179,True
POST00002557,2720941,True
POST00000067,650581,True
POST00000431,14552027,True
POST00003246,459085,True
POST00000167,11259684,True
POST00000567,12192975,True
POST00003508,757302,True
POST00003804,11723980,True
POST00001440,2160929,True
POST00001372,3757173,True
POST00001976,3705727,True
POST00002916,2091847,True
POST00002085,2169994,True
POST00003550,1900610,True
POST00000569,1460761,True
POST00002205,5687555,True
POST00000603,3365691,True
POST00002378,18530048,True
POST00002242,6493568,True
POST00003384,19854180,True
POST00001652,5537499,True
POST00001779,1725769,True
POST00002159,1439268,True
POST00001346,12231442,True
POST00001494,16853929,True
POST00002436,1621307,True
POST00002904,9611778,True
POST00003473,3907560,True
POST00003275,1030534,True
POST00002294,3244466,True
POST00003391,11927976,True
POST00002650,14227004,True
POST00003746,6248220,True
POST00001842,1806828,True
POST00001192,1826361,True
POST00001233,7624889,True
POST00000263,6417371,True
POST00001693,927071,True
POST00003270,3445585,True
POST00000931,645235,True
POST00002567,1509819,True
POST00003123,5507371,True
POST00000737,621532,True
POST00001578,2293898,True
POST00000718,788340,True
POST00003892,2008248,True
POST00003752,395813,True
POST00002791,2529051,True
POST00002997,3360680,True
POST00003706,1328897,True
POST00003678,27682600,True
POST00003705,58124256,True
POST00003613,19024853,True
POST00003429,27737438,True
POST00003856,32118550,True
POST00000463,2409309,True
POST00000662,2240743,True
POST00002881,7264927,True
POST00003691,32285070,True
POST00003583,2779199,True
POST00001874,26616644,True
POST00001600,19412637,True
POST00002677,17517184,True
POST00000316,11786440,True
POST00003397,21939975,True
POST00000038,2911583,True
POST00003201,1281488,True
POST00003383,178376,True
POST00003087,1460196,True
POST00001962,2945954,True
POST00002595,13497785,True
POST00002990,120144,True
POST00000969,11355533,True
POST00001298,3848930,True
POST00002317,33932972,True
POST00001545,2896739,True
POST00000073,3935768,True
POST00002991,3340842,True
POST00002237,13119197,True
POST00000729,2075174,True
POST00002050,6453164,True
POST00002480,8764678,True
POST00000947,3081766,True
POST00003568,12292002,True
POST00001378,2779318,True
POST00000891,2612892,True
POST00001363,1138437,True
POST00000461,1489490,True
POST00001974,5088043,True
POST00003753,1101492,True
POST00000146,2048901,True
POST00000128,3069309,True
POST00000143,1372377,True
POST00000299,9576329,True
POST00000144,621430,True
POST00000142,1721161,True
POST00000110,925941,True
POST00000166,433773,True
POST00000116,415554,True
POST00002836,4467428,True
POST00002498,2050351,True
POST00001484,4267003,True
POST00003710,897441,True
POST00001507,4146478,True
POST00000930,39499483,True
POST00003860,3083596,True
POST00001687,8948401,True
POST00003932,9541278,True
POST00003771,9770590,True
POST00003914,24657551,True
POST00003679,13195002,True
POST00003798,9358091,True
POST00003766,12925725,True
POST00003657,8544299,True
POST00003602,9530169,True
POST00002633,22523807,True
POST00000702,547570,True
POST00003750,2636615,True
POST00003743,3543747,True
POST00003685,2283931,True
POST00003658,4892268,True
POST00001851,3284868,True
POST00001387,10518259,True
POST00003632,7265670,True
POST00000651,184365,True
POST00000102,30068586,True
POST00003808,961667,True
POST00003564,14832228,True
POST00003343,9201016,True
POST00000609,3020631,True
POST00003645,65070451,True
POST00003785,4620190,True
POST00003492,11727737,True
POST00002680,13079968,True
POST00003795,2318099,True
POST00001654,3610221,True
POST00002593,2198769,True
POST00001956,790724,True
POST00002725,8724926,True
POST00003531,767216,True
POST00002855,15522660,True
POST00002344,7653285,True
POST00001999,9806298,True
POST00003041,2988203,True
POST00002456,3578912,True
POST00003653,12096510,True
POST00000561,2064793,True
POST00000993,2738567,True
POST00002469,10019675,True
POST00002768,3057669,True
POST00002229,6632609,True
POST00000360,3322061,True
POST00000379,14288660,True
POST00000347,3105067,True
POST00001232,4531434,True
POST00000385,380471,True
POST00003222,618480,True
POST00003623,2325427,True
POST00002026,1802254,True
POST00002539,1433297,True
POST00002380,5802590,True
POST00002790,3222451,True
POST00003042,5941936,True
POST00003018,4247803,True
POST00002015,1906358,True
POST00002252,1690028,True
POST00002491,674610,True
POST00001919,2983242,True
POST00003962,11976458,True
POST00003951,4754460,True
POST00003228,5183658,True
POST00001944,2489382,True
POST00000793,2040450,True
POST00001997,8071634,True
POST00000612,2992348,True
POST00002700,9736808,True
POST00001289,3457830,True
POST00002640,1687564,True
POST00001784,7921215,True
POST00000071,554165,True
POST00000392,2440789,True
POST00002559,13813435,True
POST00000616,1436433,True
POST00001752,5394649,True
POST00000968,1813458,True
POST00000743,1642670,True
POST00002390,11330008,True
POST00001908,7653522,True
POST00002044,5944583,True
POST00002468,8225459,True
POST00001195,9740504,True
POST00000595,1995006,True
POST00000723,824447,True
POST00002272,4367808,True
POST00003949,23086731,True
POST00002870,7362020,True
POST00001898,6582333,True
POST00001658,3338964,True
POST00002959,4244418,True
POST00002543,6975767,True
POST00001716,2333125,True
POST00000290,2762980,True
POST00001627,5153495,True
POST00000554,10337917,True
POST00003153,174253,True
POST00000919,6885800,True
POST00002043,7706201,True
POST00003468,1490529,True
POST00000282,866034,True
POST00001018,1950952,True
POST00000568,1150262,True
POST00002970,246545,True
POST00003715,1485258,True
POST00003732,2373210,True
POST00002270,7316362,True
POST00001501,2742242,True
POST00003108,17008359,True
POST00000209,1290482,True
POST00000553,5930973,True
POST00001277,5064285,True
POST00002023,41032295,True
POST00003232,9576136,True
POST00002103,34352235,True
POST00003755,7014027,True
POST00000306,2452351,True
POST00000184,7786961,True
POST00003046,18667133,True
POST00003476,3119830,True
POST00002162,6700707,True
POST00000413,5411040,True
POST00001354,1495430,True
POST00000082,885227,True
POST00003305,2203012,True
POST00000991,4256850,True
POST00001388,705920,True
POST00001470,4341325,True
POST00001185,1512086,True
POST00002937,2837464,True
POST00002142,985256,True
POST00003238,5152849,True
POST00003382,690065,True
POST00003257,13210334,True
POST00003267,4372167,True
POST00002098,4713782,True
POST00000485,1213514,True
POST00003105,1537156,True
POST00003027,15374114,True
POST00000700,10801777,True
POST00002423,749833,True
POST00003021,2348294,True
POST00003614,21797116,True
POST00003916,1534004,True
POST00001611,3780871,True
POST00001777,367656,True
POST00003907,2107983,True
POST00002784,12567205,True
POST00001206,558836,True
POST00001618,2541654,True
POST00000100,5601319,True
POST00000962,9539303,True
POST00000613,4242350,True
POST00001241,1689252,True
POST00001026,14991213,True
POST00001294,3544487,True
POST00003466,4054421,True
POST00002686,15046818,True
POST00001461,7691936,True
POST00001202,7966177,True
POST00001333,4865255,True
POST00002994,3192189,True
POST00003340,4800392,True
POST00000107,3167023,True
POST00001721,4411103,True
POST00002636,1226911,True
POST00002555,780740,True
POST00003347,1187805,True
POST00002617,1675694,True
POST00002433,3829299,True
POST00003588,3313794,True
POST00002042,3524120,True
POST00003910,4139678,True
POST00001720,2910940,True
POST00002490,2948891,True
POST00002794,5003016,True
POST00000676,1240442,True
POST00000345,7324892,True
POST00002537,15258399,True
POST00000653,9163222,True
POST00000671,11457596,True
POST00000646,4461794,True
POST00002330,8871584,True
POST00000714,6069709,True
POST00000719,11079566,True
POST00002873,1347152,True
POST00002804,1728610,True
POST00002785,4253443,True
POST00001550,2370530,True
POST00002157,29312847,True
POST00000099,2898961,True
POST00001218,7738452,True
POST00003160,5743658,True
POST00000516,6959089,True
POST00002046,23103473,True
POST00001822,34018045,True
POST00003751,1706065,True
POST00001872,5345938,True
POST00001514,7458764,True
POST00003138,8580677,True
POST00002172,1330348,True
POST00001226,2711822,True
POST00003471,4252993,True
POST00000508,28515681,True
POST00002106,4974610,True
POST00003265,4695028,True
POST00002962,3258215,True
POST00002462,1888585,True
POST00001508,16580875,True
POST00002353,32038072,True
POST00000807,15395038,True
POST00001420,2689862,True
POST00001566,3499789,True
POST00001167,2392343,True
POST00001769,3704458,True
POST00002512,9302560,True
POST00001449,2673023,True
POST00002831,6415281,True
POST00001569,5656995,True
POST00003040,2520582,True
POST00001950,3218373,True
POST00000771,39517285,True
POST00002983,1114359,True
POST00003081,1972881,True
POST00003579,11681070,True
POST00003682,4839625,True
POST00003873,16505459,True
POST00001776,5891996,True
POST00003204,6722143,True
POST00001850,7059060,True
POST00001574,2705596,True
POST00001154,403064,True
POST00001911,2998388,True
POST00002284,3901361,True
POST00003664,8607759,True
POST00000445,6390503,True
POST00001451,2390832,True
POST00002666,1747817,True
POST00003770,3361598,True
POST00002002,2017222,True
POST00000320,3096902,True
POST00001987,5137036,True
POST00000547,3518637,True
POST00002439,3634721,True
POST00003517,1591077,True
POST00000251,26166746,True
POST00000848,14162154,True
POST00001783,7918299,True
POST00001338,17486391,True
POST00000873,11674195,True
POST00002856,2289010,True
POST00002151,4742639,True
POST00002313,17573408,True
POST00003053,11872671,True
POST00003530,32008487,True
POST00002404,15706142,True
POST00001067,1861004,True
POST00002200,9562675,True
POST00001532,6257413,True
POST00002269,2031328,True
POST00001356,1667818,True
POST00000190,1713628,True
POST00003601,4751770,True
POST00002460,5653252,True
POST00002453,22968044,True
POST00001385,12393676,True
POST00002127,4461464,True
POST00001137,3462821,True
POST00000174,6156644,True
POST00001463,17394867,True
POST00003955,8297453,True
POST00002402,2706622,True
POST00001279,1360775,True
POST00002182,1333476,True
POST00000262,3272805,True
POST00001433,5232231,True
POST00000223,12005763,True
POST00001692,82402804,True
POST00003182,6295196,True
POST00003168,53939482,True
POST00002996,85774486,True
POST00003452,12061295,True
POST00003119,38572543,True
POST00003218,3053765,True
POST00003891,29129392,True
POST00001058,4189958,True
POST00002008,3201000,True
POST00003286,1489368,True
POST00003567,48152087,True
POST00003742,24350153,True
POST00002760,11754280,True
POST00001773,83374352,True
POST00002437,16676489,True
POST00003421,11167355,True
POST00002521,7758825,True
POST00001682,3372695,True
POST00001359,1010889,True
POST00001161,13497997,True
POST00002307,3441947,True
POST00003050,10107612,True
POST00003603,851013,True
POST00000888,3017450,True
POST00003857,4285233,True
POST00002114,12404201,True
POST00001498,2218392,True
POST00001951,3816253,True
POST00000004,387967,True
POST00000927,6736026,True
POST00001524,4729156,True
POST00001325,1534047,True
POST00000455,11015556,True
POST00003655,791461,True
POST00000176,6232722,True
POST00001885,6280749,True
POST00001989,7556668,True
POST00000376,3168027,True
POST00002778,7071427,True
POST00002267,1651362,True
POST00000489,2371117,True
POST00001900,19572684,True
POST00001761,2399095,True
POST00000060,1383587,True
POST00000678,658484,True
POST00001744,1106231,True
POST00000162,26802006,True
POST00000271,1143779,True
POST00001065,858828,True
POST00000621,1093185,True
POST00001006,44485209,True
POST00001309,896121,True
POST00000789,4734630,True
POST00000252,32884911,True
POST00000302,2771142,True
POST00000351,672420,True
POST00002662,1160977,True
POST00000865,894612,True
POST00003966,2101093,True
POST00000721,5778492,True
POST00001537,1771513,True
POST00000915,10181652,True
POST00000923,15761781,True
POST00003443,1226451,True
POST00000040,7295009,True
POST00000049,1182868,True
POST00000026,4430700,True
POST00003442,10633088,True
POST00002351,698535,True
POST00001209,27038251,True
POST00001798,378795,True
POST00002608,6763276,True
POST00001579,4774282,True
POST00000013,4389965,True
POST00000845,1924280,True
POST00001509,1458603,True
POST00003377,6273798,True
POST00001642,807853,True
POST00000274,1787427,True
POST00002051,3568552,True
POST00003694,5806736,True
POST00000318,898103,True
POST00001698,2181811,True
POST00001541,5889519,True
POST00002610,502007,True
POST00000098,3960046,True
POST00002054,4845986,True
POST00000712,1242203,True
POST00000781,1122911,True
POST00003558,1871463,True
POST00002552,1344011,True
POST00003381,6316712,True
POST00003604,1712693,True
POST00001196,728901,True
POST00002581,4417072,True
POST00001086,5309644,True
POST00002345,4789935,True
POST00001452,2640976,True
POST00002682,1179228,True
POST00000420,5958608,True
POST00000178,2617417,True
POST00000887,1061409,True
POST00000148,9417080,True
POST00002358,2621453,True
POST00002265,83708,True
POST00002454,2488693,True
POST00000758,7650245,True
POST00000187,2639892,True
POST00001500,8290010,True
POST00001464,4218457,True
POST00003036,6019606,True
POST00003333,15717523,True
POST00000695,987744,True
POST00000361,1157675,True
POST00001701,4012285,True
POST00001512,1414192,True
POST00000028,1121551,True
POST00000430,8003085,True
POST00001564,3032199,True
POST00000788,6511506,True
POST00002079,943083,True
POST00000410,2105525,True
POST00001021,1635999,True
POST00000529,2291415,True
POST00000341,6011229,True
POST00000878,1873093,True
POST00001057,1616250,True
POST00000039,704915,True
POST00003302,1018845,True
POST00001662,5152604,True
POST00003906,22534680,True
POST00000487,8961770,True
POST00000241,11158116,True
POST00000469,2689204,True
POST00000030,6435346,True
POST00002006,8143546,True
POST00000739,2062116,True
POST00001403,2235921,True
POST00000805,3045158,True
POST00000206,33365996,True
POST00001164,2053724,True
POST00003171,509007,True
POST00003618,4734608,True
POST00003427,1330408,True
POST00003455,928003,True
POST00003388,1827695,True
POST00003184,1112013,True
POST00003195,1035264,True
POST00002113,6218023,True
POST00002424,3220103,True
POST00000022,3495758,True
POST00001108,4197928,True
POST00001216,436983,True
POST00002266,4820524,True
POST00000363,1105190,True
POST00002089,1648445,True
POST00000701,1039292,True
POST00001676,539690,True
POST00001749,1035870,True
POST00001660,9110958,True
POST00000696,2298268,True
POST00000156,1976529,True
POST00001008,1584922,True
POST00002565,4439246,True
POST00001646,3579692,True
POST00000495,8919025,True
POST00003668,649098,True
POST00002391,4232077,True
POST00003189,1554949,True
POST00002688,413837,True
POST00001513,647421,True
POST00001474,549988,True
POST00002373,6604327,True
POST00002687,727561,True
POST00000638,5500137,True
POST00002249,6619800,True
POST00002394,1560211,True
POST00002575,24071630,True
POST00002693,18623748,True
POST00002579,1473730,True
POST00000527,1359077,True
POST00000943,1400373,True
POST00003075,9346775,True
POST00001290,3371365,True
POST00001084,1029795,True
POST00002927,4910553,True
POST00000328,1024338,True
POST00000517,626323,True
POST00000332,14081478,True
POST00000342,1335924,True
POST00000346,1010075,True
POST00001227,2001241,True
POST00001729,5469979,True
POST00002629,23352259,True
POST00000856,5433071,True
POST00001895,4778959,True
POST00003004,6197909,True
POST00002670,4274798,True
POST00001143,13023225,True
POST00003571,14632409,True
POST00003554,3579092,True
POST00003520,11496232,True
POST00003220,1142279,True
POST00002669,2350535,True
POST00003411,1068501,True
POST00003930,1472579,True
POST00000736,10822481,True
POST00001043,1929883,True
POST00003878,505910,True
POST00001879,5085808,True
POST00003948,8097919,True
POST00003888,15632963,True
POST00002239,4871563,True
POST00000639,3068712,True
POST00003943,785397,True
POST00002516,2230683,True
POST00001121,4111503,True
POST00002069,5251714,True
POST00002419,7533094,True
POST00003129,3859716,True
POST00001236,2012648,True
POST00002387,2686928,True
POST00003794,1898444,True
POST00002421,1507105,True
POST00001412,1784140,True
POST00003733,1906868,True
POST00000433,480486,True
POST00001953,1208771,True
POST00003482,351651,True
POST00000393,6687771,True
POST00003486,510581,True
POST00001998,1227510,True
POST00003528,675369,True
POST00000240,1478999,True
POST00003802,1190674,True
POST00002716,12238604,True
POST00001459,8060138,True
POST00000051,2766500,True
POST00001393,4644551,True
POST00002733,2339217,True
POST00001169,24989199,True
POST00000589,20194641,True
POST00000521,2317229,True
POST00000637,499779,True
POST00001695,687504,True
POST00000909,643451,True
POST00001562,8346391,True
POST00003099,1167825,True
POST00000270,4703922,True
POST00001631,1002238,True
POST00002659,10410180,True
POST00001118,2043402,True
POST00001266,1929392,True
POST00003562,3002721,True
POST00001267,1394031,True
POST00002906,2641603,True
POST00003170,1961222,True
POST00001764,1458028,True
POST00003507,894247,True
POST00003739,1271623,True
POST00002848,528997,True
POST00000447,2397210,True
POST00002083,3433956,True
POST00003359,9822181,True
POST00003823,2182110,True
POST00002204,4164750,True
POST00000258,821903,True
POST00003735,1125738,True
POST00002099,2424604,True
POST00001353,4494620,True
POST00001647,8685517,True
POST00000458,1140928,True
POST00003152,1223746,True
POST00001837,1535947,True
POST00003832,423028,True
POST00003929,2224257,True
POST00001805,1302857,True
POST00001438,1101865,True
POST00003651,12033916,True
POST00003858,626820,True
POST00003073,2799277,True
POST00003541,1132811,True
POST00003827,2597054,True
POST00003886,3140605,True
POST00002562,4647813,True
POST00002425,3908235,True
POST00001580,5013157,True
POST00002329,13046857,True
POST00002592,1345492,True
POST00000237,1828364,True
POST00000080,2505658,True
POST00001522,469971,True
POST00001315,912525,True
POST00002541,1926592,True
POST00001933,1643201,True
POST00002742,1290000,True
POST00001704,1324224,True
POST00003300,1346011,True
POST00002806,1508290,True
POST00003598,2754164,True
POST00003422,1374318,True
POST00003596,1300928,True
POST00003522,963150,True
POST00002857,1091411,True
POST00000402,11011749,True
POST00002740,678341,True
POST00003529,13001678,True
POST00003738,5398967,True
POST00003619,913981,True
POST00000756,2353972,True
POST00002536,37974133,True
POST00002933,1128392,True
POST00002867,3416030,True
POST00003687,547540,True
POST00000817,5235432,True
POST00003106,23441985,True
POST00002251,21464542,True
POST00001286,1295697,True
POST00001623,3593141,True
POST00001404,2547665,True
POST00003351,6784777,True
POST00000941,961982,True
POST00002598,1166983,True
POST00002040,4073488,True
POST00003589,909421,True
POST00002286,68190898,True
POST00002823,3446925,True
POST00001766,4193778,True
POST00000047,3160113,True
POST00001051,8904811,True
POST00003561,13272583,True
POST00003393,1934522,True
POST00000125,13489580,True
POST00001689,12068732,True
POST00001770,3787436,True
POST00002574,12503367,True
POST00003692,13673012,True
POST00003600,5749555,True
POST00003196,1719410,True
POST00001978,16800826,True
POST00001828,2350326,True
POST00003727,4554185,True
POST00003125,3213557,True
POST00001759,6824210,True
POST00002403,9828872,True
POST00001699,8809059,True
POST00001518,6305540,True
POST00001964,1649475,True
POST00003385,207671,True
POST00001314,2446213,True
POST00000592,4209994,True
POST00000170,2956772,True
POST00003487,3546232,True
POST00002764,3311198,True
POST00003000,25392974,True
POST00001696,2413115,True
POST00000483,2099312,True
POST00000614,2640110,True
POST00002074,6636521,True
POST00001187,6986885,True
POST00000471,3393140,True
POST00001671,3929370,True
POST00002055,3053210,True
POST00003321,1868389,True
POST00000313,1058782,True
POST00000335,2548016,True
POST00000075,1118624,True
POST00002825,4821702,True
POST00003069,539502,True
POST00002407,1890567,True
POST00003251,936617,True
POST00001734,1728411,True
POST00000138,970536,True
POST00003086,1443734,True
POST00002817,3811831,True
POST00001302,7231893,True
POST00002839,1618380,True
POST00002544,2189395,True
POST00000583,985104,True
POST00003229,956188,True
POST00001914,4347491,True
POST00000076,1280349,True
POST00000278,648735,True
POST00001848,1221539,True
POST00000542,1412065,True
POST00000109,1428866,True
POST00003357,180343,True
POST00001493,110553,True
POST00003150,6154492,True
POST00000882,3844283,True
POST00000090,1351324,True
POST00000939,3048050,True
POST00003439,1073651,True
POST00000936,752387,True
POST00002626,18599667,True
POST00000933,4934707,True
POST00000730,517731,True
POST00000849,6307366,True
POST00002632,1309585,True
POST00003100,44686002,True
POST00003112,4968689,True
POST00003713,1312630,True
POST00001615,1125628,True
POST00001892,493235,True
POST00000408,2237245,True
POST00002714,3034508,True
POST00003607,3430512,True
POST00001867,1631852,True
POST00001471,766303,True
POST00001626,36346948,True
POST00000498,4904638,True
POST00002155,7328992,True
POST00001458,2004832,True
POST00001816,3375413,True
POST00000524,3532707,True
POST00000742,1753486,True
POST00001516,18739886,True
POST00001158,921904,True
POST00002520,216411,True
POST00001670,2228383,True
POST00003671,3327617,True
POST00003274,5585937,True
POST00003641,8186881,True
POST00002244,14944507,True
POST00001087,2934327,True
POST00001732,7011335,True
POST00001088,1042917,True
POST00000573,19913355,True
POST00002299,8674120,True
POST00003549,29014224,True
POST00002729,7639980,True
POST00001645,5946877,True
POST00003236,48277078,True
POST00003615,10892081,True
POST00001401,4452106,True
POST00001220,3114649,True
POST00001453,4606583,True
POST00003792,5408140,True
POST00003960,5401409,True
POST00003680,2137978,True
POST00003483,2059220,True
POST00001525,8682312,True
POST00000785,14704274,True
POST00001762,2272562,True
POST00003729,7785983,True
POST00000656,11453517,True
POST00002304,15982382,True
POST00001130,570179,True
POST00000890,644406,True
POST00001318,4505888,True
POST00002816,4339345,True
POST00001705,2561209,True
POST00000500,1184246,True
POST00000780,8527710,True
POST00001992,1153542,True
POST00003491,2389442,True
POST00002500,3898985,True
POST00000683,5985467,True
POST00003413,3556316,True
POST00002697,7165353,True
POST00001418,14411683,True
POST00002057,2595142,True
POST00003460,7026274,True
POST00001856,3734319,True
POST00000518,2553323,True
POST00000285,585356,True
POST00001329,3054869,True
POST00003555,5852418,True
POST00001542,16497247,True
POST00002518,18473350,True
POST00000450,13208895,True
POST00002009,14801659,True
POST00000069,19708179,True
POST00001273,5901283,True
POST00002184,4874641,True
POST00001593,3374967,True
POST00000711,3257698,True
POST00002596,4410669,True
POST00000113,22651945,True
POST00000902,21478509,True
POST00002845,2400734,True
POST00002949,3138096,True
POST00001918,3158365,True
POST00001765,738046,True
POST00002173,15117062,True
POST00002443,22717308,True
POST00001740,7981216,True
POST00002355,7530983,True
POST00002511,10456696,True
POST00003380,23874868,True
POST00000378,22221898,True
POST00000292,3228990,True
POST00002920,2537417,True
POST00001506,8379902,True
POST00002360,7831005,True
POST00003594,669461,True
POST00001591,10608065,True
POST00000913,6674464,True
POST00002152,10550986,True
POST00000226,2787388,True
POST00002753,40798855,True
POST00002752,41891941,True
POST00000630,8421546,True
POST00002508,1259287,True
POST00003009,2047301,True
POST00003637,7679518,True
POST00001714,8994378,True
POST00002505,1269755,True
POST00001786,20753843,True
POST00000042,7320451,True
POST00001678,5707935,True
POST00001342,5990259,True
POST00001358,8182989,True
POST00003978,4969470,True
POST00001344,7034288,True
POST00002466,9728465,True
POST00002000,957346,True
POST00001787,1454551,True
POST00002232,1410957,True
POST00001970,3730092,True
POST00001496,2161993,True
POST00001745,4460947,True
POST00001878,2929908,True
POST00002616,6508979,True
POST00003749,4609303,True
POST00001560,1925049,True
POST00002475,4761605,True
POST00001673,6275114,True
POST00000121,2707920,True
POST00000507,5571804,True
POST00003315,5175631,True
POST00002556,2608122,True
POST00001884,30705604,True
POST00003169,3975602,True
POST00002318,379003,True
POST00002591,1648511,True
POST00003654,779861,True
POST00001958,9826928,True
POST00001916,1765333,True
POST00001210,11842890,True
POST00003318,40637097,True
POST00002027,4445333,True
POST00002428,10466369,True
POST00002612,21160949,True
POST00003764,13118678,True
POST00001873,1999260,True
POST00001422,8021988,True
POST00003139,10711893,True
POST00003477,3263934,True
POST00002510,1518723,True
POST00003358,3809400,True
POST00002613,957448,True
POST00002097,1778014,True
POST00001013,4642113,True
POST00000692,1260955,True
POST00002829,693932,True
POST00002989,261543,True
POST00002571,1331287,True
POST00003187,1488437,True
POST00002185,4091042,True
POST00002243,8318034,True
POST00001510,1611430,True
POST00003197,1711237,True
POST00003788,1202937,True
POST00001717,1036228,True
POST00001841,442540,True
POST00001597,3770644,True
POST00003941,3189008,True
POST00001296,5995632,True
POST00002377,4488882,True
POST00000925,4672798,True
POST00001941,3327846,True
POST00001138,2129005,True
POST00003467,14010113,True
POST00002149,2314222,True
POST00003901,2134305,True
POST00003730,5749497,True
POST00000920,2237013,True
POST00002860,9257440,True
POST00001175,9381131,True
POST00003096,112305,True
POST00000048,2422447,True
POST00002800,5594842,True
POST00000032,1938244,True
POST00002493,14023457,True
POST00003489,2073456,True
POST00003313,5848208,True
POST00002112,29946172,True
POST00001078,26102145,True
POST00003103,18503259,True
POST00002676,2859277,True
POST00002461,6446118,True
POST00003135,22681481,True
POST00000894,1071082,True
POST00001846,2799423,True
POST00003820,5400628,True
POST00002478,2900433,True
POST00000083,2172647,True
POST00002561,27888627,True
POST00000389,1717982,True
POST00002529,2784405,True
POST00000119,732482,True
POST00002903,7620202,True
POST00003223,17884826,True
POST00001845,2699385,True
POST00003494,4104127,True
POST00000778,3535732,True
POST00003057,1373614,True
POST00001622,5991829,True
POST00003701,9914613,True
POST00003532,1368102,True
POST00000448,950742,True
POST00000533,6270029,True
POST00002622,2654672,True
POST00001229,7303784,True
POST00003639,1590364,True
POST00003909,1557860,True
POST00000557,2550628,True
POST00001934,2913082,True
POST00003266,1738070,True
POST00002199,11247516,True
POST00003078,2906800,True
POST00003446,12258558,True
POST00000632,2123628,True
POST00002063,966546,True
POST00002422,4636153,True
POST00000336,1020942,True
POST00002630,4606401,True
POST00002364,8436230,True
POST00000354,1805526,True
POST00000344,777207,True
POST00003834,3984548,True
POST00002707,5683259,True
POST00000310,19473049,True
POST00000836,2967074,True
POST00001767,351127,True
POST00001502,3298090,True
POST00001002,5084937,True
POST00000101,1833875,True
POST00003304,4635597,True
POST00002282,1460445,True
POST00001754,4842633,True
POST00002310,6242241,True
POST00000977,6821146,True
POST00000869,2949568,True
POST00002664,2311271,True
POST00001223,1459002,True
POST00003665,2873701,True
POST00002810,981444,True
POST00001072,2100126,True
POST00001076,10215540,True
POST00001071,6082473,True
POST00001090,6107123,True
POST00003475,5414687,True
POST00002703,34642346,True
POST00002134,10631084,True
POST00003947,2522005,True
POST00002300,3312307,True
POST00002354,5382317,True
POST00002202,13202865,True
POST00001587,4115581,True
POST00002139,14769454,True
POST00001967,2708072,True
POST00001371,1053412,True
POST00002293,4418295,True
POST00002301,3625970,True
POST00000017,3293849,True
POST00003828,8524303,True
POST00001640,2044064,True
POST00000935,5999612,True
POST00000205,9830166,True
POST00000340,5686011,True
POST00003166,553218,True
POST00002945,4409086,True
POST00003253,1810847,True
POST00002765,1833714,True
POST00003217,5728398,True
POST00002866,6627911,True
POST00003314,3133580,True
POST00003245,2556554,True
POST00001364,3329687,True
POST00003616,2565752,True
POST00000355,2590056,True
POST00003188,1046873,True
POST00002542,5119146,True
POST00001675,2628350,True
POST00002031,675859,True
POST00001425,3701124,True
POST00002438,2205409,True
POST00001281,4658379,True
POST00001993,3611386,True
POST00001246,2131279,True
POST00001200,1194213,True
POST00002861,1772478,True
POST00003030,2612969,True
POST00002248,409026,True
POST00003219,22527740,True
POST00003587,7450232,True
POST00001936,2267431,True
POST00001435,1956033,True
POST00003971,824799,True
POST00001906,405183,True
POST00000301,8481005,True
POST00003774,4323893,True
POST00003278,859876,True
POST00002942,12867843,True
POST00001044,1054628,True
POST00002821,1357242,True
POST00002101,2709548,True
POST00000035,11782769,True
POST00002957,7875338,True
POST00001335,18667740,True
POST00003462,1094822,True
POST00000462,612849,True
POST00002838,1567171,True
POST00002519,1973608,True
POST00001551,686711,True
POST00002961,2254079,True
POST00001492,18294090,True
POST00002177,2042002,True
POST00000333,7585210,True
POST00001789,12739598,True
POST00001306,1677594,True
POST00002137,16391452,True
POST00003365,13978857,True
POST00000436,9407510,True
POST00003565,3946632,True
POST00002332,2078016,True
POST00003097,2383707,True
POST00002440,2570562,True
POST00000972,2211093,True
POST00003214,2353750,True
POST00002898,9353898,True
POST00003712,7679937,True
POST00002146,13489453,True
POST00001045,12047114,True
POST00001362,5946196,True
POST00002154,2330064,True
POST00003130,6816236,True
POST00000988,840553,True
POST00000033,3354383,True
POST00002147,20327636,True
POST00002109,29405052,True
POST00003181,20416038,True
POST00001691,5983022,True
POST00002110,10190380,True
POST00002323,6911095,True
POST00003303,9293136,True
POST00002744,7713575,True
POST00003264,6442121,True
POST00002782,2640189,True
POST00002665,3290781,True
POST00003146,2991515,True
POST00003186,15813005,True
POST00001939,1959405,True
POST00003254,9308572,True
POST00003790,11470407,True
POST00000675,7639321,True
POST00001968,3749056,True
POST00001801,493675,True
POST00000899,3574934,True
POST00001923,13932047,True
POST00003801,5879820,True
POST00002372,9883591,True
POST00002060,1349903,True
POST00003367,6426374,True
POST00003224,11262616,True
POST00000314,7295124,True
POST00000465,10327118,True
POST00000824,9116859,True
POST00002594,12861756,True
POST00001852,10100873,True
POST00002357,1174926,True
POST00002191,2139718,True
POST00000214,2235367,True
POST00001360,2207581,True
POST00000650,4215091,True
POST00000321,4157026,True
POST00000158,1858476,True
POST00000283,2497019,True
POST00000186,1964387,True
POST00000136,2021975,True
POST00001758,2026481,True
POST00000043,2725740,True
POST00002635,885620,True
POST00001598,2054757,True
POST00003453,2079094,True
POST00002948,1249847,True
POST00002392,863928,True
POST00002932,3210361,True
POST00001330,5953935,True
POST00000946,1378829,True
POST00003976,2476805,True
POST00001793,4199914,True
POST00002584,1147318,True
POST00000233,1553213,True
POST00000169,2061678,True
POST00001085,3344297,True
POST00000151,1690181,True
POST00000139,1565654,True
POST00000974,2869292,True
POST00003574,197124,True
POST00002431,7858868,True
POST00000134,1074236,True
POST00001909,2819998,True
POST00002036,6048830,True
POST00000238,3037825,True
POST00002271,1811352,True
POST00000135,1433407,True
POST00002726,2151027,True
POST00002628,2175824,True
POST00000111,3256422,True
POST00000172,5523433,True
POST00000261,24773412,True
POST00003833,9201930,True
POST00000792,6445553,True
POST00000284,31432434,True
POST00000633,2560943,True
POST00001041,31113455,True
POST00000084,7521807,True
POST00002220,13042588,True
POST00000484,5439862,True
POST00000012,1586811,True
POST00002639,3815659,True
POST00003884,6664873,True
POST00002660,10392980,True
POST00001365,1139783,True
POST00002444,9696542,True
POST00001750,6007287,True
POST00001839,8211919,True
POST00001815,6271482,True
POST00002578,12629966,True
POST00002135,1897391,True
POST00000200,616722,True
POST00002696,5490043,True
POST00000784,557547,True
POST00001613,5647826,True
POST00002971,668577,True
POST00000825,3895673,True
POST00000839,2450103,True
POST00001629,870964,True
POST00000058,492276,True
POST00001205,1221990,True
POST00001139,182068,True
POST00002214,4117948,True
POST00002150,2726758,True
POST00000182,1983872,True
POST00003926,811812,True
POST00001258,1210393,True
POST00001932,8201502,True
POST00003410,9306752,True
POST00001590,21328267,True
POST00002723,5327391,True
POST00001683,2433799,True
POST00002634,1930494,True
POST00002781,8621991,True
POST00003102,61262959,True
POST00003122,3225571,True
POST00003990,1952000,True
POST00002477,1942394,True
POST00000964,3511492,True
POST00002751,2811853,True
POST00002689,5954674,True
POST00002797,5407878,True
POST00000177,3155117,True
POST00002796,5424059,True
POST00001665,6121708,True
POST00002661,29948248,True
POST00000236,2408427,True
POST00000574,4350763,True
POST00003695,3940667,True
POST00003816,1724966,True
POST00003309,5922309,True
POST00002795,12230988,True
POST00001174,6521166,True
POST00003625,9993118,True
POST00002582,2709648,True
POST00002911,822962,True
POST00003924,2919710,True
POST00001199,1437129,True
POST00000221,4051537,True
POST00002076,2275826,True
POST00000427,10268652,True
POST00003396,801489,True
POST00003977,17467347,True
POST00000327,4172645,True
POST00003724,3087434,True
POST00001681,1752555,True
POST00000326,2334728,True
POST00000620,651880,True
POST00002763,881570,True
POST00000866,2718939,True
POST00001319,4299607,True
POST00003252,4990800,True
POST00003573,29676293,True
POST00001384,3032652,True
POST00002871,2554955,True
POST00001280,3362438,True
POST00002320,3682597,True
POST00001628,24459744,True
POST00002517,4495781,True
POST00001840,13183772,True
POST00003136,879769,True
POST00000437,10369819,True
POST00000852,11395612,True
POST00003310,12008665,True
POST00000948,19839086,True
POST00001617,7335611,True
POST00000001,2630005,True
POST00001116,5138797,True
POST00002712,1732940,True
POST00003003,2926440,True
POST00001155,1219427,True
POST00003434,3272115,True
POST00001437,4093293,True
POST00000623,5186084,True
POST00002987,589354,True
POST00001142,25095462,True
POST00002410,2693159,True
POST00000208,963427,True
POST00002747,1864754,True
POST00002001,9619334,True
POST00000978,7107008,True
POST00002164,1298547,True
POST00003662,4214407,True
POST00003193,1609007,True
POST00003111,992453,True
POST00000749,12188338,True
POST00001775,1861991,True
POST00002779,1769679,True
POST00000490,15276955,True
POST00001276,2498444,True
POST00000753,6885195,True
POST00001113,7649974,True
POST00001549,2718819,True
POST00001554,1449639,True
POST00003121,3637641,True
POST00000844,3128012,True
POST00002473,1657559,True
POST00003863,3750461,True
POST00002067,15860120,True
POST00000374,5644771,True
POST00001382,2991193,True
POST00002161,4533477,True
POST00000716,599889,True
POST00003822,20261967,True
POST00002416,6973163,True
POST00001533,7577335,True
POST00003470,3447182,True
POST00001952,2739068,True
POST00001813,833363,True
POST00000803,391837,True
POST00000439,1520636,True
POST00001426,8177353,True
POST00004001,5737182,True
POST00001482,4486895,True
POST00001780,1106505,True
POST00002145,1152789,True
POST00002250,6020147,True
POST00002979,37726677,True
POST00003288,3502490,True
POST00002523,3065090,True
POST00000494,8859628,True
POST00002671,597141,True
POST00002981,1188668,True
POST00002311,940028,True
POST00000949,1897128,True
POST00000522,2645552,True
POST00000452,1495787,True
POST00000926,820960,True
POST00002296,815631,True
POST00000877,831486,True
POST00002274,1708375,True
POST00002065,7700032,True
POST00003059,848870,True
POST00002999,1035454,True
POST00001667,501978,True
POST00002538,949884,True
POST00002946,2628410,True
POST00003946,7074784,True
POST00002253,9673337,True
POST00001341,1333819,True
POST00002459,1135905,True
POST00002623,3356092,True
POST00001969,3266406,True
POST00003070,557322,True
POST00000053,1286572,True
POST00001211,496319,True
POST00001293,1200171,True
POST00003635,5630119,True
POST00003093,1799488,True
POST00003447,4112419,True
POST00002709,905467,True
POST00002832,25323661,True
POST00000370,4780635,True
POST00003525,2721458,True
POST00000934,2907909,True
POST00003513,4047370,True
POST00002170,953359,True
POST00002418,5102470,True
POST00003092,2263078,True
POST00000390,5670543,True
POST00002941,1626929,True
POST00002667,13245282,True
POST00001739,3234827,True
POST00003424,3159298,True
POST00002879,1581251,True
POST00003025,2853875,True
POST00002599,9280439,True
POST00003719,4271663,True
POST00000703,2793598,True
POST00000828,5254210,True
POST00000740,7760248,True
POST00003375,5762821,True
POST00002189,11346575,True
POST00000694,1836985,True
POST00001715,3414071,True
POST00002901,1387706,True
POST00002699,32470375,True
POST00002281,1941155,True
POST00001201,8703841,True
POST00002131,8059522,True
POST00002644,4580506,True
POST00003408,34745580,True
POST00000409,2520863,True
POST00000457,1349923,True
POST00000359,2493720,True
POST00000414,15031373,True
POST00000399,2492023,True
POST00000479,6651673,True
POST00000366,1865287,True
POST00000416,2014905,True
POST00000421,1457538,True
POST00000415,1298840,True
POST00003552,6409487,True
POST00001866,426205,True
POST00003757,6264501,True
POST00002815,2291772,True
POST00003233,1961133,True
POST00000338,1702770,True
POST00001724,328813,True
POST00002395,830968,True
POST00000976,2555166,True
POST00000843,938746,True
POST00002254,782510,True
POST00003983,1208348,True
POST00003207,2915777,True
POST00000608,2330308,True
POST00003341,2166478,True
POST00001977,271907,True
POST00002531,362953,True
POST00002160,231212,True
POST00001751,1025993,True
POST00003535,2375386,True
POST00002207,1547104,True
POST00001853,350701,True
POST00002264,3582392,True
POST00001966,1163689,True
POST00000145,1143787,True
POST00000150,1403467,True
POST00002115,1640076,True
POST00003370,978929,True
POST00001632,1546164,True
POST00001925,2776128,True
POST00002488,10114942,True
POST00002698,4547431,True
POST00003675,1242950,True
POST00003269,2410610,True
POST00001495,6903365,True
POST00000052,2725890,True
POST00002209,3941157,True
POST00002326,3821347,True
POST00000827,2677871,True
POST00003496,3714812,True
POST00000371,1931391,True
POST00000459,1787265,True
POST00002025,2770621,True
POST00002704,18426531,True
POST00003972,418218,True
POST00000008,4103728,True
POST00003584,2612793,True
POST00003824,16652572,True
POST00002925,1932939,True
POST00001462,1103761,True
POST00002577,2760039,True
POST00002936,1175733,True
POST00002494,2556045,True
POST00002978,1565849,True
POST00002169,674381,True
POST00001105,6059298,True
POST00000309,5279038,True
POST00002741,1291779,True
POST00001035,3982615,True
POST00003118,1467433,True
POST00001529,2035898,True
POST00003390,16494265,True
POST00003445,2211145,True
POST00001644,3939216,True
POST00000997,1431226,True
POST00000003,17701254,True
POST00003350,5468869,True
POST00001221,1332631,True
POST00000304,5119940,True
POST00000331,1042373,True
POST00000312,2198850,True
POST00000352,2678614,True
POST00000325,14900337,True
POST00000353,695495,True
POST00000365,5192504,True
POST00000324,1843528,True
POST00000303,5648457,True
POST00002277,1062436,True
POST00003292,3522098,True
POST00002417,1287922,True
POST00001324,1598015,True
POST00003817,845249,True
POST00003498,3404754,True
POST00002128,453880,True
POST00002527,1008740,True
POST00002720,978785,True
POST00000438,806440,True
POST00000440,1091901,True
POST00000428,920740,True
POST00000535,1859851,True
POST00001383,517052,True
POST00001145,319642,True
POST00003805,1882295,True
POST00002268,2124103,True
POST00003080,26263448,True
POST00003843,2795337,True
POST00003918,15069775,True
POST00003104,1755050,True
POST00001407,637944,True
POST00000830,14771112,True
POST00001150,3025122,True
POST00001156,5595137,True
POST00001146,2862984,True
POST00003354,2254011,True
POST00003208,507364,True
POST00002767,755500,True
POST00003210,2774757,True
POST00002359,424977,True
POST00003206,533707,True
POST00002944,609686,True
POST00001881,947763,True
POST00002061,467645,True
POST00001799,1116712,True
POST00002166,1294791,True
POST00001317,5260371,True
POST00001536,1699487,True
POST00003718,17625697,True
POST00003247,3063509,True
POST00000963,2184240,True
POST00001565,7534441,True
POST00002715,5171587,True
POST00003026,3974890,True
POST00000451,894279,True
POST00002409,4892616,True
POST00003317,14599895,True
POST00000677,6622933,True
POST00001672,1781280,True
POST00003502,2305024,True
POST00003450,38163369,True
POST00001819,1739600,True
POST00003811,119790,True
POST00003012,61317574,True
POST00002279,13440023,True
POST00003361,4208664,True
POST00003435,1704113,True
POST00000349,2477830,True
POST00003148,1810629,True
POST00001467,14584436,True
POST00001033,5037410,True
POST00001567,169042,True
POST00003538,1190058,True
POST00000395,1762350,True
POST00001912,3830388,True
POST00002048,2620282,True
POST00003034,7069659,True
POST00003325,3807012,True
POST00003110,792379,True
POST00003456,3269528,True
POST00003014,1886933,True
POST00000140,1322555,True
POST00003032,20039639,True
POST00001655,20960035,True
POST00002352,1083605,True
POST00000207,1196667,True
POST00002198,1509559,True
POST00003438,4512484,True
POST00001571,9459602,True
POST00002951,9331133,True
POST00003369,3224024,True
POST00003035,632896,True
POST00003964,6092165,True
POST00001405,6947502,True
POST00002515,3687346,True
POST00003133,3244233,True
POST00002984,23489161,True
POST00002370,13213417,True
POST00002451,1032197,True
POST00002234,1416215,True
POST00003842,10396127,True
POST00003299,1820084,True
POST00003991,4538841,True
POST00003132,3406168,True
POST00003640,2758040,True
POST00003597,2158829,True
POST00003581,3130867,True
POST00001985,3438264,True
POST00002016,3204902,True
POST00001391,8575592,True
POST00001877,9060711,True
POST00001788,3210919,True
POST00001430,2378902,True
POST00000391,2193339,True
POST00001114,1867087,True
POST00001310,937906,True
POST00000235,1281375,True
POST00001395,5672919,True
POST00001684,3289731,True
POST00000319,1585714,True
POST00003763,1124143,True
POST00002799,7276117,True
POST00003922,2871271,True
POST00002837,3331236,True
POST00002576,620498,True
POST00002605,6152555,True
POST00001010,5840398,True
POST00003488,11567079,True
POST00003405,13068252,True
POST00000228,3205785,True
POST00003740,3022037,True
POST00001634,5878550,True
POST00003631,6968926,True
POST00000246,3318548,True
POST00003348,9543080,True
POST00000268,2608509,True
POST00003199,7828200,True
POST00000635,8916804,True
POST00003626,8112404,True
POST00002721,1691546,True
POST00000704,2537136,True
POST00003221,7852381,True
POST00003463,5009052,True
POST00000315,14961305,True
POST00000464,32480048,True
POST00003345,6118329,True
POST00001020,15776805,True
POST00002339,11394381,True
POST00000054,16991452,True
POST00001982,3008280,True
POST00001905,4152134,True
POST00002224,17900910,True
POST00003919,9957384,True
POST00002245,2781351,True
POST00002474,57535531,True
POST00001132,21510699,True
POST00000658,14299462,True
POST00003013,44915843,True
POST00000837,46225459,True
POST00001151,17111429,True
POST00003378,22978765,True
POST00002982,32856378,True
POST00000713,2505691,True
POST00002362,11442815,True
POST00002319,1588761,True
POST00000672,2370514,True
POST00000782,1360722,True
POST00003043,7624554,True
POST00001300,1045102,True
POST00002476,25164477,True
POST00001803,463778,True
POST00002954,2201339,True
POST00002158,7595106,True
POST00001323,2545885,True
POST00002118,9119729,True
POST00002673,5848259,True
POST00001379,3337436,True
POST00001469,1116071,True
POST00002654,2183528,True
POST00001275,3840704,True
POST00000141,3628647,True
POST00001504,3833771,True
POST00000435,3386061,True
POST00001321,2241093,True
POST00000443,2491167,True
POST00002367,2093244,True
POST00000248,3980941,True
POST00002717,12799987,True
POST00002003,1832179,True
POST00001664,1173166,True
POST00003721,1411381,True
POST00002535,1255220,True
POST00003839,1296471,True
POST00002803,1921928,True
POST00003934,2469111,True
POST00001804,3649119,True
POST00001521,925680,True
POST00003120,186969,True
POST00000762,9796683,True
POST00002305,6434618,True
POST00003595,9111524,True
POST00002038,3795964,True
POST00002884,4530115,True
POST00001612,12513532,True
POST00001991,5627501,True
POST00003249,2294712,True
POST00001135,6638119,True
POST00003707,2438964,True
POST00003939,4043332,True
POST00002496,2388159,True
POST00001620,2193961,True
POST00003526,433567,True
POST00003560,2867940,True
POST00001735,5110648,True
POST00003481,287567,True
POST00003606,3943158,True
POST00002724,3255237,True
POST00003056,5989532,True
POST00002107,1190009,True
POST00001485,1361654,True
POST00002122,9529704,True
POST00002892,907269,True
POST00002349,10428250,True
POST00003368,5761340,True
POST00000460,15559739,True
POST00002894,2537228,True
POST00001284,3651243,True
POST00003155,1057525,True
POST00000377,521798,True
POST00001913,1424045,True
POST00001080,6749484,True
POST00001897,3639819,True
POST00001984,11462595,True
POST00002045,255527,True
POST00002052,3165219,True
POST00002259,568008,True
POST00001742,2152417,True
POST00001809,2037074,True
POST00002091,3361972,True
POST00003854,939610,True
POST00001903,4254253,True
POST00000317,1221874,True
POST00003711,3584481,True
POST00000499,728177,True
POST00000773,335210,True
POST00001243,523867,True
POST00003624,4489666,True
POST00002589,2908453,True
POST00002033,928229,True
POST00002108,14798322,True
POST00003894,566061,True
POST00003319,5710114,True
POST00002793,4104472,True
POST00003131,274436,True
POST00001490,4981059,True
POST00003157,24331816,True
POST00000027,9592750,True
POST00000744,1994908,True
POST00001948,6883191,True
POST00001975,7389275,True
POST00003283,2186540,True
POST00005799,12282722,True
POST00004065,4108710,True
POST00005457,11558004,True
POST00004876,18569706,True
POST00005398,8323321,True
POST00004398,11911551,True
POST00005328,12696492,True
POST00005138,2325103,True
POST00004573,2535468,True
POST00004115,10614209,True
POST00004728,6970234,True
POST00005348,1793405,True
POST00005610,3562837,True
POST00005847,4854980,True
POST00005246,5347430,True
POST00004050,282173,True
POST00004143,2734510,True
POST00004562,13203023,True
POST00004713,589204,True
POST00005490,31908445,True
POST00004537,36737652,True
POST00005638,5003216,True
POST00005248,1957951,True
POST00005540,6554546,True
POST00004134,2523055,True
POST00005188,5259513,True
POST00004303,12389946,True
POST00005157,5825349,True
POST00004128,15230365,True
POST00005357,40765293,True
POST00005553,8437764,True
POST00004083,6712303,True
POST00005881,11150829,True
POST00005848,2300454,True
POST00005560,10333738,True
POST00005836,3420885,True
POST00004833,6167958,True
POST00005031,538895,True
POST00005047,3101022,True
POST00004281,4403046,True
POST00004852,4320961,True
POST00004595,9388023,True
POST00004043,5675730,True
POST00005344,3253235,True
POST00005663,5187887,True
POST00004100,6998671,True
POST00004399,5321622,True
POST00004701,5164685,True
POST00005242,10357487,True
POST00004447,6058004,True
POST00004693,3590844,True
POST00004896,12703945,True
POST00005304,1146468,True
POST00005632,4055250,True
POST00005262,2296835,True
POST00005401,4820030,True
POST00005000,3386943,True
POST00005919,1480941,True
POST00004561,1371793,True
POST00005670,3109865,True
POST00004178,878122,True
POST00005147,3900529,True
POST00004133,3037507,True
POST00005358,1385274,True
POST00004395,2559044,True
POST00004885,8957224,True
POST00005299,16819845,True
POST00004993,3631652,True
POST00005228,1060680,True
POST00005729,4891621,True
POST00005266,2366664,True
POST00004245,363499,True
POST00005413,2559418,True
POST00005821,4355100,True
POST00005484,798302,True
POST00005292,5021346,True
POST00005441,5680851,True
POST00004452,8988756,True
POST00004135,994180,True
POST00004136,1671776,True
POST00005584,23929692,True
POST00004862,1395414,True
POST00005494,10519107,True
POST00004574,6312242,True
POST00005509,460501,True
POST00005022,10502926,True
POST00005119,4370065,True
POST00004802,2365294,True
POST00005615,3707080,True
POST00004722,7350817,True
POST00004649,14916872,True
POST00005310,340972,True
POST00004785,4215332,True
POST00004819,916030,True
POST00004023,1026892,True
POST00004220,1347750,True
POST00004549,5759257,True
POST00005392,10559362,True
POST00005822,4113001,True
POST00005994,1410777,True
POST00004990,3227698,True
POST00004772,18174203,True
POST00005381,923720,True
POST00005074,633658,True
POST00005355,4813449,True
POST00004009,1077662,True
POST00005959,3294196,True
POST00004808,420525,True
POST00005722,2256852,True
POST00004542,5139356,True
POST00004255,3831492,True
POST00004095,5253329,True
POST00005406,18808685,True
POST00005534,932437,True
POST00004858,2280654,True
POST00005314,10532318,True
POST00005006,1048901,True
POST00005940,2163357,True
POST00005736,2225005,True
POST00004058,1301479,True
POST00005776,2104394,True
POST00005163,9555628,True
POST00005543,12433331,True
POST00005089,1317337,True
POST00004536,3630455,True
POST00005253,3489089,True
POST00004168,3072974,True
POST00004117,1242202,True
POST00005186,9803478,True
POST00005404,3010637,True
POST00004664,3027214,True
POST00005995,6454531,True
POST00004937,9385018,True
POST00004049,3648501,True
POST00004541,3601195,True
POST00005563,1306312,True
POST00005727,3597107,True
POST00005378,10880196,True
POST00005395,8015008,True
POST00004430,9440619,True
POST00004192,1273708,True
POST00005265,4222290,True
POST00004348,6293554,True
POST00004611,1754260,True
POST00005134,2961497,True
POST00005113,1269014,True
POST00005687,15180461,True
POST00004082,7933194,True
POST00005708,17572529,True
POST00004488,10161639,True
POST00005216,7286199,True
POST00005316,3235435,True
POST00005480,4425264,True
POST00005454,7303292,True
POST00004216,39252787,True
POST00005301,7746503,True
POST00005741,4357122,True
POST00005384,3216473,True
POST00005719,942687,True
POST00004866,37790432,True
POST00005939,4117845,True
POST00004300,910422,True
POST00004243,5394819,True
POST00004687,2242778,True
POST00005602,13183642,True
POST00005631,10181051,True
POST00005914,10896001,True
POST00005481,1208929,True
POST00005038,479200,True
POST00005014,3167917,True
POST00004238,2173675,True
POST00005394,30643188,True
POST00005141,7468220,True
POST00005195,9170067,True
POST00004780,2891073,True
POST00004123,13670079,True
POST00004841,619909,True
POST00005750,11799477,True
POST00004953,3047433,True
POST00005015,1579203,True
POST00004442,5613876,True
POST00005178,2093859,True
POST00005857,2654792,True
POST00005875,8214280,True
POST00005240,1498919,True
POST00005649,3189782,True
POST00005743,3015839,True
POST00005699,3490894,True
POST00004923,1494964,True
POST00005101,1898257,True
POST00005175,8608260,True
POST00004832,3040228,True
POST00004727,4455040,True
POST00005167,3310057,True
POST00004072,1933146,True
POST00005424,10041095,True
POST00005652,1875108,True
POST00004881,4460280,True
POST00004030,9869196,True
POST00005628,3126629,True
POST00004450,3782578,True
POST00005342,13069897,True
POST00005111,1750880,True
POST00005920,723186,True
POST00004073,9830247,True
POST00004262,892300,True
POST00005930,7881301,True
POST00005005,6900790,True
POST00004620,10848430,True
POST00005133,11587139,True
POST00004826,15676964,True
POST00004155,90793525,True
POST00005832,1977695,True
POST00005280,1632086,True
POST00005268,2075386,True
POST00005789,2068091,True
POST00005787,1541404,True
POST00005109,4323589,True
POST00004849,29378292,True
POST00004102,4843627,True
POST00004784,2119398,True
POST00005529,1110379,True
POST00005852,8318147,True
POST00004487,31543450,True
POST00005388,433841,True
POST00004721,6002470,True
POST00005318,4912650,True
POST00005643,3750544,True
POST00004384,6112777,True
POST00004053,3665190,True
POST00005650,6520584,True
POST00004632,2416416,True
POST00005868,112885,True
POST00005126,918069,True
POST00005827,2188218,True
POST00004063,553159,True
POST00004719,2634394,True
POST00005194,1677415,True
POST00004351,2936395,True
POST00004394,23097349,True
POST00004407,4904831,True
POST00004286,1816634,True
POST00005379,532099,True
POST00005236,1434163,True
POST00005107,4717657,True
POST00004831,4061836,True
POST00004380,918607,True
POST00004290,3286760,True
POST00004859,2713913,True
POST00004020,47293321,True
POST00004523,8656980,True
POST00005370,5426316,True
POST00005110,10391613,True
POST00004189,1932139,True
POST00004527,25035257,True
POST00005307,10002864,True
POST00004791,21640327,True
POST00004329,1225959,True
POST00004018,565567,True
POST00004648,436861,True
POST00005574,1353471,True
POST00004992,9594164,True
POST00005844,2717128,True
POST00005891,1573131,True
POST00004604,8418209,True
POST00004592,780316,True
POST00004917,701508,True
POST00004720,547260,True
POST00005860,2699451,True
POST00004783,8781382,True
POST00005193,2393632,True
POST00005515,6300844,True
POST00004400,9275504,True
POST00005474,1333232,True
POST00005726,408828,True
POST00005580,10668329,True
POST00005785,7004753,True
POST00005033,3911280,True
POST00005367,13071826,True
POST00005499,5126767,True
POST00004749,3880315,True
POST00004996,900715,True
POST00004793,17542938,True
POST00004894,2377896,True
POST00004438,1406317,True
POST00004037,8009863,True
POST00004206,7999824,True
POST00004510,2682704,True
POST00004960,8100150,True
POST00004857,7011387,True
POST00004325,8939125,True
POST00005215,4056447,True
POST00005064,5660833,True
POST00005712,1569870,True
POST00005892,5615391,True
POST00005362,13027191,True
POST00005739,624217,True
POST00005200,957507,True
POST00005735,19083165,True
POST00005099,25649255,True
POST00004098,28171550,True
POST00005937,9227467,True
POST00005277,1916905,True
POST00004748,2178805,True
POST00005948,31636794,True
POST00004163,1888068,True
POST00005172,1658378,True
POST00004125,1249709,True
POST00005460,981968,True
POST00005554,18473056,True
POST00005507,2795365,True
POST00004607,3162205,True
POST00004022,8179762,True
POST00004360,5058259,True
POST00004884,104604323,True
POST00005909,76456719,True
POST00005369,3928899,True
POST00004585,4545013,True
POST00004080,6593393,True
POST00004535,1459164,True
POST00005028,10293564,True
POST00005432,6259751,True
POST00004150,11788717,True
POST00004016,2359353,True
POST00004451,3067318,True
POST00005231,2669369,True
POST00005725,40316857,True
POST00004800,9520520,True
POST00004589,9224372,True
POST00004292,16269504,True
POST00004175,4894905,True
POST00005778,4208359,True
POST00004214,4939147,True
POST00004659,2305736,True
POST00004930,2728050,True
POST00005097,12609769,True
POST00004101,2231863,True
POST00004059,1253842,True
POST00005297,4364516,True
POST00005238,1532767,True
POST00005399,46112282,True
POST00004743,12710776,True
POST00005775,9725987,True
POST00005471,21786768,True
POST00004579,32276121,True
POST00004671,5723097,True
POST00004109,3134693,True
POST00005946,4327982,True
POST00004139,2519521,True
POST00005555,4427202,True
POST00004643,2686248,True
POST00004315,4059519,True
POST00004941,11520842,True
POST00005158,9923886,True
POST00004534,6864320,True
POST00004002,18901326,True
POST00004226,6371749,True
POST00004606,18476440,True
POST00004873,8690815,True
POST00004746,24434619,True
POST00004533,6745569,True
POST00004350,1635870,True
POST00004614,24074913,True
POST00004197,150874,True
POST00005858,15695562,True
POST00005611,1370669,True
POST00005651,1470717,True
POST00005773,7620933,True
POST00004259,2080351,True
POST00005572,4379253,True
POST00005637,7262408,True
POST00005737,883475,True
POST00005485,11171732,True
POST00004026,2196743,True
POST00004441,153658,True
POST00005801,6729976,True
POST00005861,3223567,True
POST00004879,15190454,True
POST00005913,2970297,True
POST00004426,1134570,True
POST00004769,1208662,True
POST00004176,2831706,True
POST00005054,9449927,True
POST00005597,9087724,True
POST00005282,2816698,True
POST00004433,14163918,True
POST00005185,3432804,True
POST00004382,2960212,True
POST00004686,5520669,True
POST00004600,2447901,True
POST00004144,2184628,True
POST00005001,825872,True
POST00004674,1167161,True
POST00005320,11835848,True
POST00004552,1973192,True
POST00005623,1606803,True
POST00004695,2970440,True
POST00005234,1592901,True
POST00005990,2152758,True
POST00004863,5162695,True
POST00004328,3949915,True
POST00005438,65080658,True
POST00004320,2639716,True
POST00005942,1244801,True
POST00005353,23119382,True
POST00005219,22158187,True
POST00004593,1092910,True
POST00004811,9563402,True
POST00004427,4824781,True
POST00004106,18627896,True
POST00004428,5385032,True
POST00004906,4190019,True
POST00005321,256651,True
POST00005070,9666128,True
POST00004597,11170793,True
POST00004256,3981445,True
POST00005721,511214,True
POST00004587,6037272,True
POST00004891,663601,True
POST00004608,2001718,True
POST00005941,9543313,True
POST00004263,3858909,True
POST00005222,4942945,True
POST00005906,2817052,True
POST00005469,1865742,True
POST00005951,4947970,True
POST00004591,7939268,True
POST00004345,3292791,True
POST00004252,9027772,True
POST00004092,6052839,True
POST00004725,11807320,True
POST00004403,1552288,True
POST00004644,5818409,True
POST00004555,22979669,True
POST00005165,1078830,True
POST00005468,2216494,True
POST00005709,8050378,True
POST00005461,97260151,True
POST00005455,1150035,True
POST00005516,6244248,True
POST00004079,3919491,True
POST00005862,33577743,True
POST00005605,11243929,True
POST00004258,2111320,True
POST00004617,10171783,True
POST00004091,685447,True
POST00005966,9756313,True
POST00005974,25803508,True
POST00004396,40342991,True
POST00005208,6864522,True
POST00005928,3077080,True
POST00004569,7206677,True
POST00004662,4250396,True
POST00005220,14461411,True
POST00005209,3416049,True
POST00005233,10766348,True
POST00005603,4868257,True
POST00004599,4397281,True
POST00005661,23157694,True
POST00004368,1652672,True
POST00005339,12966251,True
POST00005067,10556106,True
POST00004871,15404123,True
POST00004627,975708,True
POST00005810,1003903,True
POST00004170,14331278,True
POST00005264,7409193,True
POST00005137,4782869,True
POST00005103,3008415,True
POST00005813,3938845,True
POST00004955,1756533,True
POST00005332,1763029,True
POST00005372,334593,True
POST00004798,1176030,True
POST00004354,4904522,True
POST00005691,9268205,True
POST00004234,26046099,True
POST00004946,1253056,True
POST00004616,429130,True
POST00004423,4141403,True
POST00004754,21573365,True
POST00005700,4154059,True
POST00004706,13732677,True
POST00004067,28070010,True
POST00005617,4911517,True
POST00004691,1544495,True
POST00004739,1246645,True
POST00005430,6545920,True
POST00004140,7395617,True
POST00004413,3403527,True
POST00004521,4006355,True
POST00005986,5546114,True
POST00005701,17918567,True
POST00005491,16937254,True
POST00004183,5754625,True
POST00005243,2138054,True
POST00005217,41670920,True
POST00004935,12172173,True
POST00004504,13091586,True
POST00004787,7839112,True
POST00004096,9266009,True
POST00004939,4680736,True
POST00004823,5481848,True
POST00004261,2478032,True
POST00004355,1227101,True
POST00004576,29487924,True
POST00005645,1262681,True
POST00004825,1587901,True
POST00004249,28270475,True
POST00004254,1572416,True
POST00004777,1980457,True
POST00004636,564269,True
POST00004149,47194860,True
POST00004899,9101949,True
POST00004397,11292669,True
POST00004235,7459725,True
POST00005213,4126869,True
POST00005258,6000114,True
POST00005723,15637459,True
POST00005377,6708353,True
POST00005967,7864816,True
POST00004788,7957745,True
POST00005985,3697241,True
POST00005136,1531056,True
POST00004904,6568031,True
POST00005496,15264556,True
POST00005116,12907746,True
POST00005662,1447875,True
POST00004893,1389575,True
POST00004764,4639252,True
POST00004024,22489794,True
POST00004242,6636824,True
POST00005354,6230723,True
POST00004460,2865788,True
POST00005950,2446123,True
POST00004677,14767979,True
POST00005929,11355360,True
POST00005514,5634797,True
POST00005271,6386709,True
POST00005050,1990876,True
POST00004865,5002705,True
POST00005159,827362,True
POST00005634,94825,True
POST00004156,5011095,True
POST00005202,20873001,True
POST00004273,6845654,True
POST00004019,9032529,True
POST00005024,12566824,True
POST00004751,12856456,True
POST00005127,1278039,True
POST00004759,3255995,True
POST00005568,6128328,True
POST00004310,11298042,True
POST00004809,6000970,True
POST00004322,3878497,True
POST00004025,1487410,True
POST00005261,8658870,True
POST00005483,1271337,True
POST00005870,210813,True
POST00005925,1742043,True
POST00004280,7409160,True
POST00005345,36105064,True
POST00005541,14935055,True
POST00004494,6042562,True
POST00004056,9543043,True
POST00004968,19949250,True
POST00005077,4669752,True
POST00005992,1249482,True
POST00005997,885570,True
POST00004944,4671324,True
POST00005489,1450531,True
POST00005744,1490739,True
POST00005180,3191835,True
POST00004105,29849481,True
POST00004621,1073579,True
POST00005619,1385248,True
POST00005732,18979855,True
POST00004409,1920282,True
POST00004068,4385370,True
POST00004469,8821104,True
POST00004169,15215196,True
POST00004251,12626016,True
POST00005840,3390518,True
POST00005451,291087,True
POST00004318,2977659,True
POST00004076,1140752,True
POST00005267,576087,True
POST00005831,10224749,True
POST00005612,3276611,True
POST00004618,1776620,True
POST00004699,11431146,True
POST00004260,2884726,True
POST00005902,79394140,True
POST00004040,1746702,True
POST00005396,4083021,True
POST00004010,3167472,True
POST00005924,10894780,True
POST00004845,12832493,True
POST00005771,8325817,True
POST00004496,1108667,True
POST00004690,7229776,True
POST00004244,38983219,True
POST00004909,4654323,True
POST00004861,3112842,True
POST00005130,5730679,True
POST00005080,5029035,True
POST00004352,1217577,True
POST00005826,6066640,True
POST00005608,3877979,True
POST00004651,7593802,True
POST00005309,4881467,True
POST00004507,7126088,True
POST00005742,1676210,True
POST00004568,4800011,True
POST00004108,7156463,True
POST00004443,3040605,True
POST00005154,2153298,True
POST00004775,1040731,True
POST00005724,2254824,True
POST00004602,2138471,True
POST00005824,13316884,True
POST00005030,1871031,True
POST00005492,1248224,True
POST00005189,14186071,True
POST00005079,732659,True
POST00004807,2037951,True
POST00005337,964550,True
POST00004364,6837547,True
POST00005397,1851369,True
POST00004449,8351131,True
POST00004302,2077210,True
POST00004171,5786961,True
POST00004479,3167089,True
POST00005427,5882714,True
POST00005835,3681137,True
POST00005349,2374335,True
POST00005894,18406675,True
POST00004055,17133714,True
POST00005811,5572808,True
POST00004088,1977276,True
POST00004683,6689139,True
POST00004810,931819,True
POST00005170,1256750,True
POST00005121,14031223,True
POST00004803,11070880,True
POST00005420,6804563,True
POST00004911,20932965,True
POST00005417,7007957,True
POST00005520,1313580,True
POST00004812,290404,True
POST00005412,7587387,True
POST00005319,4670471,True
POST00004217,519432,True
POST00004121,21555545,True
POST00005590,1398931,True
POST00005819,19366855,True
POST00005654,1197612,True
POST00005414,3262423,True
POST00004308,11290114,True
POST00004299,27847180,True
POST00004868,367292,True
POST00005390,8107845,True
POST00004298,15331652,True
POST00004816,16583988,True
POST00005065,14767880,True
POST00004228,4290498,True
POST00004284,1495595,True
POST00004279,1422207,True
POST00005943,1292606,True
POST00004093,7518488,True
POST00004736,14682460,True
POST00004564,838442,True
POST00004084,6138407,True
POST00005011,1603826,True
POST00005679,13597794,True
POST00004918,1819882,True
POST00005478,3789136,True
POST00004333,3963081,True
POST00005464,2088028,True
POST00005039,976892,True
POST00004323,11807557,True
POST00004760,17212500,True
POST00004160,14291320,True
POST00005272,5714084,True
POST00005696,2362147,True
POST00005183,6137354,True
POST00005933,25274480,True
POST00004209,1851915,True
POST00004601,2938982,True
POST00004678,5093856,True
POST00005259,5060472,True
POST00005969,21702065,True
POST00004652,6793944,True
POST00005123,2376089,True
POST00004745,4446091,True
POST00004204,13269685,True
POST00005226,9409669,True
POST00005245,32494677,True
POST00005642,3936893,True
POST00004012,43023235,True
POST00005284,1143407,True
POST00005890,12766286,True
POST00004459,22653104,True
POST00004461,2739610,True
POST00004979,10927860,True
POST00004231,11841030,True
POST00004437,8606569,True
POST00005199,6480471,True
POST00005581,3825350,True
POST00004359,1668776,True
POST00005838,2104145,True
POST00004151,9030372,True
POST00004565,44657449,True
POST00005400,23664294,True
POST00004666,53963998,True
POST00004418,1790550,True
POST00005962,1750132,True
POST00004499,12395912,True
POST00005425,2615333,True
POST00004306,2417918,True
POST00004467,6806599,True
POST00004361,2539437,True
POST00005025,3330855,True
POST00004497,2335832,True
POST00005410,1061885,True
POST00005274,1222325,True
POST00004195,24922426,True
POST00005656,19497267,True
POST00005144,2886410,True
POST00005083,15268102,True
POST00005864,7206057,True
POST00004605,2440106,True
POST00004035,38403817,True
POST00004181,11714148,True
POST00005690,11356008,True
POST00004033,882318,True
POST00005598,8083040,True
POST00004712,849114,True
POST00005084,975302,True
POST00005036,1671122,True
POST00004551,9836856,True
POST00005613,13231491,True
POST00004619,17555066,True
POST00004127,778123,True
POST00004786,4546447,True
POST00004158,1317998,True
POST00004087,9010910,True
POST00004454,11033585,True
POST00005095,46018268,True
POST00005851,36252157,True
POST00005191,2164146,True
POST00004978,1301288,True
POST00005151,5586863,True
POST00005450,13129982,True
POST00005408,11564999,True
POST00005688,8653609,True
POST00005620,13122707,True
POST00005600,1072072,True
POST00005880,15151498,True
POST00005300,3378270,True
POST00005291,797426,True
POST00004528,11037447,True
POST00004218,4452802,True
POST00004582,1334543,True
POST00004667,10044412,True
POST00004705,10680930,True
POST00005295,8159869,True
POST00005876,3421485,True
POST00005989,17856565,True
POST00005034,996026,True
POST00004317,2849131,True
POST00004432,4047626,True
POST00004420,1765669,True
POST00004689,1770789,True
POST00004684,32605254,True
POST00005944,1197780,True
POST00005473,2743307,True
POST00005715,3838973,True
POST00004799,4019542,True
POST00004271,2305205,True
POST00004114,3043618,True
POST00004267,2539872,True
POST00005402,1229683,True
POST00004625,1051533,True
POST00004305,841530,True
POST00004598,3941780,True
POST00004081,3179544,True
POST00005456,3479764,True
POST00004529,6980759,True
POST00005145,3914014,True
POST00004735,3793889,True
POST00004957,3514809,True
POST00005115,2157598,True
POST00004411,1030285,True
POST00005780,11107811,True
POST00005330,35270395,True
POST00005279,5232990,True
POST00004729,1975267,True
POST00005476,2059309,True
POST00005647,4133864,True
POST00004153,702998,True
POST00005527,2549675,True
POST00004815,8893143,True
POST00005125,7754282,True
POST00004938,5213244,True
POST00004988,2715585,True
POST00005609,3688661,True
POST00005493,4504145,True
POST00004474,5062931,True
POST00004509,6896363,True
POST00004519,3272398,True
POST00005866,1421819,True
POST00005682,1985209,True
POST00004580,9496657,True
POST00005210,2067685,True
POST00004367,3408021,True
POST00005241,3111360,True
POST00004205,4048154,True
POST00005784,1636928,True
POST00005435,15643654,True
POST00005805,596791,True
POST00004391,482847,True
POST00005953,13674830,True
POST00004331,3111124,True
POST00004207,671734,True
POST00005475,3521024,True
POST00005733,38560326,True
POST00005364,3752039,True
POST00005214,972495,True
POST00005437,2594368,True
POST00005768,8231552,True
POST00005921,9055917,True
POST00004588,3888821,True
POST00004313,5241244,True
POST00005897,1819578,True
POST00005009,44095023,True
POST00004827,1649621,True
POST00004824,781683,True
POST00004590,3671319,True
POST00005668,6296936,True
POST00005179,11371329,True
POST00005738,354837,True
POST00004647,3105233,True
POST00004942,511669,True
POST00005428,6012613,True
POST00004814,196901,True
POST00004386,1968591,True
POST00004074,9042932,True
POST00005569,191669,True
POST00004696,3777986,True
POST00004967,2878187,True
POST00005294,7742852,True
POST00005190,26242053,True
POST00004855,2040323,True
POST00004416,1111158,True
POST00005633,900345,True
POST00005269,9371468,True
POST00005622,1357741,True
POST00004424,2386108,True
POST00004840,12705774,True
POST00005769,25222828,True
POST00005854,12394189,True
POST00004132,408742,True
POST00004312,3054623,True
POST00004731,9806303,True
POST00005594,6410788,True
POST00004159,7567821,True
POST00004410,5174475,True
POST00005061,1130676,True
POST00005546,3090767,True
POST00005673,3262864,True
POST00005048,6723044,True
POST00004094,39356687,True
POST00005244,17070618,True
POST00005169,15259914,True
POST00005705,5920655,True
POST00004046,487287,True
POST00004484,2696303,True
POST00004283,11536635,True
POST00004511,783510,True
POST00005290,7842381,True
POST00004933,2246708,True
POST00004934,695500,True
POST00005327,1568665,True
POST00005513,6805480,True
POST00005730,7577659,True
POST00004711,20449906,True
POST00004307,11263484,True
POST00004406,20959530,True
POST00004429,15260677,True
POST00005587,216786,True
POST00005630,1271722,True
POST00005073,16413795,True
POST00004682,1945623,True
POST00005878,28676003,True
POST00005042,27242779,True
POST00004626,3285729,True
POST00004692,34684908,True
POST00005201,1769150,True
POST00005037,362566,True
POST00005865,6046061,True
POST00005984,2257224,True
POST00004014,983690,True
POST00004021,8777808,True
POST00005855,2571192,True
POST00004377,32079154,True
POST00004924,3877259,True
POST00004835,10972573,True
POST00004126,1798071,True
POST00004874,3338948,True
POST00005731,975588,True
POST00005955,7125556,True
POST00005547,19970543,True
POST00004558,3390755,True
POST00004431,733729,True
POST00005385,1747969,True
POST00005023,10992589,True
POST00004389,1091173,True
POST00004241,34491544,True
POST00004028,10913625,True
POST00005351,5337644,True
POST00004870,2343634,True
POST00005786,7341142,True
POST00005459,2418781,True
POST00005539,3863615,True
POST00004295,3703160,True
POST00004385,2704104,True
POST00004482,1977864,True
POST00005051,5439418,True
POST00004414,15379292,True
POST00005618,9618780,True
POST00004202,15674422,True
POST00004550,1863755,True
POST00004889,1685231,True
POST00005232,2150151,True
POST00004347,2752145,True
POST00005442,26801641,True
POST00004458,11581800,True
POST00004584,1396586,True
POST00005082,8919958,True
POST00005239,23278271,True
POST00005720,6030529,True
POST00005752,2202758,True
POST00005341,2993153,True
POST00004146,2709006,True
POST00005422,1793385,True
POST00005352,35846411,True
POST00004492,4389658,True
POST00005305,3841366,True
POST00005166,1643382,True
POST00004330,2378770,True
POST00005963,3453685,True
POST00005772,2203767,True
POST00004266,1247160,True
POST00004191,1870168,True
POST00004439,1333104,True
POST00004198,761348,True
POST00004630,6013996,True
POST00004794,1079409,True
POST00004201,2444953,True
POST00004457,14573260,True
POST00004129,4605752,True
POST00004961,1477906,True
POST00005987,2996941,True
POST00005616,2898057,True
POST00004895,11827931,True
POST00005078,14475497,True
POST00005500,8896278,True
POST00005143,8196103,True
POST00005027,2483629,True
POST00004742,18077234,True
POST00004483,12810893,True
POST00004681,8297291,True
POST00004977,488370,True
POST00004490,10340699,True
POST00005322,6757106,True
POST00005900,75791447,True
POST00004796,6982702,True
POST00005938,22998847,True
POST00004145,4434945,True
POST00004213,11024878,True
POST00005812,1927740,True
POST00004830,3498806,True
POST00004781,23766963,True
POST00004806,1069554,True
POST00004342,496606,True
POST00005849,2800502,True
POST00005675,10156643,True
POST00004505,2102780,True
POST00005644,3370501,True
POST00004250,7433979,True
POST00005488,454176,True
POST00004060,2005728,True
POST00004724,2809141,True
POST00004408,11985970,True
POST00004544,5438999,True
POST00005436,889108,True
POST00005302,2349353,True
POST00005346,1993522,True
POST00005063,513663,True
POST00005431,20185586,True
POST00005915,1202234,True
POST00004556,4179558,True
POST00005275,5436874,True
POST00004203,1652044,True
POST00005927,600714,True
POST00005176,2990296,True
POST00004718,552798,True
POST00005770,1163832,True
POST00005205,964862,True
POST00005905,2369914,True
POST00005856,39321017,True
POST00004326,1255287,True
POST00005934,3674207,True
POST00004036,11152578,True
POST00004762,5435101,True
POST00004929,3416107,True
POST00004915,3709667,True
POST00004039,10016535,True
POST00005874,12574964,True
POST00005026,2443981,True
POST00005596,586027,True
POST00004623,1210977,True
POST00004631,19659952,True
POST00005338,552686,True
POST00004888,16676037,True
POST00005423,22611581,True
POST00005817,3534327,True
POST00004466,26309708,True
POST00005573,2211676,True
POST00005391,6020581,True
POST00004976,1827793,True
POST00004282,25742046,True
POST00005566,1601801,True
POST00005911,2170680,True
POST00004165,2669981,True
POST00004066,21230608,True
POST00005536,1676109,True
POST00005149,11114782,True
POST00004085,5078714,True
POST00005278,296550,True
POST00004446,2304468,True
POST00005538,28789293,True
POST00004851,7918343,True
POST00004239,470620,True
POST00005287,4951703,True
POST00004650,1631093,True
POST00005958,2021286,True
POST00005086,2190340,True
POST00004943,9218463,True
POST00004737,5506997,True
POST00005142,3057519,True
POST00005754,2475655,True
POST00004641,9238414,True
POST00005453,2389984,True
POST00004956,6756967,True
POST00005636,5440239,True
POST00004223,30014463,True
POST00005899,5644480,True
POST00004789,9427528,True
POST00005659,3308457,True
POST00005882,7303584,True
POST00004248,5566173,True
POST00004032,9043313,True
POST00004880,2839991,True
POST00005347,2776226,True
POST00004422,1471908,True
POST00004920,7288644,True
POST00004471,6841892,True
POST00005223,2011943,True
POST00004972,1339424,True
POST00004753,4667466,True
POST00005124,2708610,True
POST00005057,11504753,True
POST00004723,3841633,True
POST00004314,11409849,True
POST00005640,2662995,True
POST00004994,7837908,True
POST00004122,1088137,True
POST00004747,12837247,True
POST00005171,1450425,True
POST00005960,1267787,True
POST00005331,3401954,True
POST00004963,4303935,True
POST00004048,3625999,True
POST00004653,12585501,True
POST00004635,12504820,True
POST00004570,1974833,True
POST00004341,16088418,True
POST00004186,2866384,True
POST00004757,6783318,True
POST00005918,908849,True
POST00005660,3996375,True
POST00004936,1335855,True
POST00005676,14002595,True
POST00005012,38866111,True
POST00004038,15393845,True
POST00004089,179217299,True
POST00005227,2076921,True
POST00005206,1127397,True
POST00004319,11823785,True
POST00004974,12582690,True
POST00005458,30860659,True
POST00004925,1135453,True
POST00004375,6684069,True
POST00005717,1222403,True
POST00004989,5836010,True
POST00004110,14210945,True
POST00004236,2871589,True
POST00004991,22250557,True
POST00004500,1255580,True
POST00004694,832599,True
POST00005433,2032352,True
POST00004388,4932786,True
POST00005446,25608777,True
POST00005545,1937803,True
POST00005968,4738764,True
POST00004658,2374903,True
POST00005088,1660564,True
POST00004545,14830943,True
POST00005585,5718173,True
POST00004489,34681503,True
POST00004560,5061414,True
POST00004640,42360276,True
POST00004839,30922664,True
POST00005707,11153226,True
POST00004926,8133934,True
POST00005863,2608648,True
POST00004668,11997547,True
POST00004795,1677730,True
POST00004663,2198004,True
POST00005698,1110178,True
POST00005313,4501612,True
POST00004104,894940,True
POST00005796,10828824,True
POST00005225,8385123,True
POST00005443,1509147,True
POST00004119,2857315,True
POST00005749,12982294,True
POST00004740,1192758,True
POST00004211,5246890,True
POST00004882,9765987,True
POST00004468,49448172,True
POST00004897,14556010,True
POST00005521,1049845,True
POST00004869,1339257,True
POST00004843,15455749,True
POST00005120,1416020,True
POST00005559,12705049,True
POST00004278,2468614,True
POST00004966,1393670,True
POST00004700,7062504,True
POST00004064,8493882,True
POST00004456,400846,True
POST00005085,4202256,True
POST00004130,9421992,True
POST00004847,11116551,True
POST00004856,17997572,True
POST00004669,5278904,True
POST00004916,12550906,True
POST00004172,18393612,True
POST00004982,13018188,True
POST00004071,1673926,True
POST00004790,8620152,True
POST00005818,9010276,True
POST00004543,28908659,True
POST00004008,3176646,True
POST00005100,1391779,True
POST00005975,2459483,True
POST00004057,11647630,True
POST00005794,5917407,True
POST00005196,7277354,True
POST00004480,6244442,True
POST00004184,2791337,True
POST00004622,9462274,True
POST00004752,21001875,True
POST00004404,2672639,True
POST00005140,7284234,True
POST00005672,4254580,True
POST00005004,550249,True
POST00004517,14125941,True
POST00005702,12286705,True
POST00005068,605017,True
POST00005523,22854978,True
POST00004336,30878446,True
POST00004554,1435541,True
POST00004985,2189478,True
POST00005409,2407644,True
POST00005751,750328,True
POST00004805,992882,True
POST00004575,827293,True
POST00004337,15244016,True
POST00005019,5293598,True
POST00004738,4248633,True
POST00004959,880262,True
POST00005041,363166,True
POST00005625,1834424,True
POST00004755,4227086,True
POST00004370,9867375,True
POST00004612,984639,True
POST00005524,11042181,True
POST00004027,1713266,True
POST00005365,1921124,True
POST00005710,7381833,True
POST00004221,2257350,True
POST00005753,4172708,True
POST00005867,17657132,True
POST00005361,10217705,True
POST00004905,175770,True
POST00004524,7980488,True
POST00004237,16952473,True
POST00005593,1235221,True
POST00004448,5601759,True
POST00004366,31282129,True
POST00005964,4568465,True
POST00004162,564290,True
POST00005512,12951613,True
POST00005448,1716017,True
POST00004767,978380,True
POST00005350,20830696,True
POST00005793,5751558,True
POST00005076,859744,True
POST00005586,1654564,True
POST00005371,4611594,True
POST00005869,38217637,True
POST00004913,3072261,True
POST00005657,12476213,True
POST00004338,2291364,True
POST00005296,10595222,True
POST00004311,3012003,True
POST00004334,6643100,True
POST00005843,13803518,True
POST00005251,11386999,True
POST00005288,8960101,True
POST00004124,2265175,True
POST00004950,2032183,True
POST00005106,11011095,True
POST00004374,10298998,True
POST00005393,10920719,True
POST00004948,6122160,True
POST00005118,8415454,True
POST00005728,4919204,True
POST00004062,823572,True
POST00005333,25829959,True
POST00004503,7979645,True
POST00004820,3318971,True
POST00005562,19359205,True
POST00004435,1273313,True
POST00004730,10475730,True
POST00005740,3862673,True
POST00004297,6180610,True
POST00004515,1294701,True
POST00004531,336176,True
POST00004577,1541039,True
POST00005671,6617272,True
POST00004578,2988813,True
POST00004734,1804518,True
POST00005263,8658806,True
POST00005139,13414825,True
POST00005382,3687343,True
POST00004697,1679806,True
POST00005814,3151191,True
POST00004194,9087884,True
POST00005495,13044399,True
POST00005486,1808821,True
POST00005160,3536377,True
POST00005181,1433495,True
POST00004867,5910070,True
POST00004276,13685316,True
POST00004639,7850406,True
POST00005482,6003767,True
POST00004167,339487,True
POST00004829,2824094,True
POST00004006,1557074,True
POST00005525,5248292,True
POST00005153,1475764,True
POST00005257,10926243,True
POST00005627,5609150,True
POST00005655,5259761,True
POST00004771,1738133,True
POST00004362,5971889,True
POST00004842,14485648,True
POST00004265,458741,True
POST00004776,2490420,True
POST00004417,8406034,True
POST00004301,11944096,True
POST00005368,3877227,True
POST00005013,19052529,True
POST00005575,20042991,True
POST00004761,25741440,True
POST00005678,3208633,True
POST00005017,8614596,True
POST00004230,3896831,True
POST00004680,7211139,True
POST00005098,5300362,True
POST00004932,1695851,True
POST00005132,11634359,True
POST00004940,15024818,True
POST00004296,2003028,True
POST00005556,5242860,True
POST00005501,443174,True
POST00005544,12490704,True
POST00005903,1938466,True
POST00005965,2041462,True
POST00005303,4986338,True
POST00005255,1837876,True
POST00005714,917135,True
POST00005018,2871096,True
POST00004548,9390487,True
POST00005747,8431615,True
POST00004910,6590545,True
POST00004387,2108408,True
POST00004872,6935863,True
POST00004166,1171495,True
POST00004044,2141196,True
POST00004232,8600398,True
POST00004372,1212315,True
POST00005334,299699,True
POST00005375,51974281,True
POST00005588,1560123,True
POST00005211,2196977,True
POST00004947,7459577,True
POST00005956,6887351,True
POST00004378,9562713,True
POST00004864,6544919,True
POST00004419,6108838,True
POST00004324,12837682,True
POST00004508,1063144,True
POST00004188,18624591,True
POST00005823,4610125,True
POST00005059,437611,True
POST00005790,4235949,True
POST00004890,4062940,True
POST00005104,5481741,True
POST00005506,41145255,True
POST00004269,5238869,True
POST00004704,3768823,True
POST00005689,7097393,True
POST00004782,10580507,True
POST00004445,4296672,True
POST00004164,4192420,True
POST00005680,2163418,True
POST00005797,2256573,True
POST00004353,3916025,True
POST00005452,3925859,True
POST00005472,7523158,True
POST00005764,12412216,True
POST00005971,2770747,True
POST00004672,9763597,True
POST00005075,1516016,True
POST00005604,5800079,True
POST00005315,8898423,True
POST00004346,1141433,True
POST00004477,2303032,True
POST00004383,581558,True
POST00004583,4529829,True
POST00004750,5616814,True
POST00004914,4724977,True
POST00004272,3419196,True
POST00005745,7935182,True
POST00004973,3905334,True
POST00005978,11457723,True
POST00005462,1171032,True
POST00005549,1491039,True
POST00004107,3145749,True
POST00004540,3282651,True
POST00004365,1270643,True
POST00004633,9391962,True
POST00005329,5885750,True
POST00004571,26655098,True
POST00004208,8860507,True
POST00005746,21986418,True
POST00005973,96337,True
POST00005666,621260,True
POST00004161,11442908,True
POST00004675,2294524,True
POST00005582,3194241,True
POST00005317,25534795,True
POST00005816,20797529,True
POST00004553,4719778,True
POST00005326,2295031,True
POST00005380,9337081,True
POST00005579,19905602,True
POST00005565,7597996,True
POST00005204,439687,True
POST00005148,8670264,True
POST00005008,2619225,True
POST00004710,6507742,True
POST00005806,945394,True
POST00004005,6156300,True
POST00004912,12860643,True
POST00005335,3027266,True
POST00005606,1813627,True
POST00004274,1850543,True
POST00005224,1392668,True
POST00004797,950673,True
POST00004502,720215,True
POST00004673,7523747,True
POST00005155,2680623,True
POST00004567,802894,True
POST00005889,24367901,True
POST00004285,5660435,True
POST00004818,6179538,True
POST00004069,610096,True
POST00005298,8148331,True
POST00004225,16014836,True
POST00005578,4495137,True
POST00005859,7195412,True
POST00005376,4295188,True
POST00004892,17418532,True
POST00004045,15371732,True
POST00005762,1724032,True
POST00005479,9965272,True
POST00004147,5466190,True
POST00004475,7150349,True
POST00004075,5258909,True
POST00004688,2739730,True
POST00005440,1233949,True
POST00004070,2264609,True
POST00005373,2159948,True
POST00005533,7591166,True
POST00004112,7909662,True
POST00004332,4879664,True
POST00004657,7470099,True
POST00005311,9627623,True
POST00004758,5515520,True
POST00004212,641998,True
POST00005945,2437630,True
POST00004154,2389569,True
POST00004293,5458853,True
POST00005684,5991473,True
POST00004921,43829719,True
POST00004436,1002799,True
POST00005795,657232,True
POST00004174,823421,True
POST00004970,7966477,True
POST00004610,2663103,True
POST00005250,43468716,True
POST00004919,60652064,True
POST00005526,2538675,True
POST00005058,15194280,True
POST00005947,969836,True
POST00004007,3817803,True
POST00005961,8489016,True
POST00004246,3182417,True
POST00004954,892280,True
POST00004792,7052263,True
POST00005184,5232273,True
POST00004491,11712257,True
POST00004714,3257799,True
POST00004594,27043225,True
POST00004860,1761353,True
POST00004392,1223054,True
POST00005306,3869501,True
POST00004741,3821682,True
POST00004099,199002,True
POST00004440,4987005,True
POST00004086,9203547,True
POST00004763,11390309,True
POST00005071,327067,True
POST00004111,6605555,True
POST00005212,68789443,True
POST00004756,16024971,True
POST00006000,19577952,True
POST00005887,20531719,True
POST00004887,325807,True
POST00005173,11340646,True
POST00005798,10108838,True
POST00005066,6506586,True
POST00004980,1339810,True
POST00004768,4571758,True
POST00005841,3506731,True
POST00004495,1284843,True
POST00005043,2893893,True
POST00005993,15383177,True
POST00004525,2086337,True
POST00004801,1830309,True
POST00005850,16052512,True
POST00005161,12370470,True
POST00004716,4768027,True
POST00005713,4875756,True
POST00004141,2323142,True
POST00005131,8848729,True
POST00004726,2300190,True
POST00004142,1722836,True
POST00005449,19168373,True
POST00004405,926049,True
POST00005510,1549512,True
POST00004586,2926367,True
POST00005916,14094998,True
POST00005641,2727344,True
POST00004177,2237749,True
POST00004901,286552,True
POST00004945,1845081,True
POST00004321,1596428,True
POST00004376,20326668,True
POST00005629,1269376,True
POST00005830,3023142,True
POST00005646,9391117,True
POST00005972,2158632,True
POST00004304,10104242,True
POST00004257,408226,True
POST00004344,570429,True
POST00005839,27624528,True
POST00005766,6157365,True
POST00005718,5875434,True
POST00004999,13713685,True
POST00004828,444771,True
POST00005150,940147,True
POST00005917,3655148,True
POST00004120,7649008,True
POST00005221,1481360,True
POST00004512,1577149,True
POST00005931,31580265,True
POST00004015,2926371,True
POST00004137,5375287,True
POST00005792,1802343,True
POST00004078,1531452,True
POST00005497,14775360,True
POST00004042,8386422,True
POST00004219,1891462,True
POST00005695,3108068,True
POST00004401,3450120,True
POST00005757,89042720,True
POST00004421,3486698,True
POST00004717,3669057,True
POST00005734,5296463,True
POST00004838,2948864,True
POST00005845,550269,True
POST00005954,21100909,True
POST00005055,3131943,True
POST00004813,2412855,True
POST00005683,17297200,True
POST00005052,3006086,True
POST00004679,629817,True
POST00004732,7475559,True
POST00005564,3683901,True
POST00004703,21492968,True
POST00004526,11133436,True
POST00005286,773781,True
POST00005415,42687914,True
POST00004453,6964656,True
POST00005508,5826737,True
POST00005466,1094199,True
POST00004393,4834482,True
POST00005522,5707738,True
POST00004995,83588487,True
POST00005162,5001004,True
POST00004539,564319,True
POST00004373,1709668,True
POST00005991,5273089,True
POST00005837,11770773,True
POST00005912,17102780,True
POST00004356,3829875,True
POST00005639,3822400,True
POST00005621,1770239,True
POST00005114,9821556,True
POST00005090,4720587,True
POST00003945,5968263,True
POST00004516,10101082,True
POST00004665,11251857,True
POST00004462,2047531,True
POST00004113,1641408,True
POST00004971,6460939,True
POST00005998,1914600,True
POST00005289,612361,True
POST00005996,782214,True
POST00005589,2914420,True
POST00005511,2324165,True
POST00005635,5918785,True
POST00005853,1368649,True
POST00004615,3722238,True
POST00004848,6307514,True
POST00005932,10005801,True
POST00004603,12593834,True
POST00005782,18163133,True
POST00005716,5989645,True
POST00004357,67958588,True
POST00005002,1446783,True
POST00004951,4666555,True
POST00004779,4336897,True
POST00005758,3365276,True
POST00005207,1059149,True
POST00004975,16486469,True
POST00005759,2389167,True
POST00005091,1759448,True
POST00004210,4907455,True
POST00005883,7705001,True
POST00004363,2948048,True
POST00005535,2353012,True
POST00004054,2844204,True
POST00004148,1752126,True
POST00005815,5736467,True
POST00004986,3427317,True
POST00004316,6044070,True
POST00005977,33320967,True
POST00004854,1880093,True
POST00005808,515933,True
POST00004952,1767185,True
POST00005949,2121740,True
POST00005583,11542823,True
POST00004381,6540868,True
POST00005829,6454030,True
POST00005658,752310,True
POST00005254,3809364,True
POST00004520,7309936,True
POST00005093,3600794,True
POST00005359,11511243,True
POST00005791,13791694,True
POST00005387,5802586,True
POST00004634,14218475,True
POST00004898,11407770,True
POST00004997,5967375,True
POST00005653,8250303,True
POST00005879,5095251,True
POST00004034,14811303,True
POST00005517,974612,True
POST00004931,2736908,True
POST00004733,14074312,True
POST00005983,6841931,True
POST00005567,31535965,True
POST00004179,23559432,True
POST00004804,1297050,True
POST00005779,6235463,True
POST00005922,3766690,True
POST00005788,16538060,True
POST00004613,9534098,True
POST00004530,33341349,True
POST00005285,752994,True
POST00005046,3382942,True
POST00005477,3571556,True
POST00005463,1126671,True
POST00004646,2531269,True
POST00005053,16125893,True
POST00004343,5373370,True
POST00004493,2384274,True
POST00005685,1805142,True
POST00005528,1513754,True
POST00005686,18678150,True
POST00005592,4642997,True
POST00004817,2365971,True
POST00004846,2058987,True
POST00004506,5529287,True
POST00004698,12623159,True
POST00004011,7210333,True
POST00005426,8263935,True
POST00005577,1386133,True
POST00004444,4515100,True
POST00005846,3656099,True
POST00005060,507499,True
POST00004017,11930435,True
POST00005884,10863780,True
POST00005049,905400,True
POST00004481,2285771,True
POST00005834,1368610,True
POST00004077,3483994,True
POST00004563,5673152,True
POST00005982,4098571,True
POST00005531,85971500,True
POST00005386,5368355,True
POST00005896,6994519,True
POST00005324,1038692,True
POST00005035,4624952,True
POST00004264,1015952,True
POST00004969,2098345,True
POST00004532,2832090,True
POST00005128,4585927,True
POST00004047,965463,True
POST00004358,24257318,True
POST00005293,801375,True
POST00005800,15399079,True
POST00005504,2445243,True
POST00004061,1935427,True
POST00005502,2172224,True
POST00004349,1882391,True
POST00004514,3749282,True
POST00004773,29706571,True
POST00005374,3137235,True
POST00005447,15151033,True
POST00005325,14933155,True
POST00005952,8159281,True
POST00005164,2133052,True
POST00005112,33334447,True
POST00004707,50071550,True
POST00005781,4993798,True
POST00005552,45753768,True
POST00005117,11214386,True
POST00005045,33256340,True
POST00004656,1870007,True
POST00005557,18638858,True
POST00004200,12554851,True
POST00005820,4348208,True
POST00005407,17424285,True
POST00005283,2589101,True
POST00005281,6931223,True
POST00004685,2244669,True
POST00004309,1232225,True
POST00004513,45707306,True
POST00004415,608648,True
POST00004676,4613905,True
POST00005081,7157437,True
POST00004004,2888670,True
POST00005530,3926908,True
POST00005988,14509377,True
POST00004964,8752918,True
POST00005467,2047887,True
POST00005907,5038039,True
POST00004131,5800623,True
POST00005032,8586500,True
POST00005561,3234387,True
POST00004628,50025412,True
POST00004473,1404344,True
POST00004173,14642554,True
POST00005825,17534859,True
POST00005249,2815368,True
POST00004478,23995414,True
POST00005421,1357794,True
POST00005908,29467574,True
POST00005804,17892992,True
POST00005429,4300703,True
POST00005601,6752098,True
POST00005276,2600585,True
POST00005177,4483806,True
POST00004908,596773,True
POST00005979,1707346,True
POST00004778,58060377,True
POST00004247,608706,True
POST00004645,6851169,True
POST00004190,1036594,True
POST00004465,11269518,True
POST00005273,1200634,True
POST00004770,8344265,True
POST00004907,13295025,True
POST00005020,13814018,True
POST00004103,1764843,True
POST00004485,828702,True
POST00005168,2086521,True
POST00004277,7600452,True
POST00005886,3220008,True
POST00005763,1778338,True
POST00005389,4783871,True
POST00005935,14820928,True
POST00005901,2869312,True
POST00004340,7305131,True
POST00005748,12593932,True
POST00005182,748319,True
POST00005697,2744234,True
POST00005444,8096300,True
POST00005146,9900624,True
POST00005487,7563332,True
POST00004900,5550951,True
POST00005980,19379451,True
POST00004463,2813219,True
POST00005439,2054882,True
POST00005108,6735651,True
POST00005336,2086604,True
POST00004498,2579358,True
POST00004294,26783356,True
POST00005777,4924649,True
POST00004654,1777927,True
POST00005591,4321415,True
POST00005774,2864417,True
POST00004193,3380816,True
POST00004886,10342195,True
POST00005767,2307712,True
POST00005247,6278268,True
POST00005308,1980152,True
POST00004836,1641774,True
POST00005760,15844169,True
POST00004472,3119609,True
POST00004557,1886276,True
POST00004709,1977544,True
POST00005465,17181156,True
POST00004984,2509566,True
POST00005096,25921964,True
POST00005087,20423066,True
POST00004638,6939695,True
POST00005403,4209661,True
POST00004455,10182602,True
POST00005807,696085,True
POST00005007,11121646,True
POST00005904,870182,True
POST00004834,2667979,True
POST00005648,5129894,True
POST00004596,2820670,True
POST00004883,9039156,True
POST00004661,673515,True
POST00004229,1714183,True
POST00004182,4791738,True
POST00004253,4853713,True
POST00005833,9190082,True
POST00005570,2984980,True
POST00004875,1469099,True
POST00005550,1545114,True
POST00005105,25802771,True
POST00005711,3723571,True
POST00005693,5557759,True
POST00005016,15450834,True
POST00004199,2473522,True
POST00005192,5990559,True
POST00005519,7646808,True
POST00004275,1537969,True
POST00005094,2108686,True
POST00004501,717761,True
POST00005910,8130568,True
POST00004402,12868862,True
POST00004581,2007125,True
POST00005505,1518806,True
POST00004877,3809840,True
POST00005692,792452,True
POST00005761,14641821,True
POST00005809,2433492,True
POST00005092,12562838,True
POST00005542,873786,True
POST00005976,21753392,True
POST00004559,4562444,True
POST00005129,3772292,True
POST00004270,10867721,True
POST00005599,995002,True
POST00004744,9043871,True
POST00004031,376832,True
POST00005888,2519343,True
POST00004518,4257214,True
POST00005664,52681266,True
POST00005706,13490521,True
POST00005360,3832412,True
POST00005343,3179122,True
POST00004903,492279,True
POST00004949,12319819,True
POST00005803,4648694,True
POST00005072,1102862,True
POST00004371,6290025,True
POST00004702,2968916,True
POST00004187,4885787,True
POST00005703,15194960,True
POST00004902,9111192,True
POST00005503,2707207,True
POST00004051,8463964,True
POST00004470,2669772,True
POST00004052,14995929,True
POST00005926,15632901,True
POST00005756,11622081,True
POST00004288,47849264,True
POST00005218,3245532,True
POST00005551,4053949,True
POST00005624,22895480,True
POST00005828,378346,True
POST00004097,10192380,True
POST00004850,2035817,True
POST00005040,11194944,True
POST00004566,1457233,True
POST00004185,958064,True
POST00004339,3461947,True
POST00004637,3388034,True
POST00005532,9664380,True
POST00004670,512508,True
POST00005999,6144286,True
POST00005871,1898600,True
POST00005877,740479,True
POST00005003,4633287,True
POST00004609,3802085,True
POST00005230,7332092,True
POST00004390,1161618,True
POST00005356,10131466,True
POST00005842,3655402,True
POST00004629,28696475,True
POST00005198,989100,True
POST00005498,1530236,True
POST00005895,21937151,True
POST00004379,104792918,True
POST00005135,1172403,True
POST00004476,48976704,True
POST00004138,497029,True
POST00005203,1202184,True
POST00005252,557238,True
POST00005614,9334106,True
POST00004327,1001397,True
POST00005418,2675667,True
POST00005802,11007519,True
POST00005044,3194025,True
POST00004624,1360270,True
POST00005156,741306,True
POST00005411,3820268,True
POST00004335,4810453,True
POST00004708,4846233,True
POST00004215,2648400,True
POST00005069,6661852,True
POST00005548,10815957,True
POST00005062,1072036,True
POST00005470,1645996,True
POST00004853,1764112,True
POST00005260,1507546,True
POST00005197,2194000,True
POST00004655,3242248,True
POST00005537,35249491,True
POST00005416,1308032,True
POST00004981,3364198,True
POST00004774,6498534,True
POST00005595,2962959,True
POST00004546,10650095,True
POST00004547,19374448,True
POST00005665,4329016,True
POST00004486,1919289,True
POST00005981,20344044,True
POST00004922,1848632,True
POST00005323,15428799,True
POST00005102,1318939,True
POST00004268,3516757,True
POST00005021,954427,True
POST00005122,17295156,True
POST00005363,9173454,True
POST00005674,10582352,True
POST00005419,1125424,True
POST00005607,8717919,True
POST00005010,727316,True
POST00004157,12370636,True
POST00005187,12334713,True
POST00005571,596641,True
POST00005898,1827812,True
POST00004289,10523521,True
POST00005558,10268356,True
POST00004928,9754673,True
POST00004660,7794219,True
POST00004822,1016145,True
POST00004927,28570283,True
POST00004962,1505537,True
POST00004180,5976394,True
POST00005936,26204182,True
POST00005256,1612042,True
POST00004878,5601178,True
POST00005383,1413668,True
POST00004821,1328257,True
POST00005518,1176282,True
POST00005626,2730684,True
POST00004766,1840595,True
POST00005340,4433357,True
POST00004287,2991596,True
POST00005029,6134386,True
POST00004425,2660368,True
POST00004642,2983613,True
POST00004844,2500504,True
POST00005312,5192480,True
POST00004090,2648983,True
POST00005970,27526525,True
POST00005923,1560072,True
POST00004196,959904,True
POST00004987,5462480,True
POST00004233,8888763,True
POST00005576,4945023,True
POST00005765,4904414,True
POST00004958,1159110,True
POST00005681,2366392,True
POST00004152,51328439,True
POST00005885,6233337,True
POST00004227,2261961,True
POST00004240,1756315,True
POST00005872,2931641,True
POST00005366,2303066,True
POST00004765,1133127,True
POST00004965,309860,True
POST00004118,2834021,True
POST00005694,1953535,True
POST00004538,1031599,True
POST00004715,689756,True
POST00004837,1581913,True
POST00005237,1839258,True
POST00005667,866793,True
POST00005152,3137369,True
POST00005235,1062710,True
POST00004291,660189,True
POST00004983,9829081,True
POST00004013,8839719,True
POST00004434,3125933,True
POST00005755,17459881,True
POST00004003,1136290,True
POST00005270,7885580,True
POST00005677,6810321,True
POST00004224,9020153,True
POST00005669,4659796,True
POST00004572,1294668,True
POST00004369,11343543,True
POST00005174,19372802,True
POST00004041,2322600,True
POST00004998,1765032,True
POST00004222,2342321,True
POST00005056,1294807,True
POST00005229,12672119,True
POST00004522,7944453,True
POST00005434,2372616,True
POST00004464,4372713,True
POST00004029,3577555,True
POST00004116,743846,True
POST00005783,1746299,True
POST00005405,21541357,True
POST00004412,2623714,True
POST00005704,1896755,True
POST00005445,718404,True
POST00005957,19619305,True
POST00005873,11520986,True
POST00005893,2252951,True
