pid,duration,fps,width,height,aspect_ratio,total_frames
POST00003480,63.3,30.0,576,1024,0.5625,1899
POST00000014,46.03333333333333,30.0,576,1080,0.5333333333333333,1381
POST00001861,7.5,30.0,576,1024,0.5625,225
POST00003570,18.533333333333335,30.0,576,1024,0.5625,556
POST00000779,7.1,30.0,576,1024,0.5625,213
POST00003722,101.33333333333334,29.960526315789473,576,1024,0.5625,3036
POST00002934,67.54980281120437,29.65219610778443,576,1238,0.46526655896607433,2003
POST00003007,53.88722055388722,29.691640866873065,576,1024,0.5625,1600
POST00002743,124.8,30.0,576,1024,0.5625,3744
POST00003072,35.8,30.0,576,1024,0.5625,1074
POST00003211,6.033333333333333,30.0,576,1024,0.5625,181
POST00002289,34.32599265932599,23.976,576,1024,0.5625,823
POST00002896,16.266666666666666,60.0,576,1024,0.5625,976
POST00001204,16.15,30.154798761609907,576,1024,0.5625,487
POST00001007,24.033333333333335,30.0,576,1024,0.5625,721
POST00003737,77.4,30.0,576,1024,0.5625,2322
POST00001899,193.33333333333334,30.0,576,1024,0.5625,5800
POST00001712,46.92192192192192,23.86944,576,1024,0.5625,1120
POST00000838,14.666666666666666,30.0,576,1024,0.5625,440
POST00002972,72.04166666666667,24.0,576,1024,0.5625,1729
POST00000777,57.0,30.0,576,1024,0.5625,1710
POST00003577,116.2,30.0,576,1024,0.5625,3486
POST00003094,39.7,30.0,576,1024,0.5625,1191
POST00000280,174.8,30.0,576,1024,0.5625,5244
POST00001726,14.133333333333333,30.0,576,1024,0.5625,424
POST00001126,9.133333333333333,30.0,576,1024,0.5625,274
POST00001882,8.2,30.0,576,1024,0.5625,246
POST00001184,20.966666666666665,30.0,576,1024,0.5625,629
POST00002324,17.866666666666667,30.0,576,1024,0.5625,536
POST00003049,24.2,30.0,576,1024,0.5625,726
POST00003389,90.7,30.0,576,1024,0.5625,2721
POST00003071,11.966666666666667,30.0,576,1024,0.5625,359
POST00001690,15.0,30.0,576,1024,0.5625,450
POST00002479,60.05,60.0,576,1024,0.5625,3603
POST00001630,6.466666666666667,30.0,576,1024,0.5625,194
POST00003478,5.1,30.0,576,1024,0.5625,153
POST00000467,5.533333333333333,30.0,576,1024,0.5625,166
POST00001657,59.6,29.83221476510067,576,1024,0.5625,1778
POST00001468,111.8,30.0,576,1134,0.5079365079365079,3354
POST00001785,83.3,30.0,576,1024,0.5625,2499
POST00001376,5.066666666666666,30.0,576,1024,0.5625,152
POST00002013,35.46666666666667,30.0,576,1024,0.5625,1064
POST00001889,43.4,30.0,576,1024,0.5625,1302
POST00001308,22.4,30.0,576,1024,0.5625,672
POST00003516,57.63333333333333,30.0,576,1024,0.5625,1729
POST00003806,34.06666666666667,30.0,576,768,0.75,1022
POST00003259,15.033333333333333,29.866962305986696,576,1024,0.5625,449
POST00003307,24.466666666666665,30.0,576,1024,0.5625,734
POST00003621,14.966666666666667,29.933184855233854,576,1024,0.5625,448
POST00001940,5.933333333333334,30.0,576,1024,0.5625,178
POST00001472,21.6,30.0,576,1026,0.5614035087719298,648
POST00003696,10.733333333333333,30.0,576,1024,0.5625,322
POST00003355,49.666666666666664,27.0,576,1024,0.5625,1341
POST00003272,8.933333333333334,30.0,576,1024,0.5625,268
POST00001421,17.41741741741742,29.855172413793102,576,1024,0.5625,520
POST00001539,13.233333333333333,30.0,576,1024,0.5625,397
POST00003326,14.347681014347682,29.83060465116279,576,1024,0.5625,428
POST00001255,11.666666666666666,30.0,576,1132,0.508833922261484,350
POST00002288,6.166666666666667,30.0,576,862,0.6682134570765661,185
POST00000986,7.666666666666667,30.0,576,1024,0.5625,230
POST00002187,8.6,30.0,576,1024,0.5625,258
POST00001245,11.4,30.0,576,1024,0.5625,342
POST00002780,15.0,30.0,576,1022,0.5636007827788649,450
POST00001476,19.066666666666666,30.0,576,1024,0.5625,572
POST00003622,11.633333333333333,30.0,576,1022,0.5636007827788649,349
POST00001826,30.033333333333335,30.0,576,1024,0.5625,901
POST00003897,5.8,30.0,576,1024,0.5625,174
POST00002885,37.666666666666664,30.0,576,1024,0.5625,1130
POST00003504,8.666666666666666,30.0,576,1024,0.5625,260
POST00003819,18.31831831831832,29.97,576,1024,0.5625,549
POST00003591,97.66666666666667,30.0,576,1024,0.5625,2930
POST00002841,8.633333333333333,30.0,576,1024,0.5625,259
POST00000841,20.333333333333332,30.0,576,576,1.0,610
POST00000536,25.525525525525527,29.97,540,960,0.5625,765
POST00002413,39.266666666666666,30.0,576,1246,0.4622792937399679,1178
POST00001959,42.6,30.0,576,1024,0.5625,1278
POST00002935,91.84,25.0,576,576,1.0,2296
POST00003454,17.484150817484153,29.97,576,576,1.0,524
POST00002447,32.46666666666667,30.0,576,576,1.0,974
POST00003799,31.9,29.968652037617556,576,618,0.9320388349514563,956
POST00002550,9.20920920920921,29.97,576,1024,0.5625,276
POST00002070,17.466666666666665,30.0,576,576,1.0,524
POST00001503,11.833333333333334,30.0,576,1024,0.5625,355
POST00002777,10.566666666666666,30.0,576,1024,0.5625,317
POST00003363,177.3,30.0,576,1024,0.5625,5319
POST00000551,15.0,30.0,576,1024,0.5625,450
POST00003088,42.2,30.0,576,1024,0.5625,1266
POST00003599,12.0,30.0,576,768,0.75,360
POST00001935,192.66666666666666,30.0,576,1024,0.5625,5780
POST00003366,34.52,25.0,1024,576,1.7777777777777777,863
POST00002847,11.466666666666667,30.0,576,576,1.0,344
POST00003281,30.4,30.0,1024,576,1.7777777777777777,912
POST00003339,11.866666666666667,30.0,576,1024,0.5625,356
POST00002347,33.8,30.0,576,1024,0.5625,1014
POST00001230,8.8,30.0,576,1024,0.5625,264
POST00001208,13.2,30.0,576,1024,0.5625,396
POST00001046,14.266666666666667,30.0,576,1024,0.5625,428
POST00001005,11.266666666666667,30.0,576,1024,0.5625,338
POST00002283,9.033333333333333,30.0,576,1024,0.5625,271
POST00003098,73.38333333333334,60.0,576,1024,0.5625,4403
POST00002124,10.533333333333333,30.0,576,1024,0.5625,316
POST00001971,47.333333333333336,30.0,576,1024,0.5625,1420
POST00002811,12.9,30.0,576,1024,0.5625,387
POST00001140,15.033333333333333,30.0,576,1024,0.5625,451
POST00000289,32.6,30.0,576,1024,0.5625,978
POST00002230,13.930597263930597,59.94,576,1024,0.5625,835
POST00000924,13.433333333333334,60.0,576,1024,0.5625,806
POST00001251,7.941274607941275,29.97,576,1024,0.5625,238
POST00001104,8.9,30.0,576,1024,0.5625,267
POST00000983,41.5,16.0,576,1024,0.5625,664
POST00000895,20.5,30.0,576,1024,0.5625,615
POST00002082,15.033333333333333,30.0,576,1024,0.5625,451
POST00002590,15.0,30.0,576,1024,0.5625,450
POST00002295,15.0,30.0,576,1024,0.5625,450
POST00001355,12.366666666666667,30.0,576,1024,0.5625,371
POST00001261,6.4,30.0,576,1024,0.5625,192
POST00003652,13.0,30.0,576,1024,0.5625,390
POST00000707,19.933333333333334,30.0,576,1024,0.5625,598
POST00003227,84.46666666666667,30.0,576,1024,0.5625,2534
POST00003015,142.3,30.0,576,1024,0.5625,4269
POST00001917,61.46666666666667,30.0,576,1024,0.5625,1844
POST00002710,85.23333333333333,30.0,576,1024,0.5625,2557
POST00000024,69.96666666666667,30.0,576,1024,0.5625,2099
POST00003760,74.2,30.0,576,1024,0.5625,2226
POST00003850,40.7,27.24815724815725,576,1024,0.5625,1109
POST00003975,33.666666666666664,26.97029702970297,576,1024,0.5625,908
POST00003287,24.433333333333334,30.0,576,1024,0.5625,733
POST00001398,20.24,25.0,576,1024,0.5625,506
POST00003921,38.2,30.0,576,1024,0.5625,1146
POST00001625,98.6,30.0,576,1024,0.5625,2958
POST00001163,27.5,30.036363636363635,576,1122,0.5133689839572193,826
POST00001190,22.366666666666667,59.910581222056635,576,1024,0.5625,1340
POST00000249,59.7,30.0,576,1024,0.5625,1791
POST00002408,16.316316316316318,29.97,576,1024,0.5625,489
POST00001829,38.922255588922255,30.291153021860264,576,1024,0.5625,1179
POST00002928,11.3,30.0,576,1024,0.5625,339
POST00001572,7.233333333333333,30.0,576,1024,0.5625,217
POST00001606,170.96666666666667,30.38019107038409,576,1024,0.5625,5194
POST00000154,29.333333333333332,30.0,576,1026,0.5614035087719298,880
POST00001663,25.683333333333334,30.253082414016873,576,1024,0.5625,777
POST00000070,50.4,30.0,576,1024,0.5625,1512
POST00002175,8.4,30.0,576,1024,0.5625,252
POST00000965,19.466666666666665,60.0,576,1024,0.5625,1168
POST00001287,44.86666666666667,30.0,576,1024,0.5625,1346
POST00001928,71.43333333333334,30.0,540,960,0.5625,2143
POST00001128,76.2,29.750656167979002,576,1024,0.5625,2267
POST00001124,15.4,30.0,576,1024,0.5625,462
POST00001123,30.666666666666668,30.0,576,1030,0.5592233009708738,920
POST00001112,20.133333333333333,30.0,576,1024,0.5625,604
POST00001836,47.1,30.0,576,1024,0.5625,1413
POST00002449,600.0333667000334,29.97,576,1024,0.5625,17983
POST00001460,30.266666666666666,30.0,576,1024,0.5625,908
POST00000122,24.758091424758092,29.97,576,1024,0.5625,742
POST00003179,60.03333333333333,30.0,576,1024,0.5625,1801
POST00003126,53.9,30.0,576,1024,0.5625,1617
POST00003215,71.36666666666666,30.0,576,1024,0.5625,2141
POST00003431,26.74074074074074,27.0,576,1024,0.5625,722
POST00002963,21.266666666666666,30.0,576,1024,0.5625,638
POST00000488,9.299999999999999,28.27956989247312,576,1024,0.5625,263
POST00002643,21.883333333333333,30.068545316070068,576,1024,0.5625,658
POST00000955,35.56666666666667,30.0,576,1024,0.5625,1067
POST00002615,15.966666666666667,30.062630480167016,576,1024,0.5625,480
POST00000989,25.066666666666666,30.0,576,1024,0.5625,752
POST00001396,12.1,30.0,576,1024,0.5625,363
POST00000832,18.133333333333333,30.0,576,1024,0.5625,544
POST00003684,89.86666666666666,30.0,576,1024,0.5625,2696
POST00003230,10.6,30.0,576,1024,0.5625,318
POST00003244,70.3,30.0,576,1024,0.5625,2109
POST00002105,7.219975264899555,29.917,576,1024,0.5625,216
POST00002690,14.064064064064066,34.69836298932384,576,1024,0.5625,488
POST00003628,60.56666666666667,30.0,576,1024,0.5625,1817
POST00001922,12.178845512178846,29.97,576,1024,0.5625,365
POST00002030,41.13333333333333,30.0,576,1024,0.5625,1234
POST00000572,15.966666666666667,30.0,576,1024,0.5625,479
POST00003127,19.900000000000002,28.64321608040201,576,1024,0.5625,570
POST00001450,25.0,30.0,576,1024,0.5625,750
POST00001621,10.766666666666667,30.0,576,1024,0.5625,323
POST00001824,16.933333333333334,59.94094488188976,576,1024,0.5625,1015
POST00000550,5.466666666666667,30.0,576,1024,0.5625,164
POST00002756,5.538872205538873,29.97,576,1024,0.5625,166
POST00001817,60.0,30.0,576,1024,0.5625,1800
POST00001535,10.733333333333333,30.0,576,1024,0.5625,322
POST00003002,46.233333333333334,30.0,576,1024,0.5625,1387
POST00002167,201.76666666666668,30.0,576,1024,0.5625,6053
POST00003114,70.18333333333334,38.142958917121824,576,1024,0.5625,2677
POST00002766,29.766666666666666,30.0,576,1024,0.5625,893
POST00001890,28.666666666666668,30.0,576,1024,0.5625,860
POST00003644,28.3,30.0,576,1024,0.5625,849
POST00000984,24.4,30.0,576,1024,0.5625,732
POST00000689,20.066666666666666,30.0,576,1024,0.5625,602
POST00000350,34.86666666666667,30.0,576,1024,0.5625,1046
POST00001707,7.833333333333333,30.0,576,1024,0.5625,235
POST00002225,59.9,30.0,576,1024,0.5625,1797
POST00000872,23.066666666666666,30.0,576,1024,0.5625,692
POST00000188,24.933333333333334,30.0,576,1024,0.5625,748
POST00002019,10.7,30.0,576,1024,0.5625,321
POST00000914,21.4,30.0,576,1024,0.5625,642
POST00003814,65.33333333333333,30.0,576,1024,0.5625,1960
POST00002262,17.733333333333334,30.0,576,1024,0.5625,532
POST00000759,17.4,30.0,576,1024,0.5625,522
POST00001326,14.5,30.0,576,1024,0.5625,435
POST00001949,54.51284617951285,23.976,576,1024,0.5625,1307
POST00000530,54.333333333333336,30.0,576,1024,0.5625,1630
POST00002376,6.333333333333333,30.0,576,1024,0.5625,190
POST00003479,194.2,15.0,576,1024,0.5625,2913
POST00003861,5.233333333333333,30.0,576,1024,0.5625,157
POST00003868,14.8,30.0,576,1024,0.5625,444
POST00003781,11.8,30.0,576,1024,0.5625,354
POST00000975,58.233333333333334,30.0,576,1024,0.5625,1747
POST00002090,20.0,30.15,576,1024,0.5625,603
POST00000096,12.033333333333333,30.0,576,1082,0.532347504621072,361
POST00002897,35.56666666666667,30.0,576,1024,0.5625,1067
POST00001937,36.7,30.0,576,1024,0.5625,1101
POST00000682,21.633333333333333,30.0,576,1024,0.5625,649
POST00002923,67.93333333333332,30.029440628066734,576,1024,0.5625,2040
POST00002022,28.445111778445114,59.94,576,1024,0.5625,1705
POST00002334,21.3,30.0,576,1024,0.5625,639
POST00002432,30.266666666666666,60.0,576,1024,0.5625,1816
POST00001722,38.06666666666667,30.0,576,1024,0.5625,1142
POST00001661,18.633333333333333,30.536672629695886,576,1024,0.5625,569
POST00000953,27.64,25.0,576,1024,0.5625,691
POST00001534,19.166666666666668,30.0,576,1024,0.5625,575
POST00001301,7.533333333333333,30.0,576,1024,0.5625,226
POST00002457,36.43333333333333,30.0,576,1024,0.5625,1093
POST00003444,7.166666666666667,30.0,576,1024,0.5625,215
POST00001457,14.0,30.0,576,1024,0.5625,420
POST00002078,48.8,29.897540983606557,576,1024,0.5625,1459
POST00002297,6.616666666666666,60.0,480,848,0.5660377358490566,397
POST00001424,96.53333333333333,30.0,576,1024,0.5625,2896
POST00001904,59.0,30.0,576,1024,0.5625,1770
POST00001604,13.333333333333334,27.0,576,1024,0.5625,360
POST00001619,27.88888888888889,45.0,576,1024,0.5625,1255
POST00001601,18.458333333333332,24.0,576,1024,0.5625,443
POST00003124,30.400000000000002,29.835526315789473,576,1024,0.5625,907
POST00002201,17.566666666666666,30.0,576,1024,0.5625,527
POST00003673,12.866666666666667,30.0,576,1024,0.5625,386
POST00002900,40.13333333333333,60.0,576,1024,0.5625,2408
POST00000544,5.083333333333333,60.0,576,1024,0.5625,305
POST00002878,8.666666666666666,30.0,576,1024,0.5625,260
POST00002736,199.93333333333334,30.0,576,1024,0.5625,5998
POST00002694,32.93333333333333,30.0,576,1024,0.5625,988
POST00002298,6.266666666666667,30.0,576,1024,0.5625,188
POST00002560,13.3,30.0,576,1024,0.5625,399
POST00001361,40.9,30.0,576,1024,0.5625,1227
POST00000966,44.6,30.0,576,1024,0.5625,1338
POST00002382,10.033333333333333,30.0,576,1082,0.532347504621072,301
POST00001040,7.666666666666667,30.0,576,1024,0.5625,230
POST00000959,25.533333333333335,30.0,576,1024,0.5625,766
POST00001149,75.9,30.0,576,1024,0.5625,2277
POST00001060,24.08328803779738,23.917,576,1024,0.5625,576
POST00001055,15.033333333333333,30.0,576,1024,0.5625,451
POST00003284,39.6,30.0,576,1024,0.5625,1188
POST00003903,18.366666666666667,30.0,576,1024,0.5625,551
POST00003634,22.6,30.0,576,1024,0.5625,678
POST00003328,8.666666666666666,30.0,576,1024,0.5625,260
POST00001144,5.0,30.0,576,1024,0.5625,150
POST00003875,23.766666666666666,30.0,576,1024,0.5625,713
POST00003441,8.266666666666667,30.0,576,1024,0.5625,248
POST00001688,13.4,30.0,576,1024,0.5625,402
POST00002072,12.4,30.0,576,1024,0.5625,372
POST00003782,49.16,25.0,576,1024,0.5625,1229
POST00002631,5.105105105105105,59.94,576,1024,0.5625,306
POST00002513,6.433333333333334,30.0,576,1024,0.5625,193
POST00002073,15.033333333333333,30.0,576,1024,0.5625,451
POST00002153,9.333333333333334,30.0,576,1024,0.5625,280
POST00000103,19.633333333333333,30.0,576,1024,0.5625,589
POST00002463,10.0,25.0,576,1024,0.5625,250
POST00002718,41.46666666666667,30.0,576,1024,0.5625,1244
POST00001961,12.666666666666666,30.0,576,1024,0.5625,380
POST00001239,21.2,30.0,576,1024,0.5625,636
POST00001240,12.0,30.0,576,1024,0.5625,360
POST00001222,36.00266933600267,29.97,576,1024,0.5625,1079
POST00001215,20.733333333333334,30.0,576,1024,0.5625,622
POST00001129,41.8,30.0,576,1024,0.5625,1254
POST00000823,16.4,30.0,576,1024,0.5625,492
POST00001101,28.166666666666668,30.0,576,1024,0.5625,845
POST00000681,148.06666666666666,30.0,576,1024,0.5625,4442
POST00001260,38.65,60.0,576,1024,0.5625,2319
POST00001224,10.033333333333333,60.0,576,1024,0.5625,602
POST00001120,41.40807474140808,29.97,576,1024,0.5625,1241
POST00001237,33.36666666666667,30.0,576,1024,0.5625,1001
POST00001089,186.83333333333331,29.973238180196255,576,1024,0.5625,5600
POST00001181,9.943276609943277,59.94,576,1024,0.5625,596
POST00001238,10.176843510176845,29.97,576,1024,0.5625,305
POST00001070,20.62062062062062,29.97,576,1024,0.5625,618
POST00001242,90.3,30.0,576,1024,0.5625,2709
POST00001054,23.490156823490157,29.97,540,960,0.5625,704
POST00001063,18.433333333333334,30.0,576,1024,0.5625,553
POST00001061,9.10910910910911,59.94,576,1024,0.5625,546
POST00001077,50.5,30.0,576,1024,0.5625,1515
POST00001069,25.2,30.0,576,1024,0.5625,756
POST00001068,43.10977644310978,29.946803405572755,576,1024,0.5625,1291
POST00001050,8.233333333333333,30.0,576,1024,0.5625,247
POST00000092,86.46666666666667,60.0,576,1024,0.5625,5188
POST00001523,12.466666666666667,30.0,576,1024,0.5625,374
POST00003113,7.0,30.0,576,1024,0.5625,210
POST00001575,20.533333333333335,30.0,576,1024,0.5625,616
POST00002077,7.6,30.0,576,1024,0.5625,228
POST00002342,12.3,29.91869918699187,576,1024,0.5625,368
POST00001172,8.033333333333333,24.647302904564317,576,1024,0.5625,198
POST00001894,9.1,30.0,576,1024,0.5625,273
POST00002813,77.96666666666667,30.0,576,1024,0.5625,2339
POST00003279,6.033333333333333,30.0,576,1024,0.5625,181
POST00001863,6.806806806806807,45.10191176470588,576,1024,0.5625,307
POST00003142,9.966666666666667,30.0,576,1024,0.5625,299
POST00002637,12.212212212212213,29.97,576,860,0.6697674418604651,366
POST00001214,68.06666666666666,30.0,576,1024,0.5625,2042
POST00002913,44.7,30.0,576,1024,0.5625,1341
POST00003536,14.066666666666666,30.0,576,1024,0.5625,422
POST00000493,17.217217217217218,29.97,576,1024,0.5625,516
POST00002121,9.466666666666667,30.0,576,1024,0.5625,284
POST00003592,16.933333333333334,30.0,576,1024,0.5625,508
POST00000094,18.76,25.0,576,1024,0.5625,469
POST00002504,11.766666666666667,30.0,576,1024,0.5625,353
POST00002731,30.366666666666667,30.0,576,1024,0.5625,911
POST00000020,15.133333333333333,30.0,576,1024,0.5625,454
POST00002956,16.0,60.0,576,1024,0.5625,960
POST00000854,12.166666666666666,30.0,576,1024,0.5625,365
POST00000126,36.36666666666667,30.0,576,1024,0.5625,1091
POST00001794,7.2,30.0,576,1024,0.5625,216
POST00002226,8.966666666666667,30.0,576,1024,0.5625,269
POST00003490,24.090757424090757,29.97,576,1024,0.5625,722
POST00003143,18.983333333333334,59.94732221246708,576,1024,0.5625,1138
POST00000272,24.457791124457792,59.94,576,1024,0.5625,1466
POST00002895,31.666666666666668,30.0,576,1024,0.5625,950
POST00000269,7.733333333333333,30.0,576,1092,0.5274725274725275,232
POST00003008,19.2,29.739583333333332,576,1024,0.5625,571
POST00003180,56.266666666666666,30.0,576,1024,0.5625,1688
POST00002915,5.6,30.0,576,1024,0.5625,168
POST00002969,60.777444110777445,30.192121877573427,576,1024,0.5625,1835
POST00003776,57.86666666666667,24.98847926267281,576,1024,0.5625,1446
POST00003297,116.4,30.0,576,1024,0.5625,3492
POST00001256,25.566666666666666,30.0,576,1024,0.5625,767
POST00001710,14.280947614280947,29.97,576,1024,0.5625,428
POST00002792,8.575241908575242,59.94,576,1024,0.5625,514
POST00003586,33.0,30.0,576,1024,0.5625,990
POST00002125,60.8,30.0,576,1024,0.5625,1824
POST00003736,42.43333333333333,30.0,576,1024,0.5625,1273
POST00002684,33.1,30.0,576,1024,0.5625,993
POST00003700,12.3,30.0,576,1024,0.5625,369
POST00003465,8.066666666666666,30.0,576,1024,0.5625,242
POST00002340,7.957957957957958,29.907169811320756,576,1024,0.5625,238
POST00002652,34.8264931598265,23.976,576,1024,0.5625,835
POST00000005,17.2,30.0,576,1024,0.5625,516
POST00001381,10.143476810143477,29.97,576,1024,0.5625,304
POST00000523,212.53333333333333,30.0,576,1024,0.5625,6376
POST00001228,38.53333333333333,30.0,576,1024,0.5625,1156
POST00003563,15.2,30.0,576,1024,0.5625,456
POST00002992,24.1,30.0,576,1024,0.5625,723
POST00003140,13.833333333333334,30.0,576,1024,0.5625,415
POST00000916,18.333333333333332,30.0,576,1024,0.5625,550
POST00003001,24.066666666666666,30.0,576,1024,0.5625,722
POST00001042,85.3,30.0,576,1024,0.5625,2559
POST00003173,28.033333333333335,30.0,576,1024,0.5625,841
POST00000007,62.43333333333333,30.0,576,1024,0.5625,1873
POST00003605,60.266666666666666,29.452433628318584,576,1024,0.5625,1775
POST00002899,25.366666666666667,30.0,576,1024,0.5625,761
POST00001557,28.533333333333335,30.0,576,1024,0.5625,856
POST00001543,16.933333333333334,30.0,576,1030,0.5592233009708738,508
POST00002758,25.975975975975977,30.181734104046242,576,1024,0.5625,784
POST00002275,29.433333333333334,30.0,576,1024,0.5625,883
POST00000587,227.1604938271605,29.97,576,1024,0.5625,6808
POST00003965,52.333333333333336,30.0,576,1024,0.5625,1570
POST00003243,93.03333333333333,30.0,576,1024,0.5625,2791
POST00001047,33.0663997330664,33.810756811301715,576,1024,0.5625,1118
POST00000990,16.166666666666668,30.0,576,1024,0.5625,485
POST00000571,91.21666666666667,60.0,576,1024,0.5625,5473
POST00002492,12.633333333333333,30.0,576,1024,0.5625,379
POST00001110,47.7,30.0,576,1024,0.5625,1431
POST00003213,92.46666666666667,30.0,576,1024,0.5625,2774
POST00001082,61.03333333333333,30.0,576,1024,0.5625,1831
POST00001160,6.533333333333333,30.0,576,1024,0.5625,196
POST00002010,18.2,30.0,576,1024,0.5625,546
POST00003079,8.666666666666666,30.0,576,1024,0.5625,260
POST00002526,79.36666666666666,30.0,576,1024,0.5625,2381
POST00002183,22.766666666666666,30.0,576,1024,0.5625,683
POST00002865,19.966666666666665,30.0,576,1024,0.5625,599
POST00002788,18.3,30.0,576,1024,0.5625,549
POST00002739,10.466666666666667,30.0,576,1024,0.5625,314
POST00003925,14.4,30.0,576,1024,0.5625,432
POST00000074,14.305972639305974,23.976,576,1024,0.5625,343
POST00002356,5.538872205538873,29.97,576,1024,0.5625,166
POST00003074,51.4,30.0,576,1036,0.555984555984556,1542
POST00002481,69.36666666666666,30.0,576,1024,0.5625,2081
POST00001994,14.90791188956112,29.71576457399103,576,1024,0.5625,443
POST00001702,10.366666666666667,30.0,576,1024,0.5625,311
POST00003566,18.066666666666666,30.0,576,1024,0.5625,542
POST00001706,13.366666666666667,30.0,576,1024,0.5625,401
POST00002470,100.23333333333333,30.0,576,1024,0.5625,3007
POST00000576,14.314314314314315,29.97,848,480,1.7666666666666666,429
POST00000339,12.05,31.12033195020747,576,1024,0.5625,375
POST00000388,8.200000000000001,49.26829268292683,576,1024,0.5625,404
POST00001931,41.666666666666664,30.0,576,1024,0.5625,1250
POST00003540,230.9,29.9696838458207,576,1024,0.5625,6920
POST00002647,68.7,30.0,576,1024,0.5625,2061
POST00003024,16.433333333333334,30.0,576,1024,0.5625,493
POST00003748,19.2,30.0,576,1024,0.5625,576
POST00002056,7.5,30.0,576,1024,0.5625,225
POST00000432,42.333333333333336,30.0,576,1024,0.5625,1270
POST00000520,17.5,30.0,576,1024,0.5625,525
POST00003324,46.233333333333334,30.0,576,1024,0.5625,1387
POST00002426,41.25,60.0,576,1024,0.5625,2475
POST00002801,330.76666666666665,30.0,576,1024,0.5625,9923
POST00002309,50.2,30.0,576,1024,0.5625,1506
POST00002713,35.46666666666667,30.0,576,1024,0.5625,1064
POST00000441,64.13333333333334,30.0,576,1024,0.5625,1924
POST00000329,49.233333333333334,60.0,576,1024,0.5625,2954
POST00000994,59.3,60.0,576,1024,0.5625,3558
POST00002905,22.966666666666665,30.0,576,1024,0.5625,689
POST00001011,15.18184851518185,29.97,576,1024,0.5625,455
POST00001182,45.13333333333333,30.0,576,1024,0.5625,1354
POST00002888,125.80000000000001,59.189189189189186,576,1024,0.5625,7446
POST00001561,16.883333333333333,60.0,576,1024,0.5625,1013
POST00001445,51.46666666666667,30.0,960,540,1.7777777777777777,1544
POST00000611,144.05,30.07289135716765,576,1024,0.5625,4332
POST00001943,28.5,30.0,576,1024,0.5625,855
POST00002546,13.266666666666667,30.0,576,1024,0.5625,398
POST00003031,27.733333333333334,30.0,576,1024,0.5625,832
POST00003676,36.46666666666667,29.643510054844608,576,1024,0.5625,1081
POST00001248,11.566666666666666,60.0,576,1024,0.5625,694
POST00002614,22.666666666666668,30.0,576,1024,0.5625,680
POST00002066,58.46666666666667,30.0,576,1024,0.5625,1754
POST00002058,30.033333333333335,30.0,576,1024,0.5625,901
POST00003797,14.666666666666666,30.0,576,1024,0.5625,440
POST00002401,29.4,30.0,576,1024,0.5625,882
POST00003039,15.033333333333333,30.0,576,1024,0.5625,451
POST00002955,12.433333333333334,30.0,576,1024,0.5625,373
POST00002192,68.18333333333334,30.30065998533366,576,1024,0.5625,2066
POST00002772,67.3,30.25260029717682,576,1024,0.5625,2036
POST00002522,150.60060060060061,59.94,576,1024,0.5625,9027
POST00001096,33.5,30.0,576,1024,0.5625,1005
POST00001515,31.466666666666665,30.0,576,1024,0.5625,944
POST00001887,15.715715715715715,29.97,720,1280,0.5625,471
POST00002902,211.63333333333333,30.0,576,1024,0.5625,6349
POST00003409,153.46666666666667,29.986967854039964,576,1024,0.5625,4602
POST00000957,38.233333333333334,30.0,576,1024,0.5625,1147
POST00000219,8.0,59.75,576,956,0.602510460251046,478
POST00002441,42.56666666666667,30.0,576,1024,0.5625,1277
POST00002233,180.10000000000002,29.93892282065519,576,1024,0.5625,5392
POST00001546,11.833333333333334,30.0,576,1024,0.5625,355
POST00001983,54.43333333333333,30.0,576,1024,0.5625,1633
POST00001030,59.523809523809526,21.0,576,1024,0.5625,1250
POST00002012,186.06666666666666,30.0,576,1024,0.5625,5582
POST00002570,74.26666666666667,30.0,576,1024,0.5625,2228
POST00000417,43.27660994327661,59.94,576,1024,0.5625,2594
POST00002748,59.0,30.0,576,1024,0.5625,1770
POST00001254,87.47824154660938,54.002,576,1024,0.5625,4724
POST00001183,74.39428345242808,45.930948473816855,576,1024,0.5625,3417
POST00003553,107.83333333333333,30.0,576,1024,0.5625,3235
POST00001400,20.003336670003335,28.945170975813177,576,1024,0.5625,579
POST00000591,60.06006006006006,29.97,576,1024,0.5625,1800
POST00002943,59.6,30.0,576,1024,0.5625,1788
POST00002964,58.666666666666664,30.0,576,1024,0.5625,1760
POST00002910,131.23333333333332,30.0,576,1024,0.5625,3937
POST00000231,59.03333333333333,30.0,576,1024,0.5625,1771
POST00001073,40.43333333333333,30.0,576,1024,0.5625,1213
POST00000068,20.0,30.0,576,1024,0.5625,600
POST00000971,29.896563229896564,30.80621651785714,576,1024,0.5625,921
POST00000883,20.933333333333334,30.0,576,1024,0.5625,628
POST00000558,7.066666666666666,30.0,576,1024,0.5625,212
POST00003084,40.03333333333333,30.0,576,1024,0.5625,1201
POST00000482,40.766666666666666,30.0,576,1024,0.5625,1223
POST00001860,60.06666666666667,30.0,576,1024,0.5625,1802
POST00000476,21.5,30.0,576,972,0.5925925925925926,645
POST00001297,38.166666666666664,30.0,576,1024,0.5625,1145
POST00002853,38.1,30.0,576,1022,0.5636007827788649,1143
POST00002337,59.03333333333333,30.0,576,1024,0.5625,1771
POST00002331,33.16,25.0,576,1024,0.5625,829
POST00003988,59.233333333333334,30.0,576,1024,0.5625,1777
POST00000348,85.86666666666666,30.0,576,1024,0.5625,2576
POST00001772,5.05,29.900990099009903,576,1024,0.5625,151
POST00002117,15.0,30.0,576,1024,0.5625,450
POST00000234,15.0,30.0,576,1024,0.5625,450
POST00001538,16.333333333333332,30.0,576,1024,0.5625,490
POST00001001,8.233333333333333,30.0,576,1024,0.5625,247
POST00000216,56.7,30.0,576,1024,0.5625,1701
POST00002852,11.466666666666667,30.0,576,1024,0.5625,344
POST00000597,15.0,30.0,540,960,0.5625,450
POST00002585,7.383333333333334,30.74492099322799,576,1024,0.5625,227
POST00002834,59.03333333333333,29.983060417843028,576,1024,0.5625,1770
POST00000114,12.033333333333333,30.0,576,720,0.8,361
POST00002246,183.26666666666668,30.0,306,424,0.7216981132075472,5498
POST00003869,18.866666666666667,30.0,576,576,1.0,566
POST00003346,6.538618716796077,24.3170625,576,1024,0.5625,159
POST00003708,12.2,30.0,576,1024,0.5625,366
POST00002755,25.2,30.0,576,1024,0.5625,756
POST00000534,13.0,30.307692307692307,576,1024,0.5625,394
POST00000598,18.333333333333332,30.0,576,1024,0.5625,550
POST00000556,43.833333333333336,30.0,576,1024,0.5625,1315
POST00000559,12.6,30.0,576,1024,0.5625,378
POST00000525,59.833333333333336,30.0,576,1024,0.5625,1795
POST00000526,39.0,30.0,576,1024,0.5625,1170
POST00000537,28.766666666666666,30.0,576,924,0.6233766233766234,863
POST00000545,47.4,30.0,576,1024,0.5625,1422
POST00000602,12.066666666666666,30.0,576,1024,0.5625,362
POST00000512,9.566666666666666,30.0,576,768,0.75,287
POST00000509,45.4,30.0,576,1024,0.5625,1362
POST00000600,59.833333333333336,30.0,576,1024,0.5625,1795
POST00003969,35.6,30.0,576,1024,0.5625,1068
POST00002381,7.0,30.0,576,1024,0.5625,210
POST00000383,60.06006006006006,29.97,576,1024,0.5625,1800
POST00003415,61.0,30.0,576,1024,0.5625,1830
POST00003693,54.666666666666664,30.0,576,1024,0.5625,1640
POST00000081,20.103436770103436,30.09435684647303,576,1024,0.5625,605
POST00003164,94.93333333333334,30.0,576,1024,0.5625,2848
POST00003870,36.53333333333333,30.0,576,1024,0.5625,1096
POST00000105,13.516666666666667,60.0,576,1024,0.5625,811
POST00003006,7.616666666666666,60.0,576,1024,0.5625,457
POST00002236,89.2,30.0,576,1024,0.5625,2676
POST00002818,7.666666666666667,30.0,576,1024,0.5625,230
POST00002808,15.666666666666666,30.0,576,1026,0.5614035087719298,470
POST00002930,42.333333333333336,30.0,576,1024,0.5625,1270
POST00000196,55.46666666666667,30.0,540,960,0.5625,1664
POST00001520,48.766666666666666,30.0,576,1024,0.5625,1463
POST00000641,61.13333333333333,30.0,576,1024,0.5625,1834
POST00000532,12.7,30.0,576,1024,0.5625,381
POST00000607,18.217391304347824,23.0,576,1024,0.5625,419
POST00000564,59.03333333333333,30.0,576,1024,0.5625,1771
POST00000513,6.5,30.0,576,1024,0.5625,195
POST00000652,19.966666666666665,30.0,576,1024,0.5625,599
POST00000577,10.1,30.0,570,990,0.5757575757575758,303
POST00000563,99.53333333333333,30.03014065639652,576,1024,0.5625,2989
POST00000590,50.166666666666664,30.0,576,1024,0.5625,1505
POST00000601,55.833333333333336,60.0,576,1024,0.5625,3350
POST00000642,7.090423757090424,23.976,576,1024,0.5625,170
POST00000622,37.5,30.0,576,1024,0.5625,1125
POST00003942,331.1333333333333,29.993960136903564,576,1024,0.5625,9932
POST00001862,10.85,30.138248847926267,576,1024,0.5625,327
POST00002953,5.333333333333333,30.0,576,1024,0.5625,160
POST00003896,12.933333333333334,30.0,576,1024,0.5625,388
POST00002047,8.174841508174842,23.976,576,1024,0.5625,196
POST00003225,21.65498832165499,29.97,576,1024,0.5625,649
POST00003010,15.333333333333332,29.608695652173914,576,1024,0.5625,454
POST00002499,24.516666666666666,60.0,576,1024,0.5625,1471
POST00003107,27.44,25.0,576,1024,0.5625,686
POST00003519,7.333333333333334,26.59090909090909,576,1024,0.5625,195
POST00000868,8.633333333333333,30.0,576,1024,0.5625,259
POST00002547,39.18333333333334,30.16588685665674,576,1024,0.5625,1182
POST00003980,10.1,30.0,576,1024,0.5625,303
POST00002554,9.9,30.0,576,1024,0.5625,297
POST00000970,178.83333333333334,30.0,576,1024,0.5625,5365
POST00003772,79.13333333333334,30.0,576,1026,0.5614035087719298,2374
POST00000255,51.9,30.0,576,1024,0.5625,1557
POST00003163,14.783333333333333,24.216459977452086,576,1024,0.5625,358
POST00003793,32.2,30.0,576,1024,0.5625,966
POST00001674,6.089422756089423,26.275068493150684,576,1018,0.5658153241650294,160
POST00000358,11.733333333333333,30.0,576,1024,0.5625,352
POST00002727,41.666666666666664,30.0,576,1024,0.5625,1250
POST00000057,11.9,30.0,576,1024,0.5625,357
POST00000293,34.266666666666666,30.0,576,1024,0.5625,1028
POST00000016,6.9,30.0,576,1024,0.5625,207
POST00000265,15.0,30.0,576,1024,0.5625,450
POST00000104,5.166666666666667,30.0,576,1024,0.5625,155
POST00000147,12.066666666666666,30.0,576,1024,0.5625,362
POST00000956,19.066666666666666,30.0,576,1024,0.5625,572
POST00000861,20.466666666666665,30.0,576,1024,0.5625,614
POST00003237,78.8,30.0,576,1024,0.5625,2364
POST00003472,12.033333333333333,30.0,576,576,1.0,361
POST00002924,13.216666666666667,30.189155107187894,1038,576,1.8020833333333333,399
POST00003987,348.682015348682,29.97,576,1024,0.5625,10450
POST00003316,161.31666666666666,30.1084822812274,576,938,0.6140724946695096,4857
POST00002231,24.6,25.0,576,1024,0.5625,615
POST00003927,25.72,25.0,576,1024,0.5625,643
POST00002333,9.033333333333333,29.11439114391144,576,1024,0.5625,263
POST00003406,172.9,30.0,576,1024,0.5625,5187
POST00003436,193.36,25.0,576,1024,0.5625,4834
POST00000666,19.966666666666665,30.0,576,1024,0.5625,599
POST00002228,19.766666666666666,30.0,576,1024,0.5625,593
POST00001831,34.9,30.0,576,1024,0.5625,1047
POST00001755,43.9,30.0,576,1126,0.5115452930728241,1317
POST00003154,28.03333333333333,26.11177170035672,576,1024,0.5625,732
POST00000055,12.266666666666667,30.0,576,1024,0.5625,368
POST00003865,17.633333333333333,30.0,576,770,0.7480519480519481,529
POST00001808,8.133133133133134,23.976,576,1024,0.5625,195
POST00001481,73.9,30.0,576,1024,0.5625,2217
POST00003174,12.233333333333333,30.0,540,960,0.5625,367
POST00002732,42.233333333333334,30.0,576,768,0.75,1267
POST00001723,22.733333333333334,30.0,576,768,0.75,682
POST00001880,8.966666666666667,30.0,576,1024,0.5625,269
POST00003194,8.766666666666667,30.0,576,1024,0.5625,263
POST00001555,23.233333333333334,30.0,576,774,0.7441860465116279,697
POST00001079,11.1,30.0,576,576,1.0,333
POST00003076,16.84,25.0,576,768,0.75,421
POST00001668,10.766666666666667,30.0,576,576,1.0,323
POST00003306,10.033333333333333,30.0,576,746,0.7721179624664879,301
POST00001891,67.68,25.0,576,1024,0.5625,1692
POST00003518,42.6,30.0,576,1024,0.5625,1278
POST00003569,14.9,30.0,576,1024,0.5625,447
POST00002876,59.46666666666667,29.91591928251121,576,1024,0.5625,1779
POST00000444,22.266666666666666,30.0,576,1024,0.5625,668
POST00001871,17.5,30.0,576,1024,0.5625,525
POST00001610,14.597931264597932,23.976,576,1024,0.5625,350
POST00001633,59.666666666666664,29.81564245810056,576,1024,0.5625,1779
POST00001818,64.53333333333333,29.96900826446281,576,1024,0.5625,1934
POST00001265,89.86666666666666,30.0,576,1024,0.5625,2696
POST00001170,16.0,60.0,576,1024,0.5625,960
POST00002568,6.066666666666666,30.0,576,1024,0.5625,182
POST00001802,42.56666666666667,30.0,576,1024,0.5625,1277
POST00003158,29.066666666666666,30.0,576,1024,0.5625,872
POST00003821,51.666666666666664,30.0,576,1024,0.5625,1550
POST00000906,36.20286953620287,58.50364976958525,576,1024,0.5625,2118
POST00002081,19.733333333333334,30.0,576,1024,0.5625,592
POST00003867,59.4,30.0,576,1024,0.5625,1782
POST00003953,47.63333333333333,30.0,576,1024,0.5625,1429
POST00000673,10.9,60.0,576,1024,0.5625,654
POST00000311,25.266666666666666,30.0,576,1024,0.5625,758
POST00002327,5.2,30.0,576,1024,0.5625,156
POST00003308,6.433333333333334,30.0,576,1024,0.5625,193
POST00003580,12.833333333333334,30.0,576,1024,0.5625,385
POST00003756,6.866666666666666,30.0,576,1024,0.5625,206
POST00000940,34.4,60.0,576,1024,0.5625,2064
POST00003145,42.03333333333333,29.762093576526567,576,1024,0.5625,1251
POST00002722,76.7,30.0,576,1024,0.5625,2301
POST00003915,382.46666666666664,30.0,576,1024,0.5625,11474
POST00003636,54.5,30.0,576,1024,0.5625,1635
POST00000481,32.2,30.0,576,1024,0.5625,966
POST00002828,83.53333333333333,30.27533918595371,576,1024,0.5625,2529
POST00003747,32.13333333333333,30.0,576,1024,0.5625,964
POST00001311,18.084751418084753,29.97,576,1024,0.5625,542
POST00003800,63.099999999999994,29.587955625990492,576,1024,0.5625,1867
POST00002611,59.733333333333334,30.0,576,1024,0.5625,1792
POST00002875,404.8666666666667,30.0,576,1024,0.5625,12146
POST00001439,27.6,30.0,576,1024,0.5625,828
POST00002144,180.46666666666667,30.0,576,1024,0.5625,5414
POST00003974,16.0,30.0,576,1024,0.5625,480
POST00002276,132.23333333333332,30.0,576,1024,0.5625,3967
POST00003984,12.512512512512513,29.97,576,1024,0.5625,375
POST00000717,51.3,30.0,576,1024,0.5625,1539
POST00003728,110.76666666666667,30.0,576,1024,0.5625,3323
POST00001351,24.366666666666667,30.0,576,1136,0.5070422535211268,731
POST00002464,19.066666666666666,30.0,720,1280,0.5625,572
POST00001081,4.2042042042042045,29.97,576,976,0.5901639344262295,126
POST00002678,61.666666666666664,30.0,576,1024,0.5625,1850
POST00003268,24.76,25.0,576,1024,0.5625,619
POST00001552,7.0,30.0,576,1024,0.5625,210
POST00002032,87.63333333333334,30.0,576,1024,0.5625,2629
POST00000323,23.616666666666667,30.190543401552574,576,1024,0.5625,713
POST00003083,7.9,30.0,576,1024,0.5625,237
POST00003656,12.9,30.0,576,1024,0.5625,387
POST00002604,13.04,50.0,576,1024,0.5625,652
POST00002912,16.733333333333334,30.0,576,1024,0.5625,502
POST00001094,12.966666666666667,30.0,576,1024,0.5625,389
POST00002774,18.1,30.0,576,1024,0.5625,543
POST00002827,26.447222873998594,29.833,576,1024,0.5625,789
POST00003902,60.0,30.0,576,1024,0.5625,1800
POST00003720,42.46666666666667,30.0,576,1024,0.5625,1274
POST00000478,6.833333333333333,30.0,576,1024,0.5625,205
POST00003699,96.16666666666667,30.0,576,1024,0.5625,2885
POST00000667,9.433333333333334,30.0,576,1024,0.5625,283
POST00002041,11.566666666666666,60.0,576,1024,0.5625,694
POST00001368,15.733333333333333,30.0,480,856,0.5607476635514018,472
POST00001778,10.433333333333334,30.0,576,1024,0.5625,313
POST00000112,11.033333333333333,30.0,576,1024,0.5625,331
POST00003612,82.26666666666667,30.0,576,1024,0.5625,2468
POST00003159,6.733333333333333,30.0,576,1024,0.5625,202
POST00002775,14.966666666666667,30.0,576,1024,0.5625,449
POST00000857,23.2,30.0,576,1024,0.5625,696
POST00003334,29.53333333333333,29.89841986455982,576,1024,0.5625,883
POST00001098,31.8,30.0,576,1024,0.5625,954
POST00001635,59.916666666666664,60.0,576,1024,0.5625,3595
POST00000472,8.966666666666667,30.0,576,1024,0.5625,269
POST00000663,11.066666666666666,30.0,576,1024,0.5625,332
POST00000062,22.833333333333332,30.0,576,1024,0.5625,685
POST00002028,12.566666666666666,60.0,576,1024,0.5625,754
POST00000809,8.433333333333334,30.0,576,1024,0.5625,253
POST00002602,32.5,30.0,576,1024,0.5625,975
POST00003432,8.8,30.0,576,1024,0.5625,264
POST00001327,33.733333333333334,30.0,576,1024,0.5625,1012
POST00003950,23.366666666666667,30.0,576,1024,0.5625,701
POST00003293,15.0,30.0,576,1024,0.5625,450
POST00003376,13.666666666666666,30.0,576,908,0.6343612334801763,410
POST00003349,136.33333333333334,30.0,576,1024,0.5625,4090
POST00002773,31.933333333333334,30.0,576,1024,0.5625,958
POST00001322,7.0,30.0,576,1024,0.5625,210
POST00003323,11.633333333333333,30.0,576,1024,0.5625,349
POST00003633,8.833333333333334,29.88679245283019,576,1024,0.5625,264
POST00003994,12.033333333333333,30.0,576,1024,0.5625,361
POST00002674,84.73333333333333,29.964594807238395,576,1024,0.5625,2539
POST00002315,13.880547213880547,29.97,576,1024,0.5625,416
POST00002384,55.266666666666666,30.0,576,1024,0.5625,1658
POST00001374,17.9,30.0,576,576,1.0,537
POST00000470,15.033333333333333,30.0,576,1024,0.5625,451
POST00003882,17.933333333333334,30.0,576,1024,0.5625,538
POST00003501,17.333333333333332,30.0,576,1024,0.5625,520
POST00002258,5.266666666666667,30.0,576,1024,0.5625,158
POST00000477,10.0,30.0,576,1024,0.5625,300
POST00003761,53.06666666666667,30.0,576,1026,0.5614035087719298,1592
POST00003425,18.866666666666667,30.0,576,1024,0.5625,566
POST00001133,30.9,30.0,576,1024,0.5625,927
POST00002625,78.95,30.082330588980366,576,1024,0.5625,2375
POST00002487,160.3,30.0,576,1024,0.5625,4809
POST00003115,106.3,29.915333960489182,576,1024,0.5625,3180
POST00001432,119.7,30.0,576,1024,0.5625,3591
POST00001859,7.666666666666667,30.0,576,1024,0.5625,230
POST00002374,9.233333333333333,30.0,576,1024,0.5625,277
POST00001373,5.133333333333334,30.0,576,1024,0.5625,154
POST00001244,5.6923076923076925,39.0,576,1024,0.5625,222
POST00001027,5.85,60.0,576,1024,0.5625,351
POST00001052,60.0,30.0,720,1280,0.5625,1800
POST00001136,27.0,30.0,576,1024,0.5625,810
POST00003796,22.266666666666666,30.0,576,1024,0.5625,668
POST00003412,10.633333333333333,30.0,576,1024,0.5625,319
POST00001016,47.733333333333334,30.0,576,1024,0.5625,1432
POST00001056,15.048381715048382,29.172572062084257,576,1024,0.5625,439
POST00000999,27.961294627961294,59.94,576,1024,0.5625,1676
POST00001127,62.666666666666664,30.0,576,1024,0.5625,1880
POST00001003,21.5,30.0,576,1024,0.5625,645
POST00001153,27.666666666666668,30.0,576,576,1.0,830
POST00002685,26.0,30.0,1024,576,1.7777777777777777,780
POST00000818,15.533333333333333,30.0,576,1024,0.5625,466
POST00000880,27.733333333333334,30.0,576,1024,0.5625,832
POST00001653,179.46666666666667,29.955423476968797,576,1024,0.5625,5376
POST00001147,73.83333333333333,30.216704288939052,576,1024,0.5625,2231
POST00002068,84.2,30.0,576,1024,0.5625,2526
POST00003298,135.26666666666668,30.0,576,1024,0.5625,4058
POST00001370,23.5,30.0,720,1280,0.5625,705
POST00001103,15.033333333333333,60.0,576,1024,0.5625,902
POST00001186,40.833333333333336,30.0,576,1024,0.5625,1225
POST00001091,104.45445445445446,59.94,576,1024,0.5625,6261
POST00003276,17.4,30.0,576,1024,0.5625,522
POST00000985,25.46666666666667,29.76439790575916,576,1024,0.5625,758
POST00002607,13.783333333333333,27.569528415961305,576,1024,0.5625,380
POST00000645,18.6,30.0,576,1024,0.5625,558
POST00002208,53.583333333333336,60.0,576,1024,0.5625,3215
POST00000337,8.166666666666666,60.0,576,1024,0.5625,490
POST00003585,89.9,30.0,576,1024,0.5625,2697
POST00001446,16.866666666666667,30.0,576,1024,0.5625,506
POST00001093,41.06666666666667,30.0,576,1024,0.5625,1232
POST00001012,7.033333333333333,30.0,576,1024,0.5625,211
POST00003575,18.733333333333334,30.0,576,1024,0.5625,562
POST00002429,11.64,25.0,576,1024,0.5625,291
POST00002290,17.86,50.0,576,1024,0.5625,893
POST00003433,73.96666666666667,30.0,576,1024,0.5625,2219
POST00003311,27.666666666666668,30.0,576,1024,0.5625,830
POST00002427,12.833333333333334,30.0,576,1024,0.5625,385
POST00002071,10.6,30.0,576,1024,0.5625,318
POST00000725,10.133333333333333,30.0,576,1024,0.5625,304
POST00002465,19.433333333333334,30.0,576,1024,0.5625,583
POST00002086,10.833333333333334,59.90769230769231,576,1024,0.5625,649
POST00003578,15.6,25.0,576,1024,0.5625,390
POST00002393,9.966666666666667,30.0,576,1024,0.5625,299
POST00000967,18.033333333333335,30.0,576,1024,0.5625,541
POST00002854,37.0,30.0,576,1024,0.5625,1110
POST00002096,162.5,30.0,576,1024,0.5625,4875
POST00000918,31.1,30.0,576,1024,0.5625,933
POST00000654,9.3,30.0,576,1024,0.5625,279
POST00000659,11.0,30.0,576,1024,0.5625,330
POST00000631,15.066666666666666,30.0,576,1024,0.5625,452
POST00003020,243.2,30.0,576,1024,0.5625,7296
POST00003837,28.7,30.0,576,768,0.75,861
POST00003686,51.3,30.0,576,1024,0.5625,1539
POST00003128,65.7323990657324,29.97,576,1024,0.5625,1970
POST00002985,13.1,60.0,576,1024,0.5625,786
POST00003784,72.06666666666666,30.0,576,1024,0.5625,2162
POST00003754,24.2,30.0,576,1024,0.5625,726
POST00001800,4.809523809523809,33.68316831683168,576,1024,0.5625,162
POST00000260,72.56666666666666,30.0,576,1024,0.5625,2177
POST00002186,7.733333333333333,30.0,576,1024,0.5625,232
POST00003137,17.8,30.0,576,1024,0.5625,534
POST00002411,30.266666666666666,30.0,576,1024,0.5625,908
POST00002399,34.43333333333333,30.0,576,1024,0.5625,1033
POST00003649,45.04504504504504,29.97,576,1024,0.5625,1350
POST00000132,19.666666666666668,30.0,576,1024,0.5625,590
POST00001263,8.441775108441776,29.97,576,1024,0.5625,253
POST00002221,23.033333333333335,30.0,576,1024,0.5625,691
POST00001036,21.466666666666665,30.0,576,1024,0.5625,644
POST00003674,18.333333333333332,30.0,576,1024,0.5625,550
POST00002062,15.643279740615704,28.830271367521366,576,1024,0.5625,451
POST00000691,23.866666666666667,30.0,576,1024,0.5625,716
POST00001643,10.166666666666666,30.0,576,1024,0.5625,305
POST00002126,38.65,30.349288486416558,576,1024,0.5625,1173
POST00000801,5.033333333333333,30.0,576,1024,0.5625,151
POST00001648,40.96666666666667,30.0,576,1024,0.5625,1229
POST00002247,29.233333333333334,30.0,576,1024,0.5625,877
POST00001097,38.45512178845512,23.689952277657266,576,1022,0.5636007827788649,911
POST00003177,15.033333333333333,30.0,576,1022,0.5636007827788649,451
POST00000942,84.3,30.0,576,1024,0.5625,2529
POST00003608,76.24290957624291,29.97,576,1024,0.5625,2285
POST00001348,17.033333333333335,30.0,576,1022,0.5636007827788649,511
POST00001586,25.666666666666664,29.883116883116884,576,1024,0.5625,767
POST00000715,43.36666666666667,30.0,576,1024,0.5625,1301
POST00001791,15.033333333333333,29.20177383592018,576,1024,0.5625,439
POST00003414,57.0,30.0,576,1024,0.5625,1710
POST00000242,29.866666666666667,30.0,854,480,1.7791666666666666,896
POST00001478,9.166666666666666,30.0,576,1024,0.5625,275
POST00000772,58.76,25.0,576,1024,0.5625,1469
POST00002193,42.4,30.0,576,1024,0.5625,1272
POST00002609,26.75,60.0,576,1024,0.5625,1605
POST00002472,80.62305712471169,29.917,576,1024,0.5625,2412
POST00000640,14.6,30.0,540,960,0.5625,438
POST00003062,44.0,29.704545454545453,576,1024,0.5625,1307
POST00000334,8.033333333333333,30.0,576,1024,0.5625,241
POST00002909,9.1,30.0,576,1024,0.5625,273
POST00000514,9.376042709376042,57.59359430604982,576,1024,0.5625,540
POST00000552,6.133333333333334,30.0,576,1024,0.5625,184
POST00003457,63.18818818818819,23.976,576,1024,0.5625,1515
POST00003818,17.066666666666666,30.0,576,1024,0.5625,512
POST00003905,12.933333333333334,30.0,576,1024,0.5625,388
POST00001125,9.733333333333334,29.897260273972602,576,1024,0.5625,291
POST00001264,6.533333333333333,30.0,576,1024,0.5625,196
POST00001638,86.08608608608608,23.976,576,1024,0.5625,2064
POST00001901,46.53333333333333,30.0,576,576,1.0,1396
POST00001607,17.833333333333332,30.0,576,1024,0.5625,535
POST00001179,9.3,30.0,576,864,0.6666666666666666,279
POST00002600,11.933333333333334,30.0,576,1024,0.5625,358
POST00002100,16.6,30.0,576,1024,0.5625,498
POST00002835,44.03333333333333,30.0,576,1024,0.5625,1321
POST00003829,20.657995409334355,24.833,576,1024,0.5625,513
POST00000796,6.5,30.0,576,1024,0.5625,195
POST00003511,9.333333333333334,30.0,576,1024,0.5625,280
POST00001048,9.733333333333333,30.0,576,1024,0.5625,292
POST00000093,8.533333333333333,30.0,540,960,0.5625,256
POST00002035,20.5,30.0,576,1024,0.5625,615
POST00002618,34.63333333333333,30.0,576,720,0.8,1039
POST00003418,36.666666666666664,30.0,824,576,1.4305555555555556,1100
POST00003734,35.86666666666667,30.0,576,1024,0.5625,1076
POST00001823,97.0,30.0,576,1024,0.5625,2910
POST00002445,10.733333333333333,30.0,576,1024,0.5625,322
POST00001428,66.66666666666667,29.55,576,1024,0.5625,1970
POST00000548,13.466666666666667,30.0,576,1024,0.5625,404
POST00002745,6.6,30.0,576,1024,0.5625,198
POST00003677,62.6,60.0,576,1024,0.5625,3756
POST00000387,17.933333333333334,30.0,480,714,0.6722689075630253,538
POST00001559,7.207207207207207,29.97,576,1024,0.5625,216
POST00001413,56.8,30.0,576,1024,0.5625,1704
POST00001024,14.4,30.0,576,1024,0.5625,432
POST00001213,15.95,60.0,576,576,1.0,957
POST00001253,8.2,30.0,576,1024,0.5625,246
POST00001075,17.833333333333332,30.0,576,1024,0.5625,535
POST00000981,7.7,30.0,576,1024,0.5625,231
POST00003889,9.066666666666666,30.0,576,1024,0.5625,272
POST00003386,37.50417083750417,29.97,576,1024,0.5625,1124
POST00003327,44.2,30.0,576,1024,0.5625,1326
POST00000288,7.066666666666666,30.0,576,1024,0.5625,212
POST00001367,13.980647313980647,29.97,576,1024,0.5625,419
POST00001349,14.233333333333333,30.0,576,1024,0.5625,427
POST00000066,8.366666666666667,30.0,576,1024,0.5625,251
POST00003961,53.8,30.0,576,1024,0.5625,1614
POST00003226,11.277944611277945,29.97,576,1024,0.5625,338
POST00003559,41.46666666666667,30.0,576,1024,0.5625,1244
POST00002938,28.233333333333334,28.406139315230224,576,1024,0.5625,802
POST00001981,6.833333333333333,30.585365853658537,576,1024,0.5625,209
POST00001669,10.8,30.0,576,1024,0.5625,324
POST00001685,17.8,29.269662921348313,576,1024,0.5625,521
POST00003205,9.516666666666666,30.157618213660246,576,1024,0.5625,287
POST00000531,33.927198582745596,29.917,576,1024,0.5625,1015
POST00002645,10.333333333333334,30.0,576,1024,0.5625,310
POST00003548,15.666666666666666,30.0,576,870,0.6620689655172414,470
POST00000161,15.0,30.0,576,1024,0.5625,450
POST00000137,26.033333333333335,30.0,540,960,0.5625,781
POST00000549,15.0,30.0,576,1024,0.5625,450
POST00000871,12.9,30.0,720,1280,0.5625,387
POST00001034,15.0,30.0,576,1024,0.5625,450
POST00001106,18.46666666666667,29.729241877256317,576,1024,0.5625,549
POST00003741,58.36,25.0,576,1024,0.5625,1459
POST00003893,55.5,30.0,576,1024,0.5625,1665
POST00000404,18.3,30.0,576,1246,0.4622792937399679,549
POST00001954,21.7,30.0,576,1024,0.5625,651
POST00000153,6.4,30.0,576,1024,0.5625,192
POST00000165,71.3,30.0,576,1024,0.5625,2139
POST00003091,30.375,24.0,576,1024,0.5625,729
POST00000063,21.75,25.103448275862068,1246,576,2.1631944444444446,546
POST00000230,50.04,25.0,360,778,0.46272493573264784,1251
POST00000106,8.8,30.0,576,576,1.0,264
POST00002255,19.6,30.0,576,1024,0.5625,588
POST00001483,108.17484150817485,29.97,576,1024,0.5625,3242
POST00002958,30.233333333333334,30.0,576,1024,0.5625,907
POST00000795,44.35,60.0,576,1024,0.5625,2661
POST00001797,19.433333333333334,29.948542024013722,576,1024,0.5625,582
POST00000629,27.5,30.0,576,1024,0.5625,825
POST00002583,16.066666666666666,30.0,576,1024,0.5625,482
POST00003725,17.9,30.0,576,1024,0.5625,537
POST00002116,20.0,30.0,576,768,0.75,600
POST00002789,59.85985985985986,29.97,576,1024,0.5625,1794
POST00000813,6.733333333333333,30.0,576,1024,0.5625,202
POST00003022,47.681014347681014,29.67638208537439,576,1024,0.5625,1415
POST00000826,15.1,30.0,576,1024,0.5625,453
POST00002448,33.93333333333333,60.0,576,1024,0.5625,2036
POST00001938,124.83333333333333,30.0,576,1024,0.5625,3745
POST00003663,25.133333333333333,30.0,576,1024,0.5625,754
POST00000164,79.3,30.0,576,1024,0.5625,2379
POST00000684,28.466666666666665,30.0,576,1024,0.5625,854
POST00000224,55.266666666666666,30.0,576,1024,0.5625,1658
POST00003362,15.015015015015015,29.97,576,1024,0.5625,450
POST00000011,17.1,30.0,576,1024,0.5625,513
POST00001814,31.164497831164496,29.713297644539615,576,1024,0.5625,926
POST00001083,81.4,30.0,576,1024,0.5625,2442
POST00003759,29.166666666666668,30.0,576,1024,0.5625,875
POST00002005,4.883333333333334,60.0,576,1024,0.5625,293
POST00000089,15.1,30.0,540,960,0.5625,453
POST00001066,27.833333333333332,29.02994011976048,576,1024,0.5625,808
POST00000937,15.333333333333334,30.0,576,1024,0.5625,460
POST00002064,6.133333333333334,30.0,576,1024,0.5625,184
POST00001540,19.6,30.0,576,1024,0.5625,588
POST00003338,9.00900900900901,29.97,576,1024,0.5625,270
POST00001410,8.333333333333334,30.0,576,1024,0.5625,250
POST00000434,17.266666666666666,30.0,576,1024,0.5625,518
POST00000059,37.23723723723724,29.97,576,1024,0.5625,1116
POST00003638,39.43333333333333,30.0,576,1024,0.5625,1183
POST00001980,14.233333333333333,30.0,576,1024,0.5625,427
POST00002692,39.56666666666667,29.974726200505476,576,1024,0.5625,1186
POST00003958,14.633333333333333,30.0,576,1024,0.5625,439
POST00001416,14.266666666666667,30.0,576,1024,0.5625,428
POST00000800,11.266666666666667,60.0,576,1024,0.5625,676
POST00001004,11.845178511845178,29.97,576,1024,0.5625,355
POST00001059,14.433333333333334,60.0,576,1024,0.5625,866
POST00003660,87.0,29.333333333333332,576,1024,0.5625,2552
POST00002668,16.466666666666665,30.0,576,1024,0.5625,494
POST00000273,59.06666666666666,29.983069977426638,576,1024,0.5625,1771
POST00000510,14.9315982649316,23.976,576,1024,0.5625,358
POST00003260,41.47480814147481,59.94,576,1024,0.5625,2486
POST00000322,11.277944611277945,59.94,576,1024,0.5625,676
POST00000665,32.733333333333334,30.0,576,1024,0.5625,982
POST00001107,13.583333333333334,29.153374233128833,576,1024,0.5625,396
POST00001171,10.566666666666666,30.0,576,1024,0.5625,317
POST00000835,20.7,30.0,576,1024,0.5625,621
POST00000381,30.2,30.0,576,1024,0.5625,906
POST00001102,8.425091758425092,23.976,576,1024,0.5625,202
POST00001095,7.983333333333333,60.0,576,1024,0.5625,479
POST00000617,13.546880213546881,29.97,576,1024,0.5625,406
POST00002762,32.9,30.0,576,1024,0.5625,987
POST00001448,20.4,30.0,576,1024,0.5625,612
POST00003474,10.666666666666666,30.0,576,1024,0.5625,320
POST00003831,46.21287954621288,29.97,576,1024,0.5625,1385
POST00003379,15.033333333333333,30.0,576,1024,0.5625,451
POST00003387,37.13333333333333,30.0,576,1240,0.4645161290322581,1114
POST00000367,21.2,30.0,576,1024,0.5625,636
POST00003392,11.1,30.0,576,1024,0.5625,333
POST00000661,13.516666666666667,60.0,576,1024,0.5625,811
POST00003005,8.633333333333333,30.0,576,1024,0.5625,259
POST00003744,13.6,30.0,576,1024,0.5625,408
POST00003216,65.36666666666666,30.0,576,1024,0.5625,1961
POST00003524,18.885552218885554,29.97,576,1024,0.5625,566
POST00000364,26.599999999999998,51.390977443609025,576,1024,0.5625,1367
POST00000776,31.666666666666668,30.0,576,1024,0.5625,950
POST00003812,9.866666666666667,28.074324324324323,576,1024,0.5625,277
POST00000770,14.948281614948282,29.97,576,1024,0.5625,448
POST00001548,29.25,57.333333333333336,576,1024,0.5625,1677
POST00002830,26.466666666666665,30.0,576,1024,0.5625,794
POST00003835,34.9,29.97134670487106,576,1024,0.5625,1046
POST00003116,8.730914056357843,24.167,576,1024,0.5625,211
POST00002657,16.433333333333334,30.0,576,1024,0.5625,493
POST00003294,9.966666666666667,30.0,576,1024,0.5625,299
POST00002328,18.58525191858525,29.53955116696589,576,1024,0.5625,549
POST00001257,12.15,60.0,576,1024,0.5625,729
POST00001700,118.8,30.0,576,1024,0.5625,3564
POST00002240,21.0,30.0,576,1024,0.5625,630
POST00001876,30.533333333333335,30.0,576,1024,0.5625,916
POST00001544,180.03333333333333,30.0,576,1024,0.5625,5401
POST00003212,28.916666666666668,60.0,576,1024,0.5625,1735
POST00003610,180.08008008008008,29.97,576,1024,0.5625,5397
POST00000009,59.2,30.0,576,1024,0.5625,1776
POST00003855,150.0,30.0,576,1024,0.5625,4500
POST00001262,59.39272605939272,29.953162921348316,576,1024,0.5625,1779
POST00003373,58.266666666666666,30.0,576,1024,0.5625,1748
POST00002434,31.6,29.71518987341772,576,1024,0.5625,939
POST00003240,122.38905572238906,29.97,576,1024,0.5625,3668
POST00001303,30.234974692454667,29.833,576,1024,0.5625,902
POST00002018,11.166666666666666,30.0,576,1024,0.5625,335
POST00001741,14.65,30.170648464163822,576,1024,0.5625,442
POST00000046,10.877544210877545,29.97,576,1082,0.532347504621072,326
POST00001487,43.4,50.0,576,1024,0.5625,2170
POST00003813,11.066666666666666,60.0,576,1024,0.5625,664
POST00000149,10.133333333333333,30.0,576,1024,0.5625,304
POST00002783,60.1,30.0,576,1024,0.5625,1803
POST00003428,168.7,30.0,576,1024,0.5625,5061
POST00000746,43.11666666666667,60.0,576,1024,0.5625,2587
POST00001345,20.433333333333334,30.0,576,1024,0.5625,613
POST00001191,30.35,51.30148270181219,576,1024,0.5625,1557
POST00001849,21.533333333333335,30.0,576,1024,0.5625,646
POST00000979,7.966666666666667,60.0,540,960,0.5625,478
POST00001165,20.0,30.0,576,1024,0.5625,600
POST00001115,53.4,30.0,576,1024,0.5625,1602
POST00001109,97.23333333333333,30.0,576,912,0.631578947368421,2917
POST00001119,60.1,30.0,576,1024,0.5625,1803
POST00003931,15.966666666666667,30.0,576,1280,0.45,479
POST00003859,60.93333333333333,30.0,576,1024,0.5625,1828
POST00000406,40.3939393939394,32.529632408102024,576,1024,0.5625,1314
POST00002603,60.53333333333333,30.0,576,1024,0.5625,1816
POST00001029,76.6,30.0,576,1024,0.5625,2298
POST00002749,19.733333333333334,30.0,576,1024,0.5625,592
POST00003285,38.06666666666667,30.0,576,1024,0.5625,1142
POST00000129,6.566666666666666,30.0,576,1024,0.5625,197
POST00001332,8.3,60.0,576,1024,0.5625,498
POST00000015,37.96666666666667,30.0,576,1024,0.5625,1139
POST00000442,74.2,30.0,576,1024,0.5625,2226
POST00000213,151.33333333333334,30.0,576,1024,0.5625,4540
POST00002805,10.333333333333334,31.35483870967742,576,1024,0.5625,324
POST00000874,16.766666666666666,60.0,576,1024,0.5625,1006
POST00001389,33.56666666666667,30.0,576,1024,0.5625,1007
POST00003871,63.03333333333333,30.0,576,1024,0.5625,1891
POST00001111,59.2,30.0,576,1024,0.5625,1776
POST00003016,29.06666666666667,29.793577981651374,576,1024,0.5625,866
POST00001728,34.666666666666664,30.0,576,1024,0.5625,1040
POST00003787,87.36666666666666,30.0,576,1024,0.5625,2621
POST00003419,16.233333333333334,30.0,576,1024,0.5625,487
POST00002386,16.6,30.0,576,1024,0.5625,498
POST00003515,9.266666666666667,30.0,576,1024,0.5625,278
POST00003844,46.0,30.0,576,1024,0.5625,1380
POST00000468,21.933333333333334,30.0,576,1024,0.5625,658
POST00002702,273.1666666666667,30.0,576,1024,0.5625,8195
POST00000996,208.56666666666666,29.995205369985616,576,1024,0.5625,6256
POST00001038,52.394741776212996,48.001,576,1024,0.5625,2515
POST00001219,56.32298965632299,56.97495853080569,576,1024,0.5625,3209
POST00000958,57.4,30.0,576,1024,0.5625,1722
POST00003890,164.9,30.0,576,1024,0.5625,4947
POST00000294,42.13333333333333,60.0,576,1024,0.5625,2528
POST00003551,67.9,30.0,576,1024,0.5625,2037
POST00003780,189.3,30.0,576,1024,0.5625,5679
POST00000446,42.7,30.0,576,1024,0.5625,1281
POST00000120,5.6,30.0,576,1024,0.5625,168
POST00003320,18.5,30.0,576,1024,0.5625,555
POST00000998,12.6,30.0,576,1024,0.5625,378
POST00001738,14.3,60.0,576,1024,0.5625,858
POST00003178,201.8,29.89593657086224,576,1024,0.5625,6033
POST00002450,26.1,30.0,576,1024,0.5625,783
POST00000797,138.4,30.0,576,1024,0.5625,4152
POST00003200,58.93333333333333,30.0,576,1024,0.5625,1768
POST00002156,30.5,30.0,576,1024,0.5625,915
POST00002545,25.133333333333333,30.0,576,1024,0.5625,754
POST00001858,29.966666666666665,30.0,576,1024,0.5625,899
POST00001677,27.6,30.0,576,1024,0.5625,828
POST00003669,59.88,25.0,576,1024,0.5625,1497
POST00000731,89.8,29.966592427616927,576,1024,0.5625,2691
POST00002770,65.63333333333334,30.0,576,1024,0.5625,1969
POST00002314,36.43333333333333,30.0,576,1024,0.5625,1093
POST00001162,32.599265932599266,30.338106448311155,576,1024,0.5625,989
POST00000627,8.033333333333333,30.0,576,1026,0.5614035087719298,241
POST00001148,35.666666666666664,30.0,576,1024,0.5625,1070
POST00000951,28.066666666666666,29.82185273159145,576,1024,0.5625,837
POST00003331,9.0,30.0,576,1024,0.5625,270
POST00001000,21.8,30.0,576,1024,0.5625,654
POST00001189,29.933333333333334,30.0,576,1024,0.5625,898
POST00002619,45.63333333333333,30.0,576,1024,0.5625,1369
POST00002553,11.433333333333334,30.0,576,1024,0.5625,343
POST00000087,10.666666666666666,30.0,576,1024,0.5625,320
POST00001312,36.5,30.0,576,1024,0.5625,1095
POST00000041,28.0,30.0,540,960,0.5625,840
POST00001032,182.73333333333332,30.0,576,1024,0.5625,5482
POST00000064,59.733333333333334,30.0,576,1024,0.5625,1792
POST00001014,4.933333333333334,30.0,576,1024,0.5625,148
POST00000157,12.033333333333333,30.0,540,960,0.5625,361
POST00002950,171.46666666666667,30.0,576,1024,0.5625,5144
POST00002998,76.53333333333333,47.809233449477354,576,1024,0.5625,3659
POST00000305,33.0,30.0,576,1024,0.5625,990
POST00001456,18.6,30.0,576,1024,0.5625,558
POST00000029,47.766666666666666,30.041870202372646,576,1024,0.5625,1435
POST00003464,51.766666666666666,30.0,576,1024,0.5625,1553
POST00003840,84.61795128461796,29.97,576,1024,0.5625,2536
POST00000738,97.26666666666667,30.0,576,1024,0.5625,2918
POST00002819,47.8,60.0,576,1024,0.5625,2868
POST00001709,83.66666666666667,30.0,576,1024,0.5625,2510
POST00000426,40.7,30.0,576,1024,0.5625,1221
POST00001328,125.1,29.992006394884093,576,1024,0.5625,3752
POST00001340,77.33333333333333,30.0,576,1024,0.5625,2320
POST00000846,45.91257924591258,29.97,576,1024,0.5625,1376
POST00002814,6.3,30.0,576,1024,0.5625,189
POST00000599,18.21706721930675,29.917,576,1024,0.5625,545
POST00001009,6.356356356356356,30.205984251968506,576,1024,0.5625,192
POST00003981,70.63333333333334,30.0,576,1024,0.5625,2119
POST00001528,40.9,30.0,576,1024,0.5625,1227
POST00003493,64.96666666666667,30.0,576,1024,0.5625,1949
POST00002882,102.8,30.0,576,1024,0.5625,3084
POST00003647,39.0,30.0,576,1024,0.5625,1170
POST00003667,128.3,30.0,576,1024,0.5625,3849
POST00000799,20.016666666666666,60.0,576,1024,0.5625,1201
POST00003239,143.46666666666667,30.0,576,1024,0.5625,4304
POST00003963,150.5,30.0,576,1024,0.5625,4515
POST00003542,56.86666666666667,30.0,576,1024,0.5625,1706
POST00000287,58.15815815815816,29.97,576,1024,0.5625,1743
POST00001278,15.098431765098432,23.976,576,1024,0.5625,362
POST00000540,11.166666666666666,30.0,576,1024,0.5625,335
POST00000308,6.133333333333334,30.0,576,1024,0.5625,184
POST00001915,9.166666666666666,29.236363636363638,576,1024,0.5625,268
POST00002361,56.8,30.0,576,1024,0.5625,1704
POST00003258,14.948281614948282,59.94,576,1024,0.5625,896
POST00000277,41.083333333333336,60.0,576,1024,0.5625,2465
POST00003420,21.533333333333335,30.0,576,1024,0.5625,646
POST00001810,53.6,30.0,360,642,0.5607476635514018,1608
POST00003825,10.966666666666667,30.0,576,1024,0.5625,329
POST00000131,55.36666666666667,30.0,576,1024,0.5625,1661
POST00002711,162.73333333333332,30.0,576,1292,0.4458204334365325,4882
POST00003165,13.366666666666667,30.0,576,1246,0.4622792937399679,401
POST00002926,50.9,30.0,576,1024,0.5625,1527
POST00000954,24.065732399065734,23.976,576,1024,0.5625,577
POST00002088,18.433333333333334,30.0,576,576,1.0,553
POST00003556,169.76666666666668,30.0,576,1164,0.4948453608247423,5093
POST00002132,165.63333333333333,30.0,576,1246,0.4622792937399679,4969
POST00002261,9.833333333333334,60.0,576,1024,0.5625,590
POST00002621,54.233333333333334,30.0,576,1024,0.5625,1627
POST00000298,12.966666666666667,30.0,576,1246,0.4622792937399679,389
POST00003364,10.233333333333333,30.0,576,1024,0.5625,307
POST00000025,14.516666666666667,60.0,576,1024,0.5625,871
POST00001782,45.17851184517851,29.97,576,1024,0.5625,1354
POST00001930,16.833333333333332,60.0,576,576,1.0,1010
POST00000519,14.933333333333334,30.0,576,1024,0.5625,448
POST00000822,13.7,30.0,576,1024,0.5625,411
POST00000787,8.508508508508509,29.97,576,1024,0.5625,255
POST00000767,77.93333333333334,29.884516680923866,576,1024,0.5625,2329
POST00000863,32.99132465799133,23.976,576,1024,0.5625,791
POST00003923,9.733333333333333,30.0,576,1024,0.5625,292
POST00000709,15.0,30.0,576,1024,0.5625,450
POST00002737,137.2,28.338192419825074,576,1024,0.5625,3888
POST00000386,35.56666666666667,30.0,576,1024,0.5625,1067
POST00002563,11.566666666666666,30.0,576,1024,0.5625,347
POST00000253,59.0,30.0,576,1024,0.5625,1770
POST00000660,85.8,29.988344988344988,540,960,0.5625,2573
POST00003937,38.06666666666666,29.68476357267951,576,1024,0.5625,1130
POST00003336,14.233333333333333,30.0,576,1024,0.5625,427
POST00003374,40.46666666666666,29.40691927512356,576,1024,0.5625,1190
POST00002502,44.96666666666667,30.0,576,1022,0.5636007827788649,1349
POST00003459,58.56666666666667,30.0,576,1024,0.5625,1757
POST00002653,19.5,30.0,576,1024,0.5625,585
POST00002136,30.033333333333335,30.0,576,1024,0.5625,901
POST00002833,111.91191191191191,26.181305903398925,576,1024,0.5625,2930
POST00001727,18.2,30.0,576,1024,0.5625,546
POST00000297,8.633333333333333,30.0,576,1024,0.5625,259
POST00002495,27.4,30.0,576,1024,0.5625,822
POST00002141,19.833333333333332,30.0,576,1024,0.5625,595
POST00002890,19.3,30.0,444,778,0.570694087403599,579
POST00000407,9.5,30.0,576,1024,0.5625,285
POST00001157,19.833333333333332,30.0,576,1024,0.5625,595
POST00001399,8.2,30.0,576,1024,0.5625,246
POST00002180,15.348682015348682,29.97,576,1024,0.5625,460
POST00001188,15.466666666666667,30.0,576,1024,0.5625,464
POST00003779,94.02736069402737,29.97,576,1024,0.5625,2818
POST00002533,178.73333333333332,30.0,576,1024,0.5625,5362
POST00000745,16.583333333333332,60.0,576,1024,0.5625,995
POST00002489,17.8,27.247191011235955,576,1024,0.5625,485
POST00001576,42.63333333333333,30.0,576,1024,0.5625,1279
POST00003417,78.56666666666666,30.0,576,1024,0.5625,2357
POST00000755,108.6,30.0,576,1024,0.5625,3258
POST00000078,14.533333333333333,30.0,576,1024,0.5625,436
POST00002278,15.066666666666666,30.0,576,1024,0.5625,452
POST00002708,35.63333333333333,30.0,576,1024,0.5625,1069
POST00002908,27.4,30.0,576,1024,0.5625,822
POST00000394,6.133333333333334,30.0,576,1024,0.5625,184
POST00001436,23.633333333333333,30.0,576,1024,0.5625,709
POST00003989,74.26666666666667,30.0,576,1024,0.5625,2228
POST00001511,88.1,30.0,576,1024,0.5625,2643
POST00002021,83.36666666666666,30.0,576,1024,0.5625,2501
POST00002241,34.86666666666667,30.0,576,1024,0.5625,1046
POST00000275,12.933333333333334,30.0,576,1024,0.5625,388
POST00003726,88.43333333333334,30.0,576,1024,0.5625,2653
POST00003877,57.6,30.0,576,1024,0.5625,1728
POST00001271,22.4,30.0,576,1024,0.5625,672
POST00001100,42.166666666666664,30.0,576,1024,0.5625,1265
POST00002754,52.766666666666666,30.0,576,1016,0.5669291338582677,1583
POST00001131,10.5,30.0,576,1024,0.5625,315
POST00003995,106.6,30.0,576,1024,0.5625,3198
POST00000300,24.8,60.0,576,1024,0.5625,1488
POST00001719,8.033333333333333,30.0,576,1024,0.5625,241
POST00003611,54.6,30.0,576,1024,0.5625,1638
POST00002336,20.033333333333335,30.0,576,1024,0.5625,601
POST00001737,9.6,29.6875,576,1024,0.5625,285
POST00003769,18.4,30.0,576,1024,0.5625,552
POST00002194,11.6,30.0,576,1024,0.5625,348
POST00000222,25.166666666666668,30.0,540,960,0.5625,755
POST00002335,15.066666666666666,30.0,576,1024,0.5625,452
POST00002514,8.266666666666667,30.0,576,1024,0.5625,248
POST00001743,5.7,30.0,576,1024,0.5625,171
POST00003183,12.383333333333333,42.71870794078062,576,766,0.7519582245430809,529
POST00001792,16.916916916916918,29.97,576,1024,0.5625,507
POST00000307,14.06,50.0,576,1024,0.5625,703
POST00000031,10.41041041041041,29.97,576,1024,0.5625,312
POST00001074,51.0,30.0,576,972,0.5925925925925926,1530
POST00000245,15.0,30.0,576,1024,0.5625,450
POST00000429,5.833333333333333,30.0,576,1024,0.5625,175
POST00000757,7.9,30.0,576,1024,0.5625,237
POST00000254,52.86666666666667,30.0,540,960,0.5625,1586
POST00001921,14.666666666666666,30.0,576,1024,0.5625,440
POST00003290,14.833333333333334,30.0,576,1024,0.5625,445
POST00002967,10.133333333333333,30.0,576,1024,0.5625,304
POST00000896,11.966666666666667,60.0,576,1024,0.5625,718
POST00000720,13.2,30.0,576,1024,0.5625,396
POST00000624,29.366666666666667,30.0,576,1024,0.5625,881
POST00000418,19.35,60.0,576,1024,0.5625,1161
POST00000655,38.06666666666667,30.0,576,1024,0.5625,1142
POST00000747,16.1,30.0,576,1024,0.5625,483
POST00000858,27.433333333333334,30.0,576,1024,0.5625,823
POST00000179,56.333333333333336,30.0,576,1024,0.5625,1690
POST00000152,23.0,30.0,576,1024,0.5625,690
POST00000189,15.223556890223557,23.910312328767123,576,1024,0.5625,364
POST00000619,15.0,30.0,576,1024,0.5625,450
POST00001357,30.066666666666666,30.0,576,1024,0.5625,902
POST00003853,61.75,60.0,576,1024,0.5625,3705
POST00001857,14.166666666666666,30.0,576,1024,0.5625,425
POST00001339,6.389723056389723,59.94,576,1024,0.5625,383
POST00001141,15.015015015015015,29.97,576,1024,0.5625,450
POST00001295,21.866666666666667,30.0,576,1024,0.5625,656
POST00001249,20.766666666666666,30.0,576,1024,0.5625,623
POST00001225,139.33333333333334,30.0,576,1024,0.5625,4180
POST00003970,69.53333333333333,30.0,576,1024,0.5625,2086
POST00001443,9.433333333333334,30.0,576,1024,0.5625,283
POST00003851,9.966666666666667,30.0,576,1024,0.5625,299
POST00003913,8.266666666666667,30.0,576,1024,0.5625,248
POST00002914,31.933333333333334,30.0,576,1024,0.5625,958
POST00001397,13.033333333333333,30.0,576,1024,0.5625,391
POST00003500,14.962962962962964,27.0,576,1024,0.5625,404
POST00000862,9.0,28.77777777777778,576,1024,0.5625,259
POST00000751,25.033333333333335,30.0,576,768,0.75,751
POST00002988,224.86666666666667,29.9510821227394,576,1246,0.4622792937399679,6735
POST00001203,223.35,39.306021938661296,576,1024,0.5625,8779
POST00003289,143.86666666666667,30.0,576,768,0.75,4316
POST00003954,12.266666666666667,30.0,576,1024,0.5625,368
POST00003620,11.233333333333333,30.0,576,1024,0.5625,337
POST00002757,143.93333333333334,30.0,576,720,0.8,4318
POST00000728,18.433333333333334,30.0,576,1128,0.5106382978723404,553
POST00003849,8.575241908575242,29.97,576,1024,0.5625,257
POST00002746,25.366666666666667,30.0,576,720,0.8,761
POST00003337,28.933333333333334,30.0,576,1024,0.5625,868
POST00003203,67.25,59.82156133828996,576,1024,0.5625,4023
POST00003248,39.7,30.0,576,1024,0.5625,1191
POST00003242,57.166666666666664,29.91253644314869,576,1024,0.5625,1710
POST00003185,36.72,25.0,576,1024,0.5625,918
POST00002995,57.43333333333333,30.0,576,1024,0.5625,1723
POST00000628,38.266666666666666,30.0,576,1024,0.5625,1148
POST00003055,38.13333333333333,30.07867132867133,576,1024,0.5625,1147
POST00003898,7.633333333333334,30.0,576,1024,0.5625,229
POST00001064,7.7,30.0,576,1024,0.5625,231
POST00001283,8.766666666666667,30.0,576,1248,0.46153846153846156,263
POST00002222,19.333333333333332,30.0,576,1024,0.5625,580
POST00002420,10.7,60.0,576,1024,0.5625,642
POST00001031,24.066666666666666,30.0,576,1024,0.5625,722
POST00000987,14.783333333333333,60.0,576,1024,0.5625,887
POST00001334,32.4,30.0,576,1024,0.5625,972
POST00001558,44.3,30.0,576,1024,0.5625,1329
POST00001517,29.05,60.0,576,1024,0.5625,1743
POST00000900,20.566666666666666,30.0,576,1024,0.5625,617
POST00003023,174.53333333333333,30.0,576,1024,0.5625,5236
POST00001582,40.0,30.0,576,1024,0.5625,1200
POST00003992,59.56666666666667,30.0,576,1024,0.5625,1787
POST00003593,94.56666666666666,29.915403595347197,576,1024,0.5625,2829
POST00002368,148.7,29.952925353059854,576,1024,0.5625,4454
POST00000610,19.6,30.0,576,1024,0.5625,588
POST00002292,18.633333333333333,30.0,576,604,0.9536423841059603,559
POST00001986,51.96666666666667,30.0,576,1024,0.5625,1559
POST00001570,8.633333333333333,60.0,576,1024,0.5625,518
POST00001352,30.266666666666666,30.0,576,1024,0.5625,908
POST00002435,9.966666666666667,30.0,576,1024,0.5625,299
POST00002430,9.966666666666667,30.0,576,1024,0.5625,299
POST00002442,9.966666666666667,30.0,576,1024,0.5625,299
POST00003999,129.43333333333334,30.0,576,1024,0.5625,3883
POST00001039,14.866666666666667,30.269058295964125,576,1024,0.5625,450
POST00002975,27.666666666666668,30.0,576,1024,0.5625,830
POST00003344,19.366666666666667,30.0,576,1024,0.5625,581
POST00001053,15.0,1.0,576,1022,0.5636007827788649,15
POST00001854,10.6,30.0,576,1024,0.5625,318
POST00001636,57.833333333333336,30.0,576,1024,0.5625,1735
POST00002020,16.233333333333334,56.05749486652977,576,1024,0.5625,910
POST00003758,12.433333333333334,30.0,576,1024,0.5625,373
POST00002850,33.766666666666666,30.0,576,1026,0.5614035087719298,1013
POST00002877,40.0,30.0,576,1024,0.5625,1200
POST00001217,38.7,30.0,576,1024,0.5625,1161
POST00003147,7.233333333333333,60.0,576,1024,0.5625,434
POST00001431,9.5,30.0,576,1024,0.5625,285
POST00001637,48.13333333333333,30.0,576,1024,0.5625,1444
POST00001505,6.8,50.0,576,1024,0.5625,340
POST00002179,43.4,30.0,576,1024,0.5625,1302
POST00003401,8.966666666666667,28.99628252788104,576,1024,0.5625,260
POST00003845,12.8,30.0,576,1024,0.5625,384
POST00000710,11.166666666666666,30.0,576,1024,0.5625,335
POST00001756,36.8,30.0,576,1024,0.5625,1104
POST00000892,31.066666666666666,60.0,576,1024,0.5625,1864
POST00001177,9.5,30.0,576,1024,0.5625,285
POST00002235,42.56666666666667,30.0,576,1024,0.5625,1277
POST00001641,60.766666666666666,30.0,576,1024,0.5625,1823
POST00001763,55.666666666666664,30.0,576,1024,0.5625,1670
POST00003582,18.4,30.0,576,1024,0.5625,552
POST00002119,72.86666666666666,30.0,576,1024,0.5625,2186
POST00002646,8.866666666666667,30.0,576,1024,0.5625,266
POST00000061,31.0,30.0,576,1024,0.5625,930
POST00002383,15.0,30.0,576,1024,0.5625,450
POST00000860,112.05,60.0,576,1024,0.5625,6723
POST00001990,13.533333333333333,30.0,576,1024,0.5625,406
POST00001730,11.066666666666666,60.0,576,1024,0.5625,664
POST00002306,25.233333333333334,30.0,576,1024,0.5625,757
POST00003702,124.3,30.0,576,1024,0.5625,3729
POST00001386,9.1,30.0,576,1024,0.5625,273
POST00002587,19.26926926926927,55.52883116883117,778,576,1.3506944444444444,1070
POST00002893,73.00633967300634,29.97,576,1024,0.5625,2188
POST00002467,11.066666666666666,30.0,576,1024,0.5625,332
POST00002455,24.190857524190857,23.976,576,1024,0.5625,580
POST00001768,7.841174507841174,24.231063829787235,576,1030,0.5592233009708738,190
POST00000191,43.35,37.80853517877739,576,1024,0.5625,1639
POST00001337,20.1,30.0,576,1024,0.5625,603
POST00001955,12.133333333333335,29.917582417582416,576,1024,0.5625,363
POST00000010,25.05,36.92614770459082,576,1024,0.5625,925
POST00001025,9.116666666666667,60.0,576,1024,0.5625,547
POST00002212,51.06666666666667,30.0,1108,544,2.036764705882353,1532
POST00000168,9.166666666666666,30.0,576,1024,0.5625,275
POST00003277,5.6,30.0,576,1024,0.5625,168
POST00002024,16.77975732860915,29.917,576,1024,0.5625,502
POST00002168,37.46666666666667,30.0,576,1024,0.5625,1124
POST00000859,18.01801801801802,23.976,576,1024,0.5625,432
POST00003077,39.43943943943944,59.94,576,972,0.5925925925925926,2364
POST00002257,48.0,30.0,576,1024,0.5625,1440
POST00000044,38.06666666666667,30.0,576,1024,0.5625,1142
POST00002986,112.0286953620287,23.976,576,1024,0.5625,2686
POST00002348,6.7,30.0,576,1024,0.5625,201
POST00002889,220.78745412078746,29.97,576,1024,0.5625,6617
POST00000295,83.3,30.0,576,1024,0.5625,2499
POST00001718,99.73333333333333,30.0,576,1024,0.5625,2992
POST00000944,30.066666666666666,30.0,576,1024,0.5625,902
POST00002017,15.933333333333334,30.0,576,1024,0.5625,478
POST00000422,59.833333333333336,30.0,1024,576,1.7777777777777777,1795
POST00000197,70.83333333333333,30.0,576,1024,0.5625,2125
POST00000382,15.1,29.867549668874172,540,960,0.5625,451
POST00003505,121.13333333333334,30.0,576,1024,0.5625,3634
POST00002034,59.96666666666667,30.0,576,1024,0.5625,1799
POST00002558,47.8,30.0,576,1024,0.5625,1434
POST00003235,29.533333333333335,30.0,576,1024,0.5625,886
POST00000606,30.016666666666666,60.0,544,960,0.5666666666666667,1801
POST00000115,20.233333333333334,30.0,576,1024,0.5625,607
POST00003803,30.133333333333333,30.0,576,1024,0.5625,904
POST00001896,40.790790790790794,23.976,576,1024,0.5625,978
POST00002922,23.533333333333335,30.0,576,898,0.6414253897550112,706
POST00003940,101.56666666666666,30.0,576,1024,0.5625,3047
POST00003646,28.3,30.0,576,1016,0.5669291338582677,849
POST00001193,5.466666666666667,30.0,576,1024,0.5625,164
POST00002864,5.233333333333333,30.0,576,1024,0.5625,157
POST00000486,9.476142809476142,29.97,576,1024,0.5625,284
POST00003202,22.25,43.46067415730337,576,1024,0.5625,967
POST00002256,8.166666666666666,30.0,576,1024,0.5625,245
POST00003209,64.75,60.0,576,1024,0.5625,3885
POST00001795,11.933333333333334,30.0,576,1024,0.5625,358
POST00000411,15.133333333333333,30.0,576,1024,0.5625,454
POST00001886,10.401386851580211,29.996,576,1024,0.5625,312
POST00000754,24.541207874541207,59.57326988443236,576,1024,0.5625,1462
POST00002802,34.9,60.0,576,1024,0.5625,2094
POST00003052,54.199999999999996,28.837638376383765,576,1024,0.5625,1563
POST00001616,15.0,30.0,576,1024,0.5625,450
POST00003996,19.352686019352685,29.97,576,1024,0.5625,580
POST00002285,32.2,30.0,576,1024,0.5625,966
POST00002497,65.06666666666668,29.73872950819672,576,1024,0.5625,1935
POST00003263,32.166666666666664,29.875647668393782,576,1024,0.5625,961
POST00002509,25.6,60.0,576,1024,0.5625,1536
POST00000511,30.833333333333332,30.0,576,1024,0.5625,925
POST00000840,54.3,30.0,576,1024,0.5625,1629
POST00003051,9.444444444444445,27.0,576,1024,0.5625,255
POST00002624,69.96022328442022,29.917,576,1024,0.5625,2093
POST00003261,29.066666666666666,30.0,576,1024,0.5625,872
POST00004000,15.066666666666666,30.0,576,1024,0.5625,452
POST00003198,15.066666666666666,60.0,576,1024,0.5625,904
POST00001122,9.5,30.0,576,1024,0.5625,285
POST00000884,41.13333333333333,29.975688816855754,576,1024,0.5625,1233
POST00001304,105.93333333333334,30.0,576,768,0.75,3178
POST00000594,37.49582916249583,23.976,576,1024,0.5625,899
POST00000097,24.466666666666665,30.0,1024,576,1.7777777777777777,734
POST00003627,109.10910910910911,23.976,576,1024,0.5625,2616
POST00000085,57.1,30.0,576,1024,0.5625,1713
POST00001092,9.233333333333333,30.0,576,1024,0.5625,277
POST00001711,89.98333333333333,29.694387849601778,576,1024,0.5625,2672
POST00003322,54.833333333333336,30.0,576,1024,0.5625,1645
POST00001680,17.733333333333334,30.0,576,1024,0.5625,532
POST00002820,29.933333333333334,30.0,576,1024,0.5625,898
POST00003273,73.08822937220634,24.833,576,1024,0.5625,1815
POST00000244,53.7,30.0,576,1024,0.5625,1611
POST00001781,6.1,30.0,576,1024,0.5625,183
POST00000938,8.8,30.0,576,1024,0.5625,264
POST00000615,46.5,30.0,576,1246,0.4622792937399679,1395
POST00003777,11.233333333333333,30.0,576,768,0.75,337
POST00003426,18.933333333333334,30.0,576,1024,0.5625,568
POST00002931,42.86666666666667,29.883359253499222,576,1024,0.5625,1281
POST00000034,145.4,30.0,540,1002,0.5389221556886228,4362
POST00002918,17.4,30.0,576,1024,0.5625,522
POST00000952,15.033333333333333,30.0,576,1024,0.5625,451
POST00000171,15.115115115115115,29.97,540,960,0.5625,453
POST00002695,26.066666666666666,30.0,576,1024,0.5625,782
POST00000159,18.583333333333332,60.0,960,540,1.7777777777777777,1115
POST00000194,11.9,18.823529411764707,540,960,0.5625,224
POST00003458,67.33333333333333,30.0,576,1024,0.5625,2020
POST00000929,9.183333333333334,30.490018148820326,576,1024,0.5625,280
POST00003648,42.37570904237571,23.976,576,1024,0.5625,1016
POST00001838,77.01034367701034,29.97,576,1024,0.5625,2308
POST00003957,15.815815815815817,29.97,576,1024,0.5625,474
POST00000734,18.5,38.54054054054054,576,1024,0.5625,713
POST00001331,32.166666666666664,30.0,576,1024,0.5625,965
POST00003312,33.1,30.0,576,1246,0.4622792937399679,993
POST00003156,10.266666666666667,30.0,576,1024,0.5625,308
POST00001019,13.9,30.0,576,1024,0.5625,417
POST00001594,29.2,30.0,576,1024,0.5625,876
POST00001377,20.2,30.0,576,1024,0.5625,606
POST00000562,13.913913913913914,29.97,576,1024,0.5625,417
POST00001589,12.866666666666667,30.0,576,1024,0.5625,386
POST00001023,15.1,29.867549668874172,576,1024,0.5625,451
POST00001973,30.533333333333335,30.0,576,1024,0.5625,916
POST00001581,32.0653987320654,29.97,576,1024,0.5625,961
POST00000586,7.583333333333333,33.89010989010989,576,1024,0.5625,257
POST00001893,41.4,30.0,576,1024,0.5625,1242
POST00000173,8.733333333333333,30.0,576,1034,0.5570599613152805,262
POST00001394,42.266666666666666,30.0,576,1024,0.5625,1268
POST00002093,33.46666666666667,30.0,576,1024,0.5625,1004
POST00001427,10.343677010343677,23.976,576,1024,0.5625,248
POST00003544,71.40473807140474,29.97,576,1024,0.5625,2140
POST00003836,16.033333333333335,30.0,576,1024,0.5625,481
POST00001466,143.26666666666668,30.0,576,1024,0.5625,4298
POST00000810,7.991324657991325,59.94,576,1024,0.5625,479
POST00003959,9.266666666666667,30.0,576,1024,0.5625,278
POST00003920,22.9,30.0,576,1024,0.5625,687
POST00000276,9.466666666666667,30.0,576,1024,0.5625,284
POST00003191,57.900000000000006,53.747841105354055,576,1024,0.5625,3112
POST00003484,11.866666666666667,30.0,576,1024,0.5625,356
POST00002211,34.7,30.0,576,1024,0.5625,1041
POST00002807,7.666666666666667,30.0,576,1024,0.5625,230
POST00000618,9.516666666666667,60.0,576,1024,0.5625,571
POST00003403,12.866666666666667,30.0,576,1024,0.5625,386
POST00003064,13.133333333333333,30.0,576,1024,0.5625,394
POST00003670,47.233333333333334,29.894142554693012,576,1024,0.5625,1412
POST00003262,43.48717948717948,35.895636792452834,576,1024,0.5625,1561
POST00001947,9.516666666666667,60.0,576,1024,0.5625,571
POST00003399,81.5,30.0,576,1024,0.5625,2445
POST00001573,9.9,30.0,576,1024,0.5625,297
POST00003537,69.1,30.0,576,1024,0.5625,2073
POST00000124,8.0,30.0,576,1024,0.5625,240
POST00000604,9.88,25.0,576,1024,0.5625,247
POST00001166,5.1,30.0,576,1122,0.5133689839572193,153
POST00000286,5.466666666666667,30.0,576,1024,0.5625,164
POST00003539,17.433333333333334,29.88527724665392,576,1024,0.5625,521
POST00000581,9.233333333333333,30.0,576,1024,0.5625,277
POST00000515,51.317984651317985,29.97,576,1024,0.5625,1538
POST00002540,93.96666666666667,30.0,576,1024,0.5625,2819
POST00001480,16.48314981648315,29.97,576,1024,0.5625,494
POST00001454,30.566666666666666,30.0,576,1024,0.5625,917
POST00001282,15.715715715715715,29.97,576,1024,0.5625,471
POST00002822,51.38471805138472,59.94,576,1024,0.5625,3080
POST00002869,33.85,60.0,576,1024,0.5625,2031
POST00002734,20.766666666666666,30.0,576,1024,0.5625,623
POST00003394,92.4,60.0,576,1024,0.5625,5544
POST00000497,10.0,30.0,1272,720,1.7666666666666666,300
POST00001820,7.1,30.0,576,1024,0.5625,213
POST00000690,25.03333333333333,29.96005326231691,576,1024,0.5625,750
POST00000503,18.233333333333334,30.0,576,1024,0.5625,547
POST00002658,16.4,25.0,576,1024,0.5625,410
POST00000362,12.2,10.0,576,1024,0.5625,122
POST00003095,59.833333333333336,30.0,576,1024,0.5625,1795
POST00000211,179.3,27.518126045733407,576,1246,0.4622792937399679,4934
POST00002846,10.6,30.0,576,1024,0.5625,318
POST00000424,58.03333333333333,30.0,576,1024,0.5625,1741
POST00001942,126.06666666666668,29.97620306716023,576,1024,0.5625,3779
POST00002190,12.433333333333334,30.0,576,1024,0.5625,373
POST00000922,43.2,30.0,576,1024,0.5625,1296
POST00001760,70.77077077077077,29.97,576,1024,0.5625,2121
POST00002980,7.033333333333333,29.85781990521327,576,1024,0.5625,210
POST00000368,55.86666666666667,30.0,576,1024,0.5625,1676
POST00001907,56.5,29.98230088495575,576,1280,0.45,1694
POST00000907,6.1,30.0,576,1024,0.5625,183
POST00003533,13.3,30.0,576,1024,0.5625,399
POST00002415,8.133333333333333,30.24590163934426,576,1024,0.5625,246
POST00002566,15.733333333333333,30.0,576,1024,0.5625,472
POST00001402,60.51885218551885,23.976,576,1024,0.5625,1451
POST00003546,9.7,29.896907216494846,576,1024,0.5625,290
POST00003767,7.866666666666666,30.0,576,1024,0.5625,236
POST00001320,13.733333333333333,30.0,576,1024,0.5625,412
POST00003047,17.625,24.0,576,1024,0.5625,423
POST00000760,13.947280613947282,29.97,576,1024,0.5625,418
POST00000815,20.82082082082082,29.97,576,922,0.6247288503253796,624
POST00000375,21.866666666666667,60.0,576,1024,0.5625,1312
POST00000761,12.212212212212213,29.97,576,1024,0.5625,366
POST00002227,30.933333333333334,29.967672413793103,576,1024,0.5625,927
POST00003176,52.9,30.0,576,1024,0.5625,1587
POST00000088,21.466666666666665,30.0,576,1024,0.5625,644
POST00002213,33.733333333333334,30.0,576,1024,0.5625,1012
POST00002974,31.9652986319653,29.97,576,1024,0.5625,958
POST00002039,29.346012679346014,59.94,576,1024,0.5625,1759
POST00002369,58.39172505839173,23.976,576,1024,0.5625,1400
POST00001062,40.16516516516516,23.976,576,1024,0.5625,963
POST00002977,59.68,25.0,576,1024,0.5625,1492
POST00002968,58.16666666666667,30.67048710601719,576,1024,0.5625,1784
POST00000496,77.36666666666666,30.0,576,1024,0.5625,2321
POST00003017,190.70000000000002,29.994756161510225,576,1024,0.5625,5720
POST00002343,45.7,30.0,576,1024,0.5625,1371
POST00003342,88.3,30.0,576,1024,0.5625,2649
POST00001651,143.13333333333333,29.979040521658128,576,1024,0.5625,4291
POST00002993,13.346680013346681,23.976,576,1024,0.5625,320
POST00001902,59.21666666666667,30.227976358007318,576,1024,0.5625,1790
POST00002396,123.5,30.0,576,1024,0.5625,3705
POST00003973,62.5,30.0,576,1024,0.5625,1875
POST00003807,216.53333333333333,30.0,576,1280,0.45,6496
POST00002880,12.566666666666666,30.0,576,1024,0.5625,377
POST00000732,11.745078411745078,29.97,576,1024,0.5625,352
POST00000264,36.63333333333333,30.0,576,1024,0.5625,1099
POST00001434,18.051384718051384,54.17866913123845,576,1024,0.5625,978
POST00003928,20.566666666666666,30.0,576,1024,0.5625,617
POST00001307,25.85,59.38104448742747,576,1024,0.5625,1535
POST00001924,46.95,60.0,576,1024,0.5625,2817
POST00003485,41.266666666666666,30.0,576,720,0.8,1238
POST00002165,14.466666666666667,30.0,576,1024,0.5625,434
POST00002484,15.0,30.0,576,1024,0.5625,450
POST00001979,14.966666666666667,30.0,576,1024,0.5625,449
POST00001659,8.966666666666667,30.0,576,1024,0.5625,269
POST00002551,89.6,30.0,576,1028,0.5603112840466926,2688
POST00002075,35.61895228561895,23.976,576,1024,0.5625,854
POST00000831,30.5,30.0,720,1280,0.5625,915
POST00003768,292.73333333333335,30.0,576,1024,0.5625,8782
POST00003192,6.966666666666667,30.0,576,1024,0.5625,209
POST00001748,9.2,30.0,576,1024,0.5625,276
POST00000002,52.36666666666667,30.0,576,1024,0.5625,1571
POST00001843,75.3,30.0,576,1024,0.5625,2259
POST00000634,93.43333333333334,30.0,720,1280,0.5625,2803
POST00003395,97.8978978978979,59.94,720,1278,0.5633802816901409,5868
POST00002960,35.53553553553554,29.97,576,1024,0.5625,1065
POST00000798,54.8,30.0,576,1024,0.5625,1644
POST00001270,31.2645979312646,29.97,576,1024,0.5625,937
POST00000578,26.933333333333334,30.0,576,1024,0.5625,808
POST00002303,38.13333333333333,30.0,576,1024,0.5625,1144
POST00002651,60.6,30.0,576,1024,0.5625,1818
POST00002322,26.666666666666668,30.0,576,1024,0.5625,800
POST00001972,7.333333333333333,30.0,576,1024,0.5625,220
POST00000680,6.6,30.0,576,1024,0.5625,198
POST00001883,11.0,24.0,576,1024,0.5625,264
POST00001995,24.866666666666667,28.672922252010725,576,1024,0.5625,713
POST00000829,22.633333333333333,30.0,576,1024,0.5625,679
POST00000256,13.9,30.0,576,1024,0.5625,417
POST00000225,49.5,30.0,576,1024,0.5625,1485
POST00002102,5.972639305972639,29.97,576,1024,0.5625,179
POST00000036,38.333333333333336,30.0,576,1024,0.5625,1150
POST00002588,18.952285618952285,29.97,576,1024,0.5625,568
POST00001910,41.233333333333334,30.0,576,1024,0.5625,1237
POST00001479,15.366666666666667,30.0,576,1024,0.5625,461
POST00001497,53.7,30.0,576,1024,0.5625,1611
POST00003449,138.00467133800467,29.97,576,1050,0.5485714285714286,4136
POST00001392,5.066666666666666,30.0,576,1024,0.5625,152
POST00003866,30.833333333333332,30.0,576,1024,0.5625,925
POST00002176,19.7,30.0,576,1024,0.5625,591
POST00000768,19.066666666666666,30.0,576,1024,0.5625,572
POST00003815,11.466666666666667,30.0,576,1022,0.5636007827788649,344
POST00000833,9.7,30.0,576,1024,0.5625,291
POST00000698,41.63333333333333,30.0,576,1024,0.5625,1249
POST00003134,20.5,30.0,576,1024,0.5625,615
POST00000905,51.051051051051054,29.97,576,1024,0.5625,1530
POST00000752,74.85,41.02872411489646,576,1024,0.5625,3071
POST00000911,31.016666666666666,60.0,576,1024,0.5625,1861
POST00000903,10.933333333333334,60.0,576,1024,0.5625,656
POST00000791,57.3,30.0,720,1280,0.5625,1719
POST00002887,24.3,30.0,576,1024,0.5625,729
POST00000842,15.433333333333334,30.0,576,1024,0.5625,463
POST00000808,60.46666666666667,30.0,576,1024,0.5625,1814
POST00000904,61.03333333333333,30.0,576,1024,0.5625,1831
POST00000806,8.433333333333334,30.0,576,1018,0.5658153241650294,253
POST00000769,12.233333333333333,30.0,576,1024,0.5625,367
POST00000897,168.4,30.0,576,1024,0.5625,5052
POST00000834,15.383333333333335,50.24918743228602,576,1024,0.5625,773
POST00000596,48.61666666666667,60.0,576,1024,0.5625,2917
POST00001037,31.2645979312646,29.97,576,1024,0.5625,937
POST00000812,60.0,60.0,576,1024,0.5625,3600
POST00003506,10.266666666666667,30.0,576,1024,0.5625,308
POST00002371,38.6,30.0,576,1024,0.5625,1158
POST00000419,25.0,30.0,576,1024,0.5625,750
POST00000474,58.56666666666667,30.0,576,1024,0.5625,1757
POST00003933,89.83333333333334,29.97773654916512,576,1024,0.5625,2693
POST00000266,14.433333333333334,30.0,576,1024,0.5625,433
POST00000045,67.1,30.0,576,1024,0.5625,2013
POST00000050,7.833333333333333,30.0,576,1024,0.5625,235
POST00000961,18.4,30.0,576,1024,0.5625,552
POST00001731,29.533333333333335,30.0,576,1024,0.5625,886
POST00001380,6.2,60.0,576,1024,0.5625,372
POST00000229,4.433333333333334,30.0,576,1024,0.5625,133
POST00000855,120.6,30.0,576,1024,0.5625,3618
POST00000077,28.695362028695364,29.97,576,1024,0.5625,860
POST00003590,112.03333333333333,30.0,576,1024,0.5625,3361
POST00003879,54.03333333333333,30.0,576,1024,0.5625,1621
POST00003280,12.133333333333333,30.0,576,1024,0.5625,364
POST00000218,64.44067796610169,59.0,576,1024,0.5625,3802
POST00001963,87.66666666666667,29.96577946768061,576,1024,0.5625,2627
POST00002691,160.73333333333332,30.0,576,1024,0.5625,4822
POST00003437,13.7,30.0,576,1024,0.5625,411
POST00002761,15.033333333333333,30.0,576,1024,0.5625,451
POST00002223,27.0,30.0,576,1024,0.5625,810
POST00002849,76.73333333333333,30.0,576,1024,0.5625,2302
POST00001099,13.966666666666667,30.0,576,1024,0.5625,419
POST00002375,96.93026359693027,29.97,576,1024,0.5625,2905
POST00003510,20.266666666666666,30.0,576,1024,0.5625,608
POST00003876,52.13333333333333,30.0,576,1024,0.5625,1564
POST00000502,23.1,30.0,540,960,0.5625,693
POST00003440,75.125,24.0,576,1024,0.5625,1803
POST00002287,25.966666666666665,29.15275994865212,576,1024,0.5625,757
POST00000279,30.597263930597265,29.97,576,1024,0.5625,917
POST00000117,47.13333333333333,30.0,540,960,0.5625,1414
POST00001624,11.866666666666667,30.0,576,1022,0.5636007827788649,356
POST00003778,10.366666666666667,30.0,576,1024,0.5625,311
POST00001812,58.7,30.0,576,1024,0.5625,1761
POST00003714,26.533333333333335,30.0,576,1024,0.5625,796
POST00003731,73.66666666666667,30.0,576,1024,0.5625,2210
POST00003572,18.6,30.0,576,1024,0.5625,558
POST00001274,12.733333333333333,30.0,576,1024,0.5625,382
POST00003847,60.0,30.0,576,1024,0.5625,1800
POST00001475,8.2,30.0,576,1024,0.5625,246
POST00001028,42.9,30.0,576,1024,0.5625,1287
POST00000456,36.63333333333333,30.0,576,1024,0.5625,1099
POST00001592,49.06666666666667,30.0,576,1024,0.5625,1472
POST00002163,110.8,30.0,576,1024,0.5625,3324
POST00000885,10.15,60.0,576,1024,0.5625,609
POST00002350,12.033333333333333,30.0,576,1024,0.5625,361
POST00000127,41.4,30.0,576,1024,0.5625,1242
POST00000898,9.3,60.0,576,1024,0.5625,558
POST00001269,15.533333333333333,30.0,576,1024,0.5625,466
POST00002564,117.8,60.0,576,1024,0.5625,7068
POST00001595,144.21666666666667,59.902923841442274,576,1024,0.5625,8639
POST00000643,41.166666666666664,30.0,576,1024,0.5625,1235
POST00000018,9.533333333333333,30.0,576,1024,0.5625,286
POST00000212,15.033333333333333,30.0,576,1024,0.5625,451
POST00002586,58.06666666666667,30.0,576,1024,0.5625,1742
POST00001231,77.13333333333334,30.0,576,1024,0.5625,2314
POST00000850,54.0,30.0,576,1024,0.5625,1620
POST00003161,48.5,23.917525773195877,576,1022,0.5636007827788649,1160
POST00002130,50.11666666666667,30.109743930828067,576,1024,0.5625,1509
POST00003697,46.96666666666667,30.0,576,1024,0.5625,1409
POST00002346,43.333333333333336,30.0,576,1024,0.5625,1300
POST00000130,15.0,30.0,540,960,0.5625,450
POST00002405,48.46513179846513,57.15449225473322,576,1022,0.5636007827788649,2770
POST00000679,43.833333333333336,30.0,576,1024,0.5625,1315
POST00000765,22.166666666666668,30.0,576,1024,0.5625,665
POST00001409,59.03333333333333,30.0,576,1024,0.5625,1771
POST00002263,29.966666666666665,30.0,576,1024,0.5625,899
POST00002776,15.066666666666666,29.93362831858407,576,1024,0.5625,451
POST00002730,6.433333333333334,30.0,576,1024,0.5625,193
POST00002798,37.7,30.0,576,1024,0.5625,1131
POST00002601,21.633333333333333,30.0,1024,576,1.7777777777777777,649
POST00002787,215.84918251584918,29.97,576,1024,0.5625,6469
POST00000079,138.46666666666667,30.0,576,1024,0.5625,4154
POST00002206,9.966666666666667,30.0,576,1024,0.5625,299
POST00000992,105.375,24.0,576,1024,0.5625,2529
POST00003527,45.666666666666664,30.0,576,576,1.0,1370
POST00003045,109.96,25.0,576,1024,0.5625,2749
POST00003666,47.9,30.0,576,1024,0.5625,1437
POST00001736,21.0,30.0,360,490,0.7346938775510204,630
POST00003332,15.666666666666668,29.80851063829787,576,1024,0.5625,467
POST00002728,5.483333333333333,60.0,576,1024,0.5625,329
POST00003060,5.133333333333334,30.0,576,1024,0.5625,154
POST00002809,13.133333333333335,26.80203045685279,576,1024,0.5625,352
POST00001268,8.022194738777284,29.293729166666665,576,1024,0.5625,235
POST00003404,27.366666666666667,30.0,576,1024,0.5625,821
POST00002597,28.466666666666665,29.75409836065574,576,1024,0.5625,847
POST00000864,9.633333333333333,30.0,576,1024,0.5625,289
POST00002260,8.333333333333334,30.0,576,1024,0.5625,250
POST00000086,32.1654988321655,29.97,576,1024,0.5625,964
POST00001272,9.733333333333333,30.0,576,1024,0.5625,292
POST00003514,305.1666666666667,30.0,576,1024,0.5625,9155
POST00002312,8.0,30.0,576,1024,0.5625,240
POST00002397,13.513513513513514,29.97,576,1024,0.5625,405
POST00003523,18.366666666666667,30.0,576,1024,0.5625,551
POST00000804,60.21052631578948,35.92395104895105,576,1024,0.5625,2163
POST00000648,60.0266933600267,29.97,576,1024,0.5625,1799
POST00003576,49.5,30.0,576,1024,0.5625,1485
POST00002280,7.766666666666667,30.0,576,1024,0.5625,233
POST00003082,26.933333333333334,29.925742574257427,576,1024,0.5625,806
POST00002886,9.266666666666667,30.0,576,1024,0.5625,278
POST00000267,23.590256923590257,59.94,576,1024,0.5625,1414
POST00001747,18.6,30.0,576,1024,0.5625,558
POST00003234,6.433333333333334,30.0,576,1024,0.5625,193
POST00003650,29.833333333333332,30.0,576,1024,0.5625,895
POST00001197,17.433333333333334,30.0,576,1024,0.5625,523
POST00001198,24.0,30.0,576,1024,0.5625,720
POST00003028,45.8,29.890829694323145,576,1024,0.5625,1369
POST00002174,67.41666666666667,24.0,576,1024,0.5625,1618
POST00002446,29.9,30.0,576,1024,0.5625,897
POST00002706,60.4,30.0,576,1024,0.5625,1812
POST00003745,57.93333333333333,30.0,576,1024,0.5625,1738
POST00000705,8.166666666666666,30.0,576,1024,0.5625,245
POST00000356,219.63333333333333,30.0,576,1024,0.5625,6589
POST00001774,99.2,50.0,576,1024,0.5625,4960
POST00001414,16.233333333333334,60.0,576,1024,0.5625,974
POST00000380,89.13333333333334,30.0,540,960,0.5625,2674
POST00001015,52.0,60.0,576,1024,0.5625,3120
POST00003773,42.96666666666667,30.0,576,1024,0.5625,1289
POST00000372,9.133333333333333,30.0,576,1024,0.5625,274
POST00001547,22.416666666666668,60.0,576,1024,0.5625,1345
POST00001017,6.55,60.0,576,1024,0.5625,393
POST00001568,50.833333333333336,29.96065573770492,576,1024,0.5625,1523
POST00003642,268.23333333333335,30.0,576,1024,0.5625,8047
POST00002196,178.26666666666668,30.0,576,1024,0.5625,5348
POST00001526,600.0,30.0,1024,576,1.7777777777777777,18000
POST00001305,121.1,30.0,576,1024,0.5625,3633
POST00000281,29.44,25.0,576,1024,0.5625,736
POST00000343,27.366666666666667,30.0,576,1024,0.5625,821
POST00000065,15.066666666666666,30.0,576,1024,0.5625,452
POST00002133,6.35,31.811023622047244,576,1024,0.5625,202
POST00000814,9.666666666666666,30.0,576,1024,0.5625,290
POST00000982,7.966666666666667,30.0,576,1010,0.5702970297029702,239
POST00000425,15.033333333333333,30.0,576,1024,0.5625,451
POST00002679,11.5,30.0,576,1024,0.5625,345
POST00001875,7.4,60.0,576,1024,0.5625,444
POST00002868,38.96666666666667,30.0,576,1024,0.5625,1169
POST00001369,83.16,25.0,576,1024,0.5625,2079
POST00002379,248.1,30.0,576,1024,0.5625,7443
POST00002851,7.841174507841175,29.97,576,1024,0.5625,235
POST00001159,25.066666666666666,30.0,1024,576,1.7777777777777777,752
POST00002843,8.833333333333334,30.0,576,1024,0.5625,265
POST00003717,220.3,30.0,576,1024,0.5625,6609
POST00003451,41.24958291624959,23.976,576,1024,0.5625,989
POST00003231,72.13333333333334,30.0,576,1024,0.5625,2164
POST00001134,29.466666666666665,30.0,576,1024,0.5625,884
POST00002217,31.4647981314648,29.97,576,1024,0.5625,943
POST00000644,13.380046713380047,29.97,576,1024,0.5625,401
POST00000893,7.2,30.0,576,1024,0.5625,216
POST00002143,58.99232565899233,29.97,576,1024,0.5625,1768
POST00000881,13.046379713046381,29.97,576,1024,0.5625,391
POST00002701,7.633333333333334,30.0,576,1024,0.5625,229
POST00002197,46.7,30.0,576,1024,0.5625,1401
POST00000995,16.533333333333335,60.0,576,1024,0.5625,992
POST00001519,12.266666666666667,30.0,576,1024,0.5625,368
POST00003329,12.933333333333334,30.0,576,1024,0.5625,388
POST00003295,23.9,30.0,576,1024,0.5625,717
POST00000912,25.8,30.0,576,1024,0.5625,774
POST00002812,18.516666666666666,30.351035103510352,576,1024,0.5625,562
POST00001178,19.733333333333334,60.0,576,1024,0.5625,1184
POST00001316,20.0,30.0,480,852,0.5633802816901409,600
POST00001608,14.166666666666666,30.0,576,1024,0.5625,425
POST00000932,17.0,30.0,480,852,0.5633802816901409,510
POST00000819,19.533333333333335,30.0,576,1024,0.5625,586
POST00001825,7.333333333333333,30.0,576,1024,0.5625,220
POST00001390,15.033333333333333,30.0,576,1130,0.5097345132743363,451
POST00003789,9.333333333333334,30.0,576,1024,0.5625,280
POST00001411,20.366666666666667,30.0,576,1024,0.5625,611
POST00002138,35.06367617073904,29.917,576,1024,0.5625,1049
POST00002104,8.641975308641976,29.97,576,1022,0.5636007827788649,259
POST00000449,83.46666666666667,30.0,576,1024,0.5625,2504
POST00003282,18.4,30.0,576,1024,0.5625,552
POST00002528,16.766666666666666,30.0,576,1024,0.5625,503
POST00002952,11.666666666666666,30.0,576,1024,0.5625,350
POST00003066,44.7,30.380313199105146,576,1024,0.5625,1358
POST00000108,10.733333333333333,30.0,576,1024,0.5625,322
POST00001527,11.933333333333334,30.0,576,1024,0.5625,358
POST00003019,41.46666666666667,30.0,576,1024,0.5625,1244
POST00000764,71.2,30.0,576,1024,0.5625,2136
POST00000330,51.06666666666667,30.0,576,1024,0.5625,1532
POST00002681,64.4310977644311,29.97,576,1024,0.5625,1931
POST00000259,7.587659190426848,15.024396475770924,576,1024,0.5625,114
POST00001375,46.6,30.0,576,1024,0.5625,1398
POST00003716,15.933333333333334,30.0,576,1024,0.5625,478
POST00000398,27.666666666666664,24.93975903614458,576,1024,0.5625,690
POST00002365,8.541875208541876,29.97,576,1024,0.5625,256
POST00000397,15.371031825661195,24.917,576,1024,0.5625,383
POST00000401,29.166666666666668,30.0,576,1024,0.5625,875
POST00003250,68.63333333333333,33.555123846527444,576,1024,0.5625,2303
POST00003423,59.03333333333333,29.94918125352908,576,1024,0.5625,1768
POST00002862,15.398732065398733,26.625568797399783,576,1024,0.5625,410
POST00001491,56.36666666666667,30.0,576,1024,0.5625,1691
POST00002203,32.3,30.0,576,1024,0.5625,969
POST00002534,20.5,29.804878048780488,576,1024,0.5625,611
POST00003038,166.73333333333332,59.8500599760096,576,1024,0.5625,9979
POST00003997,6.666666666666667,30.0,576,1024,0.5625,200
POST00002738,15.433333333333334,30.0,576,1024,0.5625,463
POST00002572,15.200000000000001,30.592105263157894,576,1024,0.5625,465
POST00003068,13.833333333333334,30.0,576,1024,0.5625,415
POST00002705,18.9,30.0,576,1024,0.5625,567
POST00003167,17.2,30.0,576,1024,0.5625,516
POST00002095,80.03333333333333,30.0,576,1024,0.5625,2401
POST00001864,9.3,30.0,576,1024,0.5625,279
POST00002966,24.366666666666667,30.0,576,1024,0.5625,731
POST00001926,15.366666666666665,29.934924078091107,576,1024,0.5625,460
POST00000774,43.733333333333334,30.0,576,1024,0.5625,1312
POST00002412,53.266666666666666,30.037546933667084,576,1024,0.5625,1600
POST00000091,36.53333333333333,30.0,576,1024,0.5625,1096
POST00003448,6.466666666666667,30.0,576,1024,0.5625,194
POST00002929,4.9,30.0,576,1024,0.5625,147
POST00001313,28.1,30.0,576,1024,0.5625,843
POST00002385,35.46666666666667,30.0,576,1024,0.5625,1064
POST00003883,39.233333333333334,29.97451146983857,576,1024,0.5625,1176
POST00002655,13.016666666666667,60.0,576,1024,0.5625,781
POST00002683,52.7,30.0,576,1024,0.5625,1581
POST00002501,29.666666666666668,30.0,576,1024,0.5625,890
POST00002092,21.566666666666666,27.913446676970633,576,1024,0.5625,602
POST00002316,28.933333333333334,30.0,576,1024,0.5625,868
POST00003335,7.866666666666666,30.0,576,1024,0.5625,236
POST00002663,5.905905905905906,30.64728813559322,576,1024,0.5625,181
POST00000870,120.96666666666667,30.0,576,1024,0.5625,3629
POST00001176,59.5,30.0,576,1024,0.5625,1785
POST00001609,132.61666666666667,60.0,576,1024,0.5625,7957
POST00001049,28.366666666666667,30.0,576,1024,0.5625,851
POST00000296,9.966666666666667,30.0,576,1024,0.5625,299
POST00000945,16.5,30.0,576,1024,0.5625,495
POST00003044,6.133333333333334,30.0,576,1024,0.5625,184
POST00002786,102.23333333333333,30.0,576,1024,0.5625,3067
POST00000727,24.32,25.0,576,1024,0.5625,608
POST00000160,15.933333333333334,30.0,576,1024,0.5625,478
POST00002939,30.366666666666667,30.0,576,1024,0.5625,911
POST00003911,18.233333333333334,30.0,576,1024,0.5625,547
POST00003469,177.43333333333334,29.994364080405788,576,1024,0.5625,5322
POST00002341,15.333333333333334,30.0,576,1024,0.5625,460
POST00002080,32.2,30.0,720,1280,0.5625,966
POST00002273,55.63333333333333,30.0,576,1024,0.5625,1669
POST00002218,21.5,30.511627906976745,576,1024,0.5625,656
POST00001703,16.433333333333334,28.356997971602436,576,1024,0.5625,466
POST00002195,48.31666666666666,30.072438771990342,576,1024,0.5625,1453
POST00000243,57.45,40.0,576,956,0.602510460251046,2298
POST00003852,12.5,30.0,576,1024,0.5625,375
POST00001556,183.93333333333334,29.92388546574846,576,1024,0.5625,5504
POST00003872,28.8,30.0,576,1024,0.5625,864
POST00001694,126.06666666666666,30.0,576,1024,0.5625,3782
POST00002123,140.9,30.0,576,1024,0.5625,4227
POST00002011,59.497944312598186,29.917,576,1024,0.5625,1780
POST00001790,58.266666666666666,30.0,576,1024,0.5625,1748
POST00002482,40.233333333333334,30.0,576,1024,0.5625,1207
POST00001417,178.1,30.0,576,1136,0.5070422535211268,5343
POST00003723,9.033333333333333,30.0,576,1024,0.5625,271
POST00001888,95.75,59.989556135770236,576,1024,0.5625,5744
POST00001599,76.5,30.0,576,1024,0.5625,2295
POST00001022,24.524524524524526,29.97,576,1024,0.5625,735
POST00000763,25.683333333333334,60.0,576,1024,0.5625,1541
POST00003144,165.91666666666666,29.99095931692617,576,1024,0.5625,4976
POST00003029,22.466666666666665,30.0,576,1024,0.5625,674
POST00003993,15.833333333333334,30.0,576,1024,0.5625,475
POST00000960,9.366666666666667,30.0,576,1024,0.5625,281
POST00002483,35.06666666666667,30.0,576,1024,0.5625,1052
POST00002366,45.333333333333336,29.669117647058822,576,1016,0.5669291338582677,1345
POST00002580,30.6,30.0,576,1024,0.5625,918
POST00002826,31.933333333333334,30.0,576,1024,0.5625,958
POST00001406,67.8,30.0,576,1024,0.5625,2034
POST00002973,55.833333333333336,29.982089552238804,576,1024,0.5625,1674
POST00001835,8.633333333333333,30.0,576,1024,0.5625,259
POST00003499,51.72,25.0,576,1024,0.5625,1293
POST00002719,30.433333333333334,30.0,576,1024,0.5625,913
POST00000748,7.333333333333333,30.0,576,1024,0.5625,220
POST00003241,5.849516997025103,29.917,576,1024,0.5625,175
POST00002883,6.4,30.0,576,1024,0.5625,192
POST00001827,26.733333333333334,30.0,576,1024,0.5625,802
POST00001250,19.366666666666667,60.0,576,1024,0.5625,1162
POST00001291,28.133333333333333,60.0,576,1024,0.5625,1688
POST00002638,32.06666666666667,30.0,576,1024,0.5625,962
POST00000023,7.040373707040374,29.97,576,1024,0.5625,211
POST00001588,44.5,29.59550561797753,576,1024,0.5625,1317
POST00003848,57.4,30.0,576,1024,0.5625,1722
POST00002171,45.547619047619044,41.6048092002091,576,1024,0.5625,1895
POST00003936,54.233333333333334,30.0,576,1024,0.5625,1627
POST00002148,15.033333333333333,30.0,576,1024,0.5625,451
POST00000506,6.166666666666667,30.0,576,1024,0.5625,185
POST00002648,15.366666666666667,30.0,576,1024,0.5625,461
POST00002053,26.933333333333334,30.0,576,1024,0.5625,808
POST00001488,279.76666666666665,30.0,576,1024,0.5625,8393
POST00003683,35.46666666666667,30.0,576,1024,0.5625,1064
POST00000851,15.2,30.0,576,1024,0.5625,456
POST00003117,47.564929638666975,29.917,576,1024,0.5625,1423
POST00001870,38.53333333333333,30.0,576,1024,0.5625,1156
POST00003690,14.566666666666666,30.0,576,1024,0.5625,437
POST00001441,56.766666666666666,60.0,576,1024,0.5625,3406
POST00002389,20.033333333333335,30.0,576,1024,0.5625,601
POST00002087,98.03333333333333,57.90887453247195,576,1024,0.5625,5677
POST00001442,42.1,30.0,576,1024,0.5625,1263
POST00002735,43.38461538461539,32.5,576,908,0.6343612334801763,1410
POST00002750,17.433333333333334,30.0,576,1024,0.5625,523
POST00001602,46.0,30.0,576,1024,0.5625,1380
POST00002771,39.88333333333333,60.0,576,1024,0.5625,2393
POST00002872,23.95729062395729,29.97,576,1024,0.5625,718
POST00002863,37.18333333333333,51.20573733751681,576,1024,0.5625,1904
POST00002874,19.566666666666666,30.0,576,1024,0.5625,587
POST00002503,41.833333333333336,30.0,576,1024,0.5625,1255
POST00002188,87.46666666666667,30.0,576,1024,0.5625,2624
POST00002532,35.958333333333336,24.0,576,1024,0.5625,863
POST00003011,60.5,59.37190082644628,576,1024,0.5625,3592
POST00001757,15.065065065065065,59.94,576,1024,0.5625,903
POST00002388,12.2,30.0,576,1024,0.5625,366
POST00002049,16.61262827155129,29.917,576,1024,0.5625,497
POST00002302,24.233333333333334,30.0,576,1024,0.5625,727
POST00001929,15.0,30.0,576,1024,0.5625,450
POST00001753,59.1,30.0,576,1024,0.5625,1773
POST00000453,15.6,30.0,576,1024,0.5625,468
POST00001553,6.433333333333334,29.067357512953368,576,1024,0.5625,187
POST00001577,15.015015015015015,29.97,576,1024,0.5625,450
POST00001686,45.6,30.0,576,576,1.0,1368
POST00000006,55.9,30.0,576,1024,0.5625,1677
POST00000973,13.133333333333333,30.0,576,1024,0.5625,394
POST00000741,18.866666666666667,30.0,576,1024,0.5625,566
POST00001847,14.8,30.0,576,1024,0.5625,444
POST00003895,91.96666666666667,30.0,576,1024,0.5625,2759
POST00003944,39.93333333333333,30.0,576,1024,0.5625,1198
POST00003912,8.6,30.0,576,1024,0.5625,258
POST00003360,20.566666666666666,30.0,576,1024,0.5625,617
POST00000670,57.86666666666667,30.0,576,1024,0.5625,1736
POST00003703,16.633333333333333,30.0,576,1024,0.5625,499
POST00003672,11.533333333333333,30.0,576,1024,0.5625,346
POST00000867,5.839172505839173,29.97,576,1024,0.5625,175
POST00003783,8.842175508842177,29.97,576,1024,0.5625,265
POST00003661,18.1,30.0,576,1024,0.5625,543
POST00003067,84.84444444444445,45.0,576,1024,0.5625,3818
POST00000697,41.766666666666666,30.0,576,1026,0.5614035087719298,1253
POST00003416,12.166666666666666,30.0,576,1024,0.5625,365
POST00003689,16.249582916249583,29.97,576,1024,0.5625,487
POST00003353,11.133333333333333,30.0,576,1024,0.5625,334
POST00003986,7.8,30.0,576,1026,0.5614035087719298,234
POST00002321,55.733333333333334,38.52272727272727,576,1024,0.5625,2147
POST00001234,5.066666666666666,30.0,576,1024,0.5625,152
POST00002084,75.6,30.0,576,1024,0.5625,2268
POST00003885,17.766666666666666,30.0,576,1024,0.5625,533
POST00002452,83.46666666666667,30.0,576,764,0.7539267015706806,2504
POST00003681,59.8,30.0,576,1024,0.5625,1794
POST00001639,7.8,30.0,576,1024,0.5625,234
POST00002338,23.333333333333336,29.4,576,1024,0.5625,686
POST00001965,10.52,25.0,576,1024,0.5625,263
POST00003048,25.370190861383158,29.917,576,1024,0.5625,759
POST00000504,59.11864406779661,59.0,576,1024,0.5625,3488
POST00001988,59.733333333333334,30.0,576,1024,0.5625,1792
POST00002120,12.433333333333334,30.0,588,576,1.0208333333333333,373
POST00001473,12.2,30.0,576,1024,0.5625,366
POST00001531,8.5,30.0,576,1280,0.45,255
POST00001173,6.733333333333333,30.0,576,1024,0.5625,202
POST00001180,16.866666666666667,30.0,576,1024,0.5625,506
POST00000625,15.133333333333333,30.0,576,1024,0.5625,454
POST00001207,11.9,30.0,576,864,0.6666666666666666,357
POST00002641,7.433333333333334,30.0,576,1024,0.5625,223
POST00000668,6.233333333333333,30.0,576,1024,0.5625,187
POST00001366,51.166666666666664,30.0,576,1024,0.5625,1535
POST00001423,59.833333333333336,30.0,576,1024,0.5625,1795
POST00002059,30.133333333333333,29.800884955752213,576,1024,0.5625,898
POST00001563,13.05,30.114942528735632,576,1024,0.5625,393
POST00002210,20.75,60.0,576,1024,0.5625,1245
POST00001292,140.46666666666667,30.0,576,1024,0.5625,4214
POST00003881,35.49382716049383,23.976,576,1024,0.5625,851
POST00002486,30.266666666666666,30.297356828193834,576,1024,0.5625,917
POST00003356,15.0,30.0,576,1024,0.5625,450
POST00000699,21.666666666666668,30.0,576,1024,0.5625,650
POST00000726,59.46666666666667,30.0,576,1024,0.5625,1784
POST00000724,32.599265932599266,29.97,576,1024,0.5625,977
POST00000687,26.85,51.09869646182495,576,1024,0.5625,1372
POST00000647,29.35,30.255536626916523,576,1024,0.5625,888
POST00000685,6.1,30.0,576,1024,0.5625,183
POST00000649,36.233333333333334,30.0,576,1024,0.5625,1087
POST00000693,6.5,60.0,576,1024,0.5625,390
POST00000783,21.8,30.0,576,1024,0.5625,654
POST00000775,50.984317650984316,29.97,576,1024,0.5625,1528
POST00000876,39.57290623957291,29.97,576,1024,0.5625,1186
POST00000901,18.666666666666668,30.0,576,1024,0.5625,560
POST00000821,59.1,30.0,576,1024,0.5625,1773
POST00000889,20.016666666666666,30.374687760199834,576,1024,0.5625,608
POST00000750,20.05338672005339,29.97,576,1024,0.5625,601
POST00000688,31.9,30.0,576,1024,0.5625,957
POST00000722,31.197864531197865,29.97,576,1024,0.5625,935
POST00000735,102.8,30.0,576,1024,0.5625,3084
POST00003162,13.406779661016948,58.62705436156764,576,1024,0.5625,786
POST00000733,16.0,26.375,576,1024,0.5625,422
POST00003809,15.733333333333333,30.0,576,1024,0.5625,472
POST00003968,57.0,30.0,576,1024,0.5625,1710
POST00000501,15.066666666666666,30.0,576,1024,0.5625,452
POST00001585,26.9,30.0,576,1024,0.5625,807
POST00001584,44.55,58.56341189674523,576,1024,0.5625,2609
POST00003704,7.866666666666666,30.0,576,1024,0.5625,236
POST00003352,22.7,30.0,576,1024,0.5625,681
POST00000473,8.1,30.0,576,1024,0.5625,243
POST00002919,20.8,29.71153846153846,576,1024,0.5625,618
POST00002530,37.96666666666667,30.0,576,1024,0.5625,1139
POST00003090,12.423728813559322,59.0,576,1024,0.5625,733
POST00002769,43.833333333333336,30.0,576,1024,0.5625,1315
POST00003172,31.883333333333333,30.235232618923156,576,1024,0.5625,964
POST00003709,12.933333333333334,30.0,576,1024,0.5625,388
POST00002216,25.266666666666666,30.0,576,1024,0.5625,758
POST00003629,151.03333333333333,30.125800044140366,576,1024,0.5625,4550
POST00000192,13.079746413079747,29.97,576,1024,0.5625,392
POST00003557,20.1,30.0,576,1024,0.5625,603
POST00000626,23.666666666666668,30.0,576,1024,0.5625,710
POST00003296,304.1374708041375,29.950272078990675,576,1024,0.5625,9109
POST00003775,68.1,30.0,576,1024,0.5625,2043
POST00000492,59.86666666666667,30.0,576,1024,0.5625,1796
POST00003899,7.966666666666667,30.0,576,1024,0.5625,239
POST00000227,48.93333333333333,30.0,576,1024,0.5625,1468
POST00003534,61.36666666666667,30.0,576,1024,0.5625,1841
POST00003862,32.4657991324658,27.752281603288797,576,1026,0.5614035087719298,901
POST00002525,121.43333333333334,30.0,576,1024,0.5625,3643
POST00001713,174.53333333333333,30.0,576,1024,0.5625,5236
POST00002178,102.53333333333333,30.0,576,1024,0.5625,3076
POST00001865,35.483333333333334,60.0,576,1024,0.5625,2129
POST00000412,6.733333333333333,30.0,576,1082,0.532347504621072,202
POST00001821,23.933333333333334,30.0,576,1024,0.5625,718
POST00001957,35.983333333333334,60.0,576,1024,0.5625,2159
POST00003058,11.327994661327995,30.54379970544919,576,1024,0.5625,346
POST00002398,8.658536585365853,24.71549295774648,576,1024,0.5625,214
POST00002029,121.56666666666666,30.0,576,1024,0.5625,3647
POST00003938,61.4280947614281,29.97,576,1024,0.5625,1841
POST00003301,171.6,30.0,576,1248,0.46153846153846156,5148
POST00003917,9.1,30.0,576,1024,0.5625,273
POST00000686,11.469803136469803,23.976,576,1024,0.5625,275
POST00000708,46.18333333333334,29.512811259473114,576,1024,0.5625,1363
POST00003786,6.566666666666666,28.629441624365484,576,1024,0.5625,188
POST00001771,6.133333333333334,30.0,576,1024,0.5625,184
POST00000257,15.949282615949283,29.97,576,1024,0.5625,478
POST00002917,17.6,30.0,576,1024,0.5625,528
POST00003765,13.880547213880547,29.97,540,960,0.5625,416
POST00001920,25.56,25.0,352,640,0.55,639
POST00001832,17.4,30.0,352,640,0.55,522
POST00003762,8.933333333333334,30.0,576,1024,0.5625,268
POST00000528,600.0,30.0,576,1024,0.5625,18000
POST00002965,11.2,30.0,576,1024,0.5625,336
POST00001486,11.266666666666667,30.0,576,1042,0.5527831094049904,338
POST00001252,9.1,30.0,576,1024,0.5625,273
POST00000019,83.38333333333334,30.713571856885867,576,1024,0.5625,2561
POST00002400,17.166666666666668,30.0,576,768,0.75,515
POST00003372,12.0,30.0,576,1024,0.5625,360
POST00001235,35.7,30.0,576,1118,0.5152057245080501,1071
POST00003826,6.666666666666667,30.0,576,1024,0.5625,200
POST00003371,22.0,30.0,576,1024,0.5625,660
POST00002649,7.866666666666666,30.0,576,902,0.6385809312638581,236
POST00001455,16.466666666666665,30.0,576,576,1.0,494
POST00001117,69.73333333333333,29.98565965583174,576,1024,0.5625,2091
POST00001444,19.933333333333334,30.0,576,1024,0.5625,598
POST00000133,11.95,29.707112970711297,576,1024,0.5625,355
POST00000816,12.6,30.0,576,1024,0.5625,378
POST00002569,22.8,30.0,576,1024,0.5625,684
POST00000917,16.4,30.0,576,1024,0.5625,492
POST00002672,12.345679012345679,29.97,576,1024,0.5625,370
POST00000405,36.0,30.0,576,1024,0.5625,1080
POST00001996,7.0,30.0,576,1024,0.5625,210
POST00000802,5.271938605271939,29.97,576,1024,0.5625,158
POST00002037,44.800000000000004,29.910714285714285,576,1024,0.5625,1340
POST00000980,6.133333333333334,30.0,576,1024,0.5625,184
POST00002181,59.03333333333333,30.0,576,1024,0.5625,1771
POST00000400,82.875,24.0,576,1024,0.5625,1989
POST00003952,7.333333333333333,30.0,576,1024,0.5625,220
POST00003874,20.433333333333334,30.0,576,1024,0.5625,613
POST00003497,8.166666666666666,24.0,576,1024,0.5625,196
POST00000570,10.0,30.0,576,1024,0.5625,300
POST00003900,64.1,30.0,576,1024,0.5625,1923
POST00003985,34.9,30.0,576,1024,0.5625,1047
POST00000582,40.63333333333333,30.0,576,1024,0.5625,1219
POST00003956,6.466666666666667,30.0,576,1024,0.5625,194
POST00003935,44.4,25.42792792792793,576,1024,0.5625,1129
POST00002308,42.20887554220888,29.97,576,1024,0.5625,1265
POST00000123,13.666666666666666,30.0,576,1024,0.5625,410
POST00003109,54.8,30.0,576,1024,0.5625,1644
POST00000669,101.93333333333334,30.0,576,1024,0.5625,3058
POST00001419,9.233333333333333,30.0,576,1024,0.5625,277
POST00002524,25.8,30.0,576,1024,0.5625,774
POST00002976,15.2,29.80263157894737,576,1024,0.5625,453
POST00003402,40.56666666666667,29.82744453574363,576,1024,0.5625,1210
POST00003512,18.0,30.0,480,856,0.5607476635514018,540
POST00003400,11.633333333333333,30.0,576,1024,0.5625,349
POST00003061,15.033333333333333,30.0,576,1040,0.5538461538461539,451
POST00003846,25.5,30.0,576,1024,0.5625,765
POST00001811,20.0,30.0,576,1024,0.5625,600
POST00000118,15.666666666666666,30.0,576,1024,0.5625,470
POST00003151,145.85000000000002,37.51114158381899,576,1024,0.5625,5471
POST00003630,60.92,25.0,576,1024,0.5625,1523
POST00001429,194.8,30.0,576,1024,0.5625,5844
POST00000766,9.7,30.0,576,1024,0.5625,291
POST00000910,49.06666666666667,30.0,576,1024,0.5625,1472
POST00002549,58.9,30.0,576,1024,0.5625,1767
POST00000875,14.723056389723057,23.976,576,1024,0.5625,353
POST00000847,15.983333333333333,60.0,576,1024,0.5625,959
POST00001656,27.966666666666665,30.0,576,1024,0.5625,839
POST00003033,82.16666666666667,30.0,576,1024,0.5625,2465
POST00000928,60.0,30.0,576,1024,0.5625,1800
POST00000664,15.0,30.0,576,1024,0.5625,450
POST00003841,28.633333333333333,29.30151338766007,576,1024,0.5625,839
POST00000239,17.466666666666665,30.0,576,1024,0.5625,524
POST00000202,15.333333333333334,29.869565217391305,576,1024,0.5625,458
POST00000204,8.041374708041374,59.318215767634854,576,1024,0.5625,477
POST00000198,31.5,30.0,576,1024,0.5625,945
POST00000199,65.03333333333333,30.0,576,1024,0.5625,1951
POST00000220,119.8,30.0,576,1212,0.4752475247524752,3594
POST00000195,15.566666666666666,30.0,576,1024,0.5625,467
POST00000210,29.6,60.0,576,1026,0.5614035087719298,1776
POST00000217,34.13333333333333,30.0,576,1024,0.5625,1024
POST00000232,8.066666666666666,60.0,576,1024,0.5625,484
POST00000203,9.6,30.0,576,1024,0.5625,288
POST00000201,6.733333333333333,30.0,576,1024,0.5625,202
POST00000193,14.147480814147482,29.97,576,1024,0.5625,424
POST00000215,14.447781114447782,29.97,576,1024,0.5625,433
POST00003089,12.0,60.0,576,1024,0.5625,720
POST00002507,5.405405405405405,29.97,576,1024,0.5625,162
POST00002891,23.966666666666665,30.0,576,1024,0.5625,719
POST00002215,7.0,30.0,576,1024,0.5625,210
POST00003271,11.8,30.0,576,1024,0.5625,354
POST00003065,22.333333333333332,30.0,576,1024,0.5625,670
POST00003979,26.6,30.0,576,1024,0.5625,798
POST00000072,11.294627961294628,59.94,576,1024,0.5625,677
POST00000373,56.12278945612279,29.97,576,1024,0.5625,1682
POST00001945,30.900000000000002,28.932038834951456,576,768,0.75,894
POST00001415,9.6,30.0,576,1024,0.5625,288
POST00003256,8.1,30.0,576,1024,0.5625,243
POST00002458,14.633333333333333,30.0,576,1024,0.5625,439
POST00001960,73.1,30.0,576,1024,0.5625,2193
POST00001868,17.851184517851184,29.63388785046729,576,1024,0.5625,529
POST00001477,7.633333333333334,30.0,576,1024,0.5625,229
POST00001650,10.766666666666667,60.0,576,1024,0.5625,646
POST00003101,6.9,30.0,576,1024,0.5625,207
POST00001465,9.466666666666667,30.0,576,1024,0.5625,284
POST00002842,14.147480814147482,29.97,576,1024,0.5625,424
POST00001212,7.027861194527861,24.474017804154304,576,1024,0.5625,172
POST00001347,7.4,30.0,576,1024,0.5625,222
POST00003545,15.32,25.0,768,576,1.3333333333333333,383
POST00003659,10.84,25.0,768,576,1.3333333333333333,271
POST00000820,9.533333333333333,32.83216783216783,576,1024,0.5625,313
POST00001285,13.1,30.0,576,1016,0.5669291338582677,393
POST00001796,15.0,30.0,576,1024,0.5625,450
POST00000657,38.63863863863864,29.97,576,1024,0.5625,1158
POST00001299,10.950000000000001,29.1324200913242,576,1024,0.5625,319
POST00001603,9.783333333333333,60.0,576,1024,0.5625,587
POST00002094,7.566666666666666,30.0,576,1024,0.5625,227
POST00000908,19.71971971971972,29.97,576,1024,0.5625,591
POST00000541,11.983333333333333,59.916550764951324,576,1024,0.5625,718
POST00002004,7.1,30.0,576,1024,0.5625,213
POST00001605,12.433333333333334,30.0,576,1024,0.5625,373
POST00001833,19.0,60.0,576,1024,0.5625,1140
POST00003495,21.666666666666668,30.0,576,1024,0.5625,650
POST00000605,5.3,30.0,576,1024,0.5625,159
POST00003430,24.0,30.0,576,1024,0.5625,720
POST00000250,8.933333333333334,30.0,576,1024,0.5625,268
POST00001946,14.133333333333333,30.0,576,1024,0.5625,424
POST00002947,6.9,30.0,576,1024,0.5625,207
POST00002907,11.966666666666667,30.0,576,1024,0.5625,359
POST00003407,63.7,30.0,576,1024,0.5625,1911
POST00002759,13.266666666666667,30.0,576,1024,0.5625,398
POST00001350,6.533333333333333,30.0,576,1024,0.5625,196
POST00001855,13.446780113446781,29.97,576,1024,0.5625,403
POST00000247,28.4,30.0,576,1024,0.5625,852
POST00003609,215.83333333333334,29.93050193050193,576,1024,0.5625,6460
POST00003190,64.46666666666667,30.0,576,1024,0.5625,1934
POST00002014,46.0,30.0,576,1024,0.5625,1380
POST00002140,136.5699032365699,59.88874419741021,576,1024,0.5625,8179
POST00001806,76.5,30.0,576,1024,0.5625,2295
POST00003398,61.4,30.0,576,1024,0.5625,1842
POST00000636,28.32832832832833,29.97,576,1024,0.5625,849
POST00000811,27.166666666666664,30.03680981595092,576,1024,0.5625,816
POST00003904,6.333333333333333,30.0,576,1024,0.5625,190
POST00000480,15.2,30.0,576,1024,0.5625,456
POST00000790,19.8,30.0,576,1024,0.5625,594
POST00000163,16.533333333333335,30.0,576,1024,0.5625,496
POST00000403,20.02002002002002,23.976,576,1024,0.5625,480
POST00002921,16.2,25.0,576,1024,0.5625,405
POST00000588,16.866666666666667,30.0,576,1024,0.5625,506
POST00000543,25.633333333333333,30.0,576,1024,0.5625,769
POST00000584,7.0,30.142857142857142,576,1024,0.5625,211
POST00000566,46.31666666666667,60.0,576,1024,0.5625,2779
POST00000575,15.666666666666666,30.0,576,1024,0.5625,470
POST00000585,46.56666666666667,30.0,576,1024,0.5625,1397
POST00000454,52.8,30.0,576,1024,0.5625,1584
POST00000593,8.866666666666667,30.0,576,1024,0.5625,266
POST00000579,58.9,30.0,576,1024,0.5625,1767
POST00000555,17.0,30.0,576,1024,0.5625,510
POST00000491,24.633333333333333,30.0,576,1024,0.5625,739
POST00000466,57.8,30.0,576,1024,0.5625,1734
POST00000475,38.46666666666667,30.0,576,1024,0.5625,1154
POST00003998,86.2,30.0,576,1024,0.5625,2586
POST00003880,111.63333333333334,30.0,576,1024,0.5625,3349
POST00000706,57.1,30.0,576,1024,0.5625,1713
POST00003982,14.180847514180847,29.97,576,1024,0.5625,425
POST00000580,8.641975308641976,29.97,576,1128,0.5106382978723404,259
POST00000853,17.9,30.0,576,1024,0.5625,537
POST00001807,230.51384718051384,59.857575450531954,576,1024,0.5625,13798
POST00002291,14.549999999999999,30.652920962199314,576,1024,0.5625,446
POST00000505,101.63333333333334,30.0,576,1024,0.5625,3049
POST00001666,5.733333333333333,30.348837209302324,576,1024,0.5625,174
POST00003291,34.06666666666667,30.0,576,1024,0.5625,1022
POST00001697,14.266666666666667,30.0,576,1024,0.5625,428
POST00001530,18.5,30.0,576,1024,0.5625,555
POST00003967,136.73333333333332,30.0,576,1024,0.5625,4102
POST00002007,7.7,57.66233766233766,576,1024,0.5625,444
POST00002642,46.06666666666667,30.0,576,798,0.7218045112781954,1382
POST00003698,61.6282949616283,29.97,576,1024,0.5625,1847
POST00003063,60.0,30.0,576,1024,0.5625,1800
POST00002238,23.2,30.0,576,1024,0.5625,696
POST00000565,137.43333333333334,30.0,540,960,0.5625,4123
POST00001733,6.310344827586207,29.0,576,1024,0.5625,183
POST00002940,90.26666666666667,30.0,576,1024,0.5625,2708
POST00002675,20.236903570236905,59.94,576,1024,0.5625,1213
POST00003149,5.233333333333333,30.0,576,1024,0.5625,157
POST00000423,19.5,30.0,576,1024,0.5625,585
POST00002219,11.866666666666667,30.0,576,1024,0.5625,356
POST00003521,33.7,30.0,576,1024,0.5625,1011
POST00002414,50.1,30.0,576,1024,0.5625,1503
POST00001336,29.333333333333332,30.0,576,1024,0.5625,880
POST00002111,32.58,50.0,576,1024,0.5625,1629
POST00001725,6.066666666666666,30.0,576,1024,0.5625,182
POST00002859,19.066666666666666,30.0,576,1024,0.5625,572
POST00003085,80.48048048048048,29.97,576,1024,0.5625,2412
POST00003543,97.9,30.0,576,1024,0.5625,2937
POST00000037,30.766666666666666,30.0,576,1024,0.5625,923
POST00002606,47.266666666666666,30.0,576,1026,0.5614035087719298,1418
POST00003864,46.8,30.0,576,1024,0.5625,1404
POST00003830,180.56666666666666,30.0,576,1024,0.5625,5417
POST00001168,16.233333333333334,30.0,576,1024,0.5625,487
POST00003643,33.0,30.0,576,1024,0.5625,990
POST00002406,43.333333333333336,60.0,576,1024,0.5625,2600
POST00002858,15.7,30.0,576,1024,0.5625,471
POST00000538,40.9375,31.58473282442748,576,1024,0.5625,1293
POST00001152,11.778445111778446,29.97,576,1024,0.5625,353
POST00001447,66.36636636636636,29.97,576,1024,0.5625,1989
POST00001708,38.0,30.0,576,1024,0.5625,1140
POST00002325,57.323990657323996,29.97,576,1024,0.5625,1718
POST00001679,44.4,30.0,576,1024,0.5625,1332
POST00002824,33.8,30.0,576,1024,0.5625,1014
POST00000095,34.3,30.0,576,1024,0.5625,1029
POST00000155,15.233333333333333,60.0,576,1024,0.5625,914
POST00003547,56.86666666666667,30.0,576,1024,0.5625,1706
POST00000181,50.9,30.0,576,1024,0.5625,1527
POST00001583,91.72505839172506,29.97,576,1024,0.5625,2749
POST00001343,55.3,30.0,576,1024,0.5625,1659
POST00000185,26.766666666666666,30.0,540,962,0.5613305613305614,803
POST00001649,30.96,25.0,576,1024,0.5625,774
POST00000021,84.4,30.0,576,1024,0.5625,2532
POST00002627,44.46666666666667,30.0,576,1024,0.5625,1334
POST00000180,72.1,30.0,576,1024,0.5625,2163
POST00001844,20.033333333333335,30.0,576,1024,0.5625,601
POST00000546,43.13333333333333,30.0,540,960,0.5625,1294
POST00000794,67.5,30.0,576,1024,0.5625,2025
POST00000879,25.4416250460899,29.833,576,1024,0.5625,759
POST00003461,10.7,29.813084112149532,576,1024,0.5625,319
POST00001830,27.666666666666668,30.0,576,1024,0.5625,830
POST00003037,11.366666666666667,30.0,576,1024,0.5625,341
POST00003503,36.16666666666667,29.91705069124424,576,1022,0.5636007827788649,1082
POST00003141,21.5,30.0,576,1024,0.5625,645
POST00001927,59.9224385972228,23.981,576,1024,0.5625,1437
POST00002471,38.7,30.0,576,1016,0.5669291338582677,1161
POST00003054,32.13333333333333,29.937759336099585,576,1024,0.5625,962
POST00002620,46.171171171171174,23.976,576,1024,0.5625,1107
POST00003791,92.8,30.0,576,1024,0.5625,2784
POST00002506,42.7,27.353629976580795,576,1024,0.5625,1168
POST00001259,15.1,30.0,576,1024,0.5625,453
POST00001288,53.4,30.0,576,1024,0.5625,1602
POST00000175,40.4,30.0,576,1024,0.5625,1212
POST00001596,16.733333333333334,30.0,576,1024,0.5625,502
POST00001869,8.833333333333334,30.0,576,1024,0.5625,265
POST00003330,37.46666666666667,30.0,576,576,1.0,1124
POST00001408,37.7,60.0,576,1032,0.5581395348837209,2262
POST00003509,9.266666666666667,30.0,576,1022,0.5636007827788649,278
POST00000786,58.7,29.98296422487223,576,1024,0.5625,1760
POST00001489,166.23333333333332,30.0,576,892,0.6457399103139013,4987
POST00001194,12.445779112445779,29.97,576,1024,0.5625,373
POST00001247,8.842175508842177,29.97,576,1024,0.5625,265
POST00003887,121.03333333333333,29.99173781327458,464,848,0.5471698113207547,3630
POST00000674,600.04,25.0,576,1024,0.5625,15001
POST00002573,599.9833333333333,25.045695713769828,576,1024,0.5625,15027
POST00002656,34.833333333333336,31.119617224880383,576,722,0.7977839335180056,1084
POST00003838,8.833333333333334,30.0,576,1024,0.5625,265
POST00003255,34.03333333333333,30.0,576,1024,0.5625,1021
POST00000291,87.56666666666666,30.0,576,1024,0.5625,2627
POST00002844,12.633333333333333,30.0,576,1024,0.5625,379
POST00003688,51.66666666666667,25.2,1246,576,2.1631944444444446,1302
POST00002363,143.9,30.0,576,1024,0.5625,4317
POST00000921,10.366666666666667,30.0,576,576,1.0,311
POST00001499,25.066666666666666,30.0,576,1024,0.5625,752
POST00001614,61.2278945612279,23.976,576,1026,0.5614035087719298,1468
POST00003810,35.8,30.0,576,1024,0.5625,1074
POST00003175,40.5,30.0,576,1024,0.5625,1215
POST00000056,6.2,30.0,540,960,0.5625,186
POST00003617,56.9,30.0,536,960,0.5583333333333333,1707
POST00000357,102.66666666666667,30.0,360,626,0.5750798722044729,3080
POST00002129,31.266666666666666,30.0,576,1024,0.5625,938
POST00000886,154.63333333333333,30.0,576,1024,0.5625,4639
POST00000396,59.958333333333336,24.0,576,1024,0.5625,1439
POST00000369,15.0,30.0,576,1024,0.5625,450
POST00000950,31.4,30.0,576,768,0.75,942
POST00000560,29.133333333333333,30.0,576,1024,0.5625,874
POST00002840,10.0,30.0,576,1024,0.5625,300
POST00002548,34.96666666666667,29.94280266920877,576,1024,0.5625,1047
POST00001834,10.427093760427095,23.976,576,1024,0.5625,250
POST00001746,26.033333333333335,30.0,576,1024,0.5625,781
POST00002485,90.0,30.0,576,1024,0.5625,2700
POST00003908,10.4,30.0,576,1024,0.5625,312
POST00000384,10.11864406779661,59.0,576,1024,0.5625,597
POST00000183,10.533333333333333,30.0,576,1024,0.5625,316
POST00000539,21.041666666666668,24.0,576,1024,0.5625,505
POST00002557,16.332999666333,59.94,576,1024,0.5625,979
POST00000067,8.933333333333334,30.0,1024,576,1.7777777777777777,268
POST00000431,52.233333333333334,30.0,576,1024,0.5625,1567
POST00003246,10.966666666666667,30.0,576,576,1.0,329
POST00000167,53.9,56.51205936920223,576,1024,0.5625,3046
POST00000567,84.86666666666666,30.0,576,1024,0.5625,2546
POST00003508,7.333333333333333,30.0,360,638,0.5642633228840125,220
POST00003804,54.46666666666667,30.0,576,1024,0.5625,1634
POST00001440,15.033333333333333,30.0,576,1024,0.5625,451
POST00001372,14.314314314314315,29.97,576,1024,0.5625,429
POST00001976,54.06666666666667,30.0,576,1024,0.5625,1622
POST00002916,15.766666666666667,30.0,576,1024,0.5625,473
POST00002085,13.8,30.0,576,1024,0.5625,414
POST00003550,12.84,25.0,1024,576,1.7777777777777777,321
POST00000569,11.64,50.0,576,1024,0.5625,582
POST00002205,25.0,30.0,576,1024,0.5625,750
POST00000603,19.666666666666668,30.25423728813559,576,1024,0.5625,595
POST00002378,43.3,30.0,576,1024,0.5625,1299
POST00002242,23.8,30.0,576,1024,0.5625,714
POST00003384,113.6,30.0,576,1024,0.5625,3408
POST00001652,39.93993993993994,29.97,576,1024,0.5625,1197
POST00001779,8.241574908241574,29.97,576,1024,0.5625,247
POST00002159,5.833333333333333,30.0,576,1024,0.5625,175
POST00001346,41.36666666666667,29.975825946817082,576,1024,0.5625,1240
POST00001494,60.06666666666667,29.866814650388456,576,1024,0.5625,1794
POST00002436,14.55,20.0,576,1024,0.5625,291
POST00002904,49.616282949616284,29.97,576,1024,0.5625,1487
POST00003473,72.18333333333334,30.062341260678828,576,1024,0.5625,2170
POST00003275,7.2,30.0,576,1024,0.5625,216
POST00002294,12.166666666666666,30.0,576,1024,0.5625,365
POST00003391,124.2,30.0,576,1024,0.5625,3726
POST00002650,89.23333333333333,30.0,576,1024,0.5625,2677
POST00003746,51.3,30.0,576,1024,0.5625,1539
POST00001842,11.933333333333334,59.07821229050279,576,1024,0.5625,705
POST00001192,8.3,29.879518072289155,576,1024,0.5625,248
POST00001233,42.166666666666664,30.0,576,1134,0.5079365079365079,1265
POST00000263,44.3,30.0,576,1024,0.5625,1329
POST00001693,11.716666666666667,30.04267425320057,576,1024,0.5625,352
POST00003270,16.033333333333335,30.0,720,1280,0.5625,481
POST00000931,13.133333333333333,30.0,576,1024,0.5625,394
POST00002567,14.4,30.0,576,1024,0.5625,432
POST00003123,25.3,30.0,576,1024,0.5625,759
POST00000737,15.033333333333333,30.0,540,960,0.5625,451
POST00001578,24.133333333333333,30.0,576,1024,0.5625,724
POST00000718,6.666666666666667,30.0,576,1024,0.5625,200
POST00003892,18.4,30.0,576,1024,0.5625,552
POST00003752,8.066666666666666,30.0,576,1024,0.5625,242
POST00002791,18.666666666666668,30.0,576,1024,0.5625,560
POST00002997,23.433333333333334,40.36984352773826,576,1024,0.5625,946
POST00003706,12.7,30.0,576,1024,0.5625,381
POST00003678,164.2,30.0,576,1024,0.5625,4926
POST00003705,399.3,30.0,576,1024,0.5625,11979
POST00003613,154.46666666666667,30.0,576,1024,0.5625,4634
POST00003429,178.16666666666666,30.0,576,1024,0.5625,5345
POST00003856,238.53333333333333,29.932923420905535,576,1024,0.5625,7140
POST00000463,12.566666666666666,30.0,576,1024,0.5625,377
POST00000662,11.066666666666666,30.0,576,1024,0.5625,332
POST00002881,72.33333333333333,30.0,576,1024,0.5625,2170
POST00003691,180.03333333333333,29.994445473060544,576,1024,0.5625,5400
POST00003583,26.333333333333332,30.0,576,1024,0.5625,790
POST00001874,180.4,29.9390243902439,576,1024,0.5625,5401
POST00001600,180.33333333333334,30.0,576,1024,0.5625,5410
POST00002677,207.56666666666666,30.0,576,1024,0.5625,6227
POST00000316,72.63333333333334,30.0,576,930,0.6193548387096774,2179
POST00003397,599.9666666666667,30.0,576,1024,0.5625,17999
POST00000038,19.633333333333333,30.0,576,1024,0.5625,589
POST00003201,7.633333333333334,30.0,576,1024,0.5625,229
POST00003383,12.1,30.0,576,1024,0.5625,363
POST00003087,12.633333333333333,30.0,576,1024,0.5625,379
POST00001962,33.13333333333333,30.0,576,1024,0.5625,994
POST00002595,108.46666666666667,30.0,576,1024,0.5625,3254
POST00002990,11.3,30.0,576,576,1.0,339
POST00000969,98.1,30.0,576,1024,0.5625,2943
POST00001298,12.433333333333334,30.0,720,1280,0.5625,373
POST00002317,181.1,30.0,576,1024,0.5625,5433
POST00001545,17.3,29.07514450867052,576,1024,0.5625,503
POST00000073,22.966666666666665,30.0,576,1024,0.5625,689
POST00002991,27.866666666666667,30.0,720,1280,0.5625,836
POST00002237,58.666666666666664,30.0,576,1024,0.5625,1760
POST00000729,9.333333333333334,30.0,576,1024,0.5625,280
POST00002050,63.688688688688686,23.881791748526524,576,1024,0.5625,1521
POST00002480,62.03333333333333,30.0,576,1024,0.5625,1861
POST00000947,13.079746413079747,29.97,576,1024,0.5625,392
POST00003568,66.36666666666666,30.0,576,1024,0.5625,1991
POST00001378,17.916666666666668,30.586046511627906,576,1134,0.5079365079365079,548
POST00000891,31.03103103103103,29.97,576,1024,0.5625,930
POST00001363,13.813813813813814,29.97,576,720,0.8,414
POST00000461,11.664934803740824,29.833,824,576,1.4305555555555556,348
POST00001974,49.36666666666667,30.0,576,1024,0.5625,1481
POST00003753,7.741074407741075,29.97,576,1024,0.5625,232
POST00000146,27.98631965298632,23.976,576,576,1.0,671
POST00000128,19.783333333333335,60.0,576,1024,0.5625,1187
POST00000143,11.094427761094428,59.94,576,1024,0.5625,665
POST00000299,28.6,60.0,576,1024,0.5625,1716
POST00000144,9.033333333333333,29.44649446494465,576,576,1.0,266
POST00000142,11.6,30.0,576,1024,0.5625,348
POST00000110,15.933333333333334,30.0,576,956,0.602510460251046,478
POST00000166,11.266666666666667,30.0,576,768,0.75,338
POST00000116,6.933333333333334,30.0,576,1024,0.5625,208
POST00002836,51.6,30.0,576,576,1.0,1548
POST00002498,10.0,29.6,576,1024,0.5625,296
POST00001484,119.5,29.90794979079498,576,1024,0.5625,3574
POST00003710,9.433333333333334,30.0,576,1024,0.5625,283
POST00001507,38.5,30.0,576,1024,0.5625,1155
POST00000930,172.06666666666666,29.994188299108874,576,1024,0.5625,5161
POST00003860,11.9,30.0,576,1024,0.5625,357
POST00001687,60.38333333333333,27.739442451007452,576,1024,0.5625,1675
POST00003932,81.5,30.0,576,1024,0.5625,2445
POST00003771,70.86666666666666,30.0,576,1024,0.5625,2126
POST00003914,205.23448206705217,29.917,576,1024,0.5625,6140
POST00003679,100.8,30.0,576,1024,0.5625,3024
POST00003798,58.766666666666666,30.0,576,1024,0.5625,1763
POST00003766,70.43333333333334,30.0,576,1024,0.5625,2113
POST00003657,20.433333333333334,30.0,576,1024,0.5625,613
POST00003602,21.566666666666666,30.0,576,1024,0.5625,647
POST00002633,139.03333333333333,30.0,576,1024,0.5625,4171
POST00000702,10.113577075891962,16.8090873015873,576,1024,0.5625,170
POST00003750,12.233333333333333,30.0,576,1024,0.5625,367
POST00003743,15.0,30.0,576,1024,0.5625,450
POST00003685,10.6,30.0,576,1024,0.5625,318
POST00003658,15.766666666666667,30.0,576,1024,0.5625,473
POST00001851,15.033333333333333,30.0,576,1024,0.5625,451
POST00001387,37.63333333333333,30.0,576,1024,0.5625,1129
POST00003632,31.67633157912379,29.833,576,1024,0.5625,945
POST00000651,7.64,25.0,576,1250,0.4608,191
POST00000102,161.46666666666667,30.0,576,1024,0.5625,4844
POST00003808,6.333333333333333,30.0,576,1024,0.5625,190
POST00003564,70.26666666666667,30.0,576,1056,0.5454545454545454,2108
POST00003343,46.68001334668001,29.97,576,1024,0.5625,1399
POST00000609,20.516666666666666,30.219333874898457,576,1024,0.5625,620
POST00003645,270.3,30.0,576,1024,0.5625,8109
POST00003785,36.67000333667001,29.97,576,1024,0.5625,1099
POST00003492,68.66666666666667,30.0,576,1024,0.5625,2060
POST00002680,136.76,50.0,576,1024,0.5625,6838
POST00003795,22.733333333333334,30.0,576,1024,0.5625,682
POST00001654,21.6,30.0,576,1024,0.5625,648
POST00002593,13.566666666666666,30.0,576,1024,0.5625,407
POST00001956,6.266666666666667,30.0,576,1024,0.5625,188
POST00002725,61.1,30.0,576,1024,0.5625,1833
POST00003531,9.7,30.0,576,1024,0.5625,291
POST00002855,62.1,30.0,576,1024,0.5625,1863
POST00002344,42.1,30.0,576,1024,0.5625,1263
POST00001999,59.63333333333333,29.7987702627166,576,1024,0.5625,1777
POST00003041,30.997664330997665,29.97,576,1024,0.5625,929
POST00002456,20.6,30.0,576,1024,0.5625,618
POST00003653,66.0,30.0,576,1024,0.5625,1980
POST00000561,12.266666666666667,30.0,576,1024,0.5625,368
POST00000993,22.466666666666665,60.0,576,1024,0.5625,1348
POST00002469,70.73333333333333,30.0,576,1024,0.5625,2122
POST00002768,11.6,30.0,576,1024,0.5625,348
POST00002229,31.633333333333333,30.0,576,1024,0.5625,949
POST00000360,44.04,25.0,1024,576,1.7777777777777777,1101
POST00000379,121.2,30.0,576,1024,0.5625,3636
POST00000347,66.63333333333334,30.0,580,576,1.0069444444444444,1999
POST00001232,12.7,29.448818897637796,576,1078,0.5343228200371057,374
POST00000385,15.0,30.0,576,576,1.0,450
POST00003222,5.7,30.0,576,1024,0.5625,171
POST00003623,14.433333333333334,30.0,576,1024,0.5625,433
POST00002026,11.233333333333333,30.0,576,1024,0.5625,337
POST00002539,11.233333333333333,30.0,576,1024,0.5625,337
POST00002380,40.833333333333336,30.0,576,1024,0.5625,1225
POST00002790,14.7,30.0,576,1024,0.5625,441
POST00003042,42.56666666666667,30.0,576,1024,0.5625,1277
POST00003018,189.23333333333332,30.0,576,1024,0.5625,5677
POST00002015,21.566666666666666,30.0,576,1024,0.5625,647
POST00002252,12.746079412746079,29.97,576,1024,0.5625,382
POST00002491,6.766666666666667,30.0,576,1024,0.5625,203
POST00001919,21.9,30.0,576,1024,0.5625,657
POST00003962,80.96666666666667,29.9752984767394,576,1024,0.5625,2427
POST00003951,42.86666666666667,30.0,576,1024,0.5625,1286
POST00003228,36.28333333333333,60.0,576,1024,0.5625,2177
POST00001944,19.68,25.0,576,1024,0.5625,492
POST00000793,29.266666666666666,30.0,576,1024,0.5625,878
POST00001997,31.197864531197865,29.97,576,1024,0.5625,935
POST00000612,17.433333333333334,60.0,720,1280,0.5625,1046
POST00002700,56.733333333333334,30.0,576,1024,0.5625,1702
POST00001289,24.533333333333335,30.0,576,1024,0.5625,736
POST00002640,16.566666666666666,30.0,576,1024,0.5625,497
POST00001784,58.56666666666667,30.0,576,1024,0.5625,1757
POST00000071,5.766666666666667,30.0,576,1024,0.5625,173
POST00000392,16.833333333333332,30.0,576,1024,0.5625,505
POST00002559,95.53333333333333,30.0,576,1024,0.5625,2866
POST00000616,10.333333333333334,24.0,576,1024,0.5625,248
POST00001752,36.0,30.0,576,1024,0.5625,1080
POST00000968,14.283333333333333,60.0,576,1024,0.5625,857
POST00000743,21.916666666666668,24.0,576,1024,0.5625,526
POST00002390,78.14481147814482,29.97,576,1024,0.5625,2342
POST00001908,38.96666666666667,30.0,576,1024,0.5625,1169
POST00002044,29.833333333333332,60.0,576,1024,0.5625,1790
POST00002468,54.63333333333333,30.0,576,1024,0.5625,1639
POST00001195,63.733333333333334,30.0,576,1024,0.5625,1912
POST00000595,14.066666666666666,47.06161137440758,576,1024,0.5625,662
POST00000723,7.633333333333334,30.0,576,1024,0.5625,229
POST00002272,33.9,30.0,576,1024,0.5625,1017
POST00003949,126.4,30.0,576,1022,0.5636007827788649,3792
POST00002870,34.9,30.0,576,1024,0.5625,1047
POST00001898,22.7,30.0,576,1024,0.5625,681
POST00001658,8.5,30.0,576,1024,0.5625,255
POST00002959,53.733333333333334,30.0,576,1024,0.5625,1612
POST00002543,40.43333333333333,30.0,576,1024,0.5625,1213
POST00001716,29.833333333333332,30.0,576,1024,0.5625,895
POST00000290,13.2,30.0,576,1024,0.5625,396
POST00001627,31.6,30.0,576,1024,0.5625,948
POST00000554,56.333333333333336,30.0,576,1024,0.5625,1690
POST00003153,8.9,20.0,576,1024,0.5625,178
POST00000919,32.49082415749083,23.976,576,1024,0.5625,779
POST00002043,54.05,60.0,576,992,0.5806451612903226,3243
POST00003468,7.5,30.0,576,1024,0.5625,225
POST00000282,7.766666666666667,30.0,576,1024,0.5625,233
POST00001018,14.214214214214214,29.97,576,1024,0.5625,426
POST00000568,5.466666666666667,30.0,576,1024,0.5625,164
POST00002970,9.966666666666667,30.0,576,1024,0.5625,299
POST00003715,13.7,30.0,576,1024,0.5625,411
POST00003732,19.533333333333335,30.0,576,1024,0.5625,586
POST00002270,39.93993993993994,29.97,576,1024,0.5625,1197
POST00001501,15.033333333333333,30.0,576,1024,0.5625,451
POST00003108,74.3,30.0,576,1024,0.5625,2229
POST00000209,12.2,30.0,540,960,0.5625,366
POST00000553,36.266666666666666,30.0,576,1024,0.5625,1088
POST00001277,20.933333333333334,30.0,576,1024,0.5625,628
POST00002023,253.3,30.0,576,1024,0.5625,7599
POST00003232,18.266666666666666,30.0,576,1024,0.5625,548
POST00002103,166.9336002669336,29.97,576,1024,0.5625,5003
POST00003755,19.433333333333334,30.0,576,1024,0.5625,583
POST00000306,25.133333333333333,30.0,576,1056,0.5454545454545454,754
POST00000184,52.36666666666667,30.0,576,1024,0.5625,1571
POST00003046,59.03333333333333,30.0,576,1024,0.5625,1771
POST00003476,14.9,29.664429530201343,576,1024,0.5625,442
POST00002162,46.9,30.0,576,1024,0.5625,1407
POST00000413,59.2,30.0,576,1024,0.5625,1776
POST00001354,12.666666666666666,30.0,768,576,1.3333333333333333,380
POST00000082,9.333333333333334,30.0,576,1024,0.5625,280
POST00003305,13.466666666666667,30.0,576,576,1.0,404
POST00000991,22.961150403915127,29.833,576,1024,0.5625,685
POST00001388,8.566666666666666,30.0,576,720,0.8,257
POST00001470,24.801952067386434,29.917,576,1024,0.5625,742
POST00001185,10.577243910577245,29.97,576,1024,0.5625,317
POST00002937,10.8,30.0,576,1024,0.5625,324
POST00002142,7.366666666666666,30.0,576,1024,0.5625,221
POST00003238,27.083333333333332,30.38769230769231,576,1024,0.5625,823
POST00003382,12.033333333333333,30.0,576,1024,0.5625,361
POST00003257,60.76666666666667,29.061985737794842,576,1024,0.5625,1766
POST00003267,23.933333333333334,30.0,576,1024,0.5625,718
POST00002098,21.6,30.0,576,1024,0.5625,648
POST00000485,14.08,25.0,576,1024,0.5625,352
POST00003105,5.233333333333333,30.0,576,1024,0.5625,157
POST00003027,55.766666666666666,30.0,576,1024,0.5625,1673
POST00000700,83.98333333333333,30.23218892637428,576,1024,0.5625,2539
POST00002423,10.3,30.0,576,720,0.8,309
POST00003021,10.877544210877545,29.97,576,1024,0.5625,326
POST00003614,94.6363029696363,23.976,576,1064,0.5413533834586466,2269
POST00003916,8.408408408408409,29.97,576,1024,0.5625,252
POST00001611,36.11945278611945,23.976,576,1024,0.5625,866
POST00001777,6.0,30.0,576,1024,0.5625,180
POST00003907,17.433333333333334,27.877629063097515,576,720,0.8,486
POST00002784,47.2972972972973,23.976,576,1024,0.5625,1134
POST00001206,9.5,30.0,576,1024,0.5625,285
POST00001618,29.696363029696364,29.97,576,1024,0.5625,890
POST00000100,20.0,30.0,576,1024,0.5625,600
POST00000962,49.3,29.959432048681542,576,1024,0.5625,1477
POST00000613,51.818485151818486,29.97,576,1024,0.5625,1553
POST00001241,37.5,30.0,576,1024,0.5625,1125
POST00001026,81.38333333333334,60.0,576,1024,0.5625,4883
POST00001294,36.7,30.0,576,1024,0.5625,1101
POST00003466,41.70837504170838,29.97,576,1024,0.5625,1250
POST00002686,199.06666666666666,30.974547890154053,576,1024,0.5625,6166
POST00001461,33.95061728395062,23.976,576,1024,0.5625,814
POST00001202,56.766666666666666,30.0,576,1124,0.5124555160142349,1703
POST00001333,23.3983983983984,23.976,576,1024,0.5625,561
POST00002994,17.851184517851184,29.97,576,1024,0.5625,535
POST00003340,19.833333333333332,30.0,576,1024,0.5625,595
POST00000107,15.7,30.0,576,1024,0.5625,471
POST00001721,30.958333333333332,24.0,576,1024,0.5625,743
POST00002636,7.633333333333334,30.0,576,1024,0.5625,229
POST00002555,15.033333333333333,60.0,576,1008,0.5714285714285714,902
POST00003347,5.933333333333334,30.0,576,1024,0.5625,178
POST00002617,7.633333333333334,30.0,576,1024,0.5625,229
POST00002433,7.6,30.0,576,1024,0.5625,228
POST00003588,15.3,30.0,576,1024,0.5625,459
POST00002042,9.1,30.0,576,1024,0.5625,273
POST00003910,13.75,55.27272727272727,576,1024,0.5625,760
POST00001720,13.366666666666667,30.0,576,1024,0.5625,401
POST00002490,7.0,30.0,576,1024,0.5625,210
POST00002794,10.266666666666667,30.0,576,1024,0.5625,308
POST00000676,9.8,30.0,576,1024,0.5625,294
POST00000345,34.2,30.0,576,1024,0.5625,1026
POST00002537,44.6,53.34080717488789,576,1024,0.5625,2379
POST00000653,18.133333333333333,30.0,576,1024,0.5625,544
POST00000671,27.6,30.0,576,1024,0.5625,828
POST00000646,20.066666666666666,30.0,576,1024,0.5625,602
POST00002330,34.46666666666667,30.0,576,1024,0.5625,1034
POST00000714,26.0,28.884615384615383,576,1024,0.5625,751
POST00000719,36.0,30.0,576,1024,0.5625,1080
POST00002873,6.566666666666666,30.0,576,1024,0.5625,197
POST00002804,14.5,30.0,576,1024,0.5625,435
POST00002785,17.933333333333334,30.0,576,1024,0.5625,538
POST00001550,9.533333333333333,30.0,576,1024,0.5625,286
POST00002157,91.53333333333333,30.0,576,1024,0.5625,2746
POST00000099,14.033333333333333,30.0,576,1024,0.5625,421
POST00001218,58.1,29.982788296041306,576,1024,0.5625,1742
POST00003160,19.466666666666665,30.0,576,1024,0.5625,584
POST00000516,16.033333333333335,30.0,576,1024,0.5625,481
POST00002046,66.86666666666666,24.571286141575275,576,1024,0.5625,1643
POST00001822,74.76666666666667,29.27775300936246,576,1024,0.5625,2189
POST00003751,13.7,30.0,576,1024,0.5625,411
POST00001872,25.133333333333333,30.0,576,1024,0.5625,754
POST00001514,19.953286619953285,54.27677257525084,576,1024,0.5625,1083
POST00003138,43.04304304304304,23.976,576,1024,0.5625,1032
POST00002172,5.266666666666667,30.0,576,1024,0.5625,158
POST00001226,11.266666666666667,30.0,576,1024,0.5625,338
POST00003471,45.6,30.0,576,1024,0.5625,1368
POST00000508,79.56666666666666,30.0,576,1026,0.5614035087719298,2387
POST00002106,13.566666666666666,30.0,576,1024,0.5625,407
POST00003265,14.85,60.0,576,1024,0.5625,891
POST00002962,8.066666666666666,30.0,576,1024,0.5625,242
POST00002462,12.033333333333333,30.0,576,1024,0.5625,361
POST00001508,37.36666666666667,30.0,576,1024,0.5625,1121
POST00002353,82.1,30.0,576,1024,0.5625,2463
POST00000807,55.266666666666666,30.0,576,1024,0.5625,1658
POST00001420,20.0,30.0,576,1024,0.5625,600
POST00001566,18.2,30.0,576,1024,0.5625,546
POST00001167,11.594928261594928,59.94,576,1024,0.5625,695
POST00001769,17.733333333333334,30.0,576,1024,0.5625,532
POST00002512,59.03333333333333,30.0,576,1024,0.5625,1771
POST00001449,14.3,30.0,576,1024,0.5625,429
POST00002831,23.8,30.0,576,1024,0.5625,714
POST00001569,26.1,30.0,576,1024,0.5625,783
POST00003040,19.6,30.0,576,1024,0.5625,588
POST00001950,18.633333333333333,41.16279069767442,576,1024,0.5625,767
POST00000771,176.16666666666666,30.0,576,1024,0.5625,5285
POST00002983,7.4,30.0,576,1024,0.5625,222
POST00003081,9.633333333333333,30.0,576,1024,0.5625,289
POST00003579,52.766666666666666,30.0,576,1024,0.5625,1583
POST00003682,85.33333333333333,30.0,576,1024,0.5625,2560
POST00003873,32.6,30.0,576,1024,0.5625,978
POST00001776,23.8,30.0,576,1024,0.5625,714
POST00003204,59.96666666666667,30.0,576,1024,0.5625,1799
POST00001850,60.46046046046046,29.97,576,1024,0.5625,1812
POST00001574,17.4,30.0,576,1024,0.5625,522
POST00001154,9.9,30.0,576,1024,0.5625,297
POST00001911,14.333333333333334,30.0,720,1280,0.5625,430
POST00002284,31.375,24.0,576,1024,0.5625,753
POST00003664,26.9,30.0,576,1024,0.5625,807
POST00000445,58.18318318318318,23.976,576,1024,0.5625,1395
POST00001451,20.566666666666666,30.0,576,1124,0.5124555160142349,617
POST00002666,10.45,30.62200956937799,576,1024,0.5625,320
POST00003770,17.3,30.0,576,1024,0.5625,519
POST00002002,11.533333333333333,30.0,576,1024,0.5625,346
POST00000320,13.666666666666666,30.0,576,1024,0.5625,410
POST00001987,34.2,30.0,576,1024,0.5625,1026
POST00000547,16.116116116116117,29.97,576,1024,0.5625,483
POST00002439,16.133333333333333,30.0,576,1024,0.5625,484
POST00003517,6.2729396062729395,29.97,576,1024,0.5625,188
POST00000251,197.83116449783117,29.97,576,1024,0.5625,5929
POST00000848,53.3,30.0,576,1024,0.5625,1599
POST00001783,40.53333333333333,29.950657894736842,576,1024,0.5625,1214
POST00001338,59.8,30.0,576,1124,0.5124555160142349,1794
POST00000873,49.56666666666667,30.0,576,1024,0.5625,1487
POST00002856,9.285493202542797,42.001,576,1024,0.5625,390
POST00002151,14.65,30.648464163822524,576,1024,0.5625,449
POST00002313,66.56656656656656,23.976,576,1024,0.5625,1596
POST00003053,40.28333333333333,60.0,576,1024,0.5625,2417
POST00003530,180.56666666666666,30.0,576,1024,0.5625,5417
POST00002404,54.166666666666664,30.0,576,1024,0.5625,1625
POST00001067,7.533333333333333,30.0,576,1024,0.5625,226
POST00002200,48.5,24.0,576,1024,0.5625,1164
POST00001532,55.8,30.0,576,1024,0.5625,1674
POST00002269,9.333333333333334,30.0,576,1024,0.5625,280
POST00001356,8.166666666666666,30.0,576,1024,0.5625,245
POST00000190,84.0,30.0,320,240,1.3333333333333333,2520
POST00003601,20.7,30.0,576,1024,0.5625,621
POST00002460,108.90056723390057,23.976,576,1024,0.5625,2611
POST00002453,156.96666666666667,30.0,576,1024,0.5625,4709
POST00001385,40.9,30.0,576,1040,0.5538461538461539,1227
POST00002127,28.2,24.78723404255319,576,1024,0.5625,699
POST00001137,21.65498832165499,29.97,576,768,0.75,649
POST00000174,26.666666666666668,30.0,576,1024,0.5625,800
POST00001463,117.46666666666667,30.0,576,1024,0.5625,3524
POST00003955,58.69339322227064,29.833,576,1024,0.5625,1751
POST00002402,7.7,30.0,576,1024,0.5625,231
POST00001279,9.566666666666666,30.0,576,1134,0.5079365079365079,287
POST00002182,9.133333333333333,30.0,576,1024,0.5625,274
POST00000262,10.477143810477145,29.97,576,1024,0.5625,314
POST00001433,25.166666666666668,30.0,576,1024,0.5625,755
POST00000223,59.03333333333333,30.0,576,1024,0.5625,1771
POST00001692,331.03333333333336,30.0,576,1024,0.5625,9931
POST00003182,45.893639068088376,29.917,576,1024,0.5625,1373
POST00003168,187.93333333333334,30.0,576,1024,0.5625,5638
POST00002996,215.86666666666667,30.0,576,1024,0.5625,6476
POST00003452,67.03333333333333,30.0,576,1024,0.5625,2011
POST00003119,123.83333333333333,24.0,576,1024,0.5625,2972
POST00003218,10.766666666666667,30.0,576,1024,0.5625,323
POST00003891,134.2,30.0,576,1024,0.5625,4026
POST00001058,28.666666666666668,30.0,576,1024,0.5625,860
POST00002008,21.866666666666667,30.0,576,1024,0.5625,656
POST00003286,14.614614614614615,29.97,576,1024,0.5625,438
POST00003567,182.03333333333333,30.0,576,1024,0.5625,5461
POST00003742,88.65532198865533,29.97,576,1024,0.5625,2657
POST00002760,61.25,30.057142857142857,576,1024,0.5625,1841
POST00001773,327.76666666666665,30.0,576,1024,0.5625,9833
POST00002437,150.2168835502169,29.97,576,1024,0.5625,4502
POST00003421,58.166666666666664,30.0,576,1024,0.5625,1745
POST00002521,45.36666666666667,30.0,576,1024,0.5625,1361
POST00001682,19.533333333333335,30.0,576,1026,0.5614035087719298,586
POST00001359,7.033333333333333,30.0,576,1024,0.5625,211
POST00001161,60.266666666666666,30.0,576,1024,0.5625,1808
POST00002307,25.633333333333333,60.0,576,1024,0.5625,1538
POST00003050,94.63333333333334,30.0,576,1024,0.5625,2839
POST00003603,6.633333333333334,30.0,576,1024,0.5625,199
POST00000888,14.166666666666666,30.0,576,1024,0.5625,425
POST00003857,30.6,30.0,576,1024,0.5625,918
POST00002114,55.95,60.0,576,1024,0.5625,3357
POST00001498,9.8,30.0,576,1024,0.5625,294
POST00001951,35.699999999999996,29.66386554621849,576,1024,0.5625,1059
POST00000004,7.56,25.0,576,1024,0.5625,189
POST00000927,48.36666666666667,30.0,576,1024,0.5625,1451
POST00001524,60.1,30.0,576,1024,0.5625,1803
POST00001325,13.633333333333333,30.0,576,1024,0.5625,409
POST00000455,59.03333333333333,30.0,576,1024,0.5625,1771
POST00003655,9.366666666666667,30.0,576,1024,0.5625,281
POST00000176,25.466666666666665,30.078534031413614,576,1024,0.5625,766
POST00001885,72.53333333333333,30.0,576,1024,0.5625,2176
POST00001989,48.86666666666667,30.0,576,1024,0.5625,1466
POST00000376,20.1,30.0,540,960,0.5625,603
POST00002778,59.0256923590257,29.97,576,1024,0.5625,1769
POST00002267,15.033333333333333,29.26829268292683,576,1024,0.5625,440
POST00000489,11.6,30.0,576,1024,0.5625,348
POST00001900,78.53333333333333,30.0,576,1024,0.5625,2356
POST00001761,34.333333333333336,30.0,576,1024,0.5625,1030
POST00000060,15.0,30.0,540,960,0.5625,450
POST00000678,5.466666666666667,30.0,576,1024,0.5625,164
POST00001744,7.066666666666666,30.0,576,1024,0.5625,212
POST00000162,177.93333333333334,30.0,576,1024,0.5625,5338
POST00000271,4.966666666666667,30.0,576,1024,0.5625,149
POST00001065,9.433333333333334,30.0,540,960,0.5625,283
POST00000621,9.833333333333334,30.0,576,1024,0.5625,295
POST00001006,179.53333333333333,30.0,540,960,0.5625,5386
POST00001309,10.533333333333333,30.0,576,1130,0.5097345132743363,316
POST00000789,34.56666666666667,30.0,576,1024,0.5625,1037
POST00000252,81.96666666666667,30.0,576,1024,0.5625,2459
POST00000302,15.033333333333333,30.0,540,960,0.5625,451
POST00000351,8.433333333333334,30.0,576,1024,0.5625,253
POST00002662,7.066666666666666,30.0,576,768,0.75,212
POST00000865,5.166666666666667,30.0,540,960,0.5625,155
POST00003966,12.946279612946281,29.97,576,1024,0.5625,388
POST00000721,37.86666666666667,30.0,576,1024,0.5625,1136
POST00001537,9.566666666666666,30.0,576,1018,0.5658153241650294,287
POST00000915,41.7,30.0,576,1024,0.5625,1251
POST00000923,118.31831831831832,29.97,576,1024,0.5625,3546
POST00003443,19.233333333333334,30.0,576,1024,0.5625,577
POST00000040,47.53333333333333,30.0,576,1024,0.5625,1426
POST00000049,7.8,30.0,576,1024,0.5625,234
POST00000026,13.466666666666667,30.0,576,1024,0.5625,404
POST00003442,60.03333333333333,30.0,576,1024,0.5625,1801
POST00002351,5.833333333333333,30.0,576,1024,0.5625,175
POST00001209,200.66666666666666,30.0,1024,576,1.7777777777777777,6020
POST00001798,8.1,30.0,576,1024,0.5625,243
POST00002608,54.03333333333333,30.0,576,1024,0.5625,1621
POST00001579,45.083333333333336,29.944547134935306,576,1024,0.5625,1350
POST00000013,33.4,30.0,576,1024,0.5625,1002
POST00000845,8.166666666666666,30.0,540,960,0.5625,245
POST00001509,30.633333333333333,30.0,1024,576,1.7777777777777777,919
POST00003377,47.96666666666667,30.0,576,1024,0.5625,1439
POST00001642,31.1,47.749196141479096,576,746,0.7721179624664879,1485
POST00000274,7.033333333333333,30.0,576,1024,0.5625,211
POST00002051,30.466666666666665,30.0,576,1024,0.5625,914
POST00003694,58.5,24.0,1024,576,1.7777777777777777,1404
POST00000318,34.266666666666666,34.990272373540854,576,1024,0.5625,1199
POST00001698,15.125,24.0,576,1024,0.5625,363
POST00001541,51.13333333333333,55.42372881355932,576,1024,0.5625,2834
POST00002610,10.566666666666666,30.0,576,1024,0.5625,317
POST00000098,21.966666666666665,30.0,576,1024,0.5625,659
POST00002054,24.1,30.0,576,1024,0.5625,723
POST00000712,10.466666666666667,30.0,576,1024,0.5625,314
POST00000781,10.12301813428083,29.833,576,1024,0.5625,302
POST00003558,26.466666666666665,30.0,576,1024,0.5625,794
POST00002552,26.133333333333333,30.0,576,1024,0.5625,784
POST00003381,27.8,30.0,576,1024,0.5625,834
POST00003604,24.433333333333334,30.0,576,1024,0.5625,733
POST00001196,23.6,30.0,576,1024,0.5625,708
POST00002581,31.266666666666666,30.0,576,1024,0.5625,938
POST00001086,58.3,30.0,576,1024,0.5625,1749
POST00002345,46.04604604604605,29.97,576,1024,0.5625,1380
POST00001452,21.566666666666666,30.0,576,1024,0.5625,647
POST00002682,16.182672198032023,29.167,574,766,0.7493472584856397,472
POST00000420,40.7,30.0,576,1024,0.5625,1221
POST00000178,15.583333333333334,60.0,576,1024,0.5625,935
POST00000887,11.566666666666666,30.0,576,1024,0.5625,347
POST00000148,59.75,60.0,576,1024,0.5625,3585
POST00002358,15.1,30.0,576,1024,0.5625,453
POST00002265,2.2,30.0,576,576,1.0,66
POST00002454,17.5,30.0,576,1024,0.5625,525
POST00000758,48.9,30.0,576,1024,0.5625,1467
POST00000187,58.72,25.0,768,576,1.3333333333333333,1468
POST00001500,31.533333333333335,30.0,576,1024,0.5625,946
POST00001464,23.033333333333335,30.0,480,848,0.5660377358490566,691
POST00003036,45.9,30.0,576,1024,0.5625,1377
POST00003333,78.6,30.0,576,1024,0.5625,2358
POST00000695,8.7,30.0,540,960,0.5625,261
POST00000361,16.033333333333335,30.0,576,1024,0.5625,481
POST00001701,22.2,30.0,576,1024,0.5625,666
POST00001512,13.933333333333334,30.0,576,1024,0.5625,418
POST00000028,16.18284951618285,29.97,576,1024,0.5625,485
POST00000430,45.81247914581248,29.97,576,1024,0.5625,1373
POST00001564,48.11478144811478,29.97,576,1024,0.5625,1442
POST00000788,41.80847514180848,29.97,576,1024,0.5625,1253
POST00002079,11.233333333333333,30.0,576,576,1.0,337
POST00000410,13.1,30.0,576,1024,0.5625,393
POST00001021,19.6,30.0,576,1024,0.5625,588
POST00000529,34.96666666666667,29.971401334604383,576,1024,0.5625,1048
POST00000341,97.23333333333333,30.0,540,960,0.5625,2917
POST00000878,16.266666666666666,30.0,540,960,0.5625,488
POST00001057,11.628300037183518,29.583,576,1024,0.5625,344
POST00000039,12.0,30.0,576,1024,0.5625,360
POST00003302,9.133333333333333,30.0,576,1024,0.5625,274
POST00001662,39.63333333333333,30.0,576,1024,0.5625,1189
POST00003906,208.86666666666667,30.0,576,1024,0.5625,6266
POST00000487,68.56666666666666,30.0,576,1024,0.5625,2057
POST00000241,67.33333333333333,30.0,576,1024,0.5625,2020
POST00000469,13.9,30.0,576,1024,0.5625,417
POST00000030,64.06406406406407,29.97,576,1024,0.5625,1920
POST00002006,48.4,30.0,576,1024,0.5625,1452
POST00000739,14.483333333333333,30.034522439585732,576,1024,0.5625,435
POST00001403,7.333333333333333,30.0,576,1024,0.5625,220
POST00000805,29.866666666666667,30.0,540,960,0.5625,896
POST00000206,166.96666666666667,30.0,576,1024,0.5625,5009
POST00001164,13.4,30.0,576,1024,0.5625,402
POST00003171,6.7,30.0,576,1024,0.5625,201
POST00003618,47.6,30.0,576,1024,0.5625,1428
POST00003427,23.666666666666668,30.0,576,1024,0.5625,710
POST00003455,10.033333333333333,30.0,576,1024,0.5625,301
POST00003388,23.166666666666668,30.0,576,1024,0.5625,695
POST00003184,14.933333333333334,30.0,576,1024,0.5625,448
POST00003195,13.466666666666667,30.0,576,1024,0.5625,404
POST00002113,31.966666666666665,30.0,576,1024,0.5625,959
POST00002424,35.6,30.0,576,1024,0.5625,1068
POST00000022,45.53333333333333,30.0,576,1024,0.5625,1366
POST00001108,23.166666666666668,30.0,576,1024,0.5625,695
POST00001216,8.316666666666666,29.939879759519037,576,1024,0.5625,249
POST00002266,27.9,30.0,576,1024,0.5625,837
POST00000363,8.233333333333333,30.0,576,1024,0.5625,247
POST00002089,17.5,30.0,576,1024,0.5625,525
POST00000701,15.133333333333333,30.0,576,1024,0.5625,454
POST00001676,11.9,30.0,576,1024,0.5625,357
POST00001749,21.0,30.0,576,1024,0.5625,630
POST00001660,60.766666666666666,30.0,576,1024,0.5625,1823
POST00000696,20.033333333333335,30.0,576,1024,0.5625,601
POST00000156,14.933333333333334,30.0,576,1246,0.4622792937399679,448
POST00001008,9.866666666666667,30.0,576,1024,0.5625,296
POST00002565,31.2,30.0,576,1024,0.5625,936
POST00001646,20.733333333333334,30.0,576,1024,0.5625,622
POST00000495,63.3,30.0,576,1024,0.5625,1899
POST00003668,22.0,30.0,576,1024,0.5625,660
POST00002391,65.09843176509844,29.97,576,1024,0.5625,1951
POST00003189,39.7,30.0,576,1024,0.5625,1191
POST00002688,9.042375709042377,29.97,576,1024,0.5625,271
POST00001513,6.166666666666667,30.0,576,1024,0.5625,185
POST00001474,6.133333333333334,30.0,576,1024,0.5625,184
POST00002373,76.1,30.0,576,1024,0.5625,2283
POST00002687,6.833333333333333,30.0,576,982,0.5865580448065173,205
POST00000638,54.30430430430431,23.976,576,1024,0.5625,1302
POST00002249,53.7,30.0,576,1024,0.5625,1611
POST00002394,11.7,30.0,576,1024,0.5625,351
POST00002575,116.06666666666666,30.0,576,1024,0.5625,3482
POST00002693,327.5275275275275,29.939468215158925,576,1024,0.5625,9806
POST00002579,6.133333333333334,30.0,576,1024,0.5625,184
POST00000527,13.730397063730397,47.631543134872416,576,1280,0.45,654
POST00000943,5.8,30.0,576,1024,0.5625,174
POST00003075,92.6926926926927,29.97,576,1024,0.5625,2778
POST00001290,28.3,30.0,576,576,1.0,849
POST00001084,7.466666666666667,30.0,576,768,0.75,224
POST00002927,30.033333333333335,30.0,576,668,0.8622754491017964,901
POST00000328,25.4,30.0,576,768,0.75,762
POST00000517,11.933333333333334,30.0,576,576,1.0,358
POST00000332,140.40707374040707,29.97,576,1024,0.5625,4208
POST00000342,13.95,60.0,576,710,0.8112676056338028,837
POST00000346,6.933333333333334,30.0,576,1024,0.5625,208
POST00001227,8.533333333333333,30.0,576,768,0.75,256
POST00001729,39.86666666666667,30.0,576,1246,0.4622792937399679,1196
POST00002629,152.7,29.99345121152587,576,1024,0.5625,4580
POST00000856,116.33333333333333,30.0,576,1024,0.5625,3490
POST00001895,39.33933933933934,29.97,576,1024,0.5625,1179
POST00003004,113.56666666666666,30.0,576,1024,0.5625,3407
POST00002670,21.133333333333333,30.0,576,1024,0.5625,634
POST00001143,54.3,30.0,576,1024,0.5625,1629
POST00003571,58.766666666666666,30.0,720,1280,0.5625,1763
POST00003554,57.86666666666667,30.0,720,720,1.0,1736
POST00003520,86.63333333333334,30.0,576,1024,0.5625,2599
POST00003220,12.6,30.0,576,1024,0.5625,378
POST00002669,8.9,30.0,576,1024,0.5625,267
POST00003411,10.766666666666667,30.0,576,1024,0.5625,323
POST00003930,12.433333333333334,30.0,576,1024,0.5625,373
POST00000736,89.86666666666667,29.944362017804153,576,1024,0.5625,2691
POST00001043,11.7,30.0,576,1024,0.5625,351
POST00003878,7.4,30.0,576,702,0.8205128205128205,222
POST00001879,22.066666666666666,30.0,576,1024,0.5625,662
POST00003948,75.13333333333334,30.0,576,1024,0.5625,2254
POST00003888,91.6,30.0,576,1024,0.5625,2748
POST00002239,34.666666666666664,30.0,576,1024,0.5625,1040
POST00000639,31.833333333333332,30.0,576,1024,0.5625,955
POST00003943,8.233333333333333,30.0,576,1024,0.5625,247
POST00002516,14.5,30.0,576,1024,0.5625,435
POST00001121,41.666666666666664,30.0,576,1026,0.5614035087719298,1250
POST00002069,29.233333333333334,29.35005701254276,576,1024,0.5625,858
POST00002419,55.781493196766576,19.917,576,1024,0.5625,1111
POST00003129,30.5,30.0,576,1024,0.5625,915
POST00001236,30.933333333333334,30.0,576,1024,0.5625,928
POST00002387,45.8,60.0,576,1024,0.5625,2748
POST00003794,9.966666666666667,30.0,576,720,0.8,299
POST00002421,11.033333333333333,30.0,576,576,1.0,331
POST00001412,10.666666666666666,60.0,576,720,0.8,640
POST00003733,15.733333333333333,30.0,576,720,0.8,472
POST00000433,7.033333333333333,30.0,576,576,1.0,211
POST00001953,8.15,60.0,576,576,1.0,489
POST00003482,6.3,30.0,576,1024,0.5625,189
POST00000393,21.88888888888889,27.0,576,1024,0.5625,591
POST00003486,6.333333333333333,27.0,576,1024,0.5625,171
POST00001998,16.033333333333335,30.0,576,1024,0.5625,481
POST00003528,7.0,27.0,576,1024,0.5625,189
POST00000240,10.433333333333334,30.0,576,1024,0.5625,313
POST00003802,5.066666666666666,30.0,576,1024,0.5625,152
POST00002716,79.43333333333332,30.264372639530006,576,1024,0.5625,2404
POST00001459,66.56666666666666,30.0,576,1024,0.5625,1997
POST00000051,13.066666666666666,30.0,576,1024,0.5625,392
POST00001393,35.1,30.0,576,1024,0.5625,1053
POST00002733,16.733333333333334,60.0,576,576,1.0,1004
POST00001169,60.05,60.0,576,1024,0.5625,3603
POST00000589,124.36666666666666,30.0,576,1024,0.5625,3731
POST00000521,22.0,30.0,576,1024,0.5625,660
POST00000637,5.533333333333333,30.0,576,1024,0.5625,166
POST00001695,7.1,30.0,576,1024,0.5625,213
POST00000909,7.1,30.0,576,1024,0.5625,213
POST00001562,50.2,30.0,576,1024,0.5625,1506
POST00003099,7.166666666666667,30.0,576,1024,0.5625,215
POST00000270,12.833333333333334,30.0,576,1024,0.5625,385
POST00001631,6.4,30.0,576,1024,0.5625,192
POST00002659,82.5,30.0,576,1024,0.5625,2475
POST00001118,10.2,30.0,576,1024,0.5625,306
POST00001266,23.366666666666667,30.0,576,1024,0.5625,701
POST00003562,29.295962629295964,29.97,576,1024,0.5625,878
POST00001267,7.866666666666666,30.0,576,1024,0.5625,236
POST00002906,31.4,30.0,576,1024,0.5625,942
POST00003170,8.033333333333333,30.0,576,1024,0.5625,241
POST00001764,12.9,30.0,576,720,0.8,387
POST00003507,10.1,30.0,576,1024,0.5625,303
POST00003739,8.966666666666667,30.0,576,1024,0.5625,269
POST00002848,12.933333333333334,30.0,576,1024,0.5625,388
POST00000447,16.5,30.0,576,1024,0.5625,495
POST00002083,14.033333333333333,30.0,576,1024,0.5625,421
POST00003359,38.666666666666664,30.0,576,1024,0.5625,1160
POST00003823,8.8,30.0,576,1024,0.5625,264
POST00002204,15.766666666666667,30.0,576,1024,0.5625,473
POST00000258,5.066666666666666,30.0,576,1024,0.5625,152
POST00003735,10.8,30.0,576,1024,0.5625,324
POST00002099,14.264264264264265,30.145263157894735,576,958,0.6012526096033403,430
POST00001353,19.066666666666666,30.0,576,1024,0.5625,572
POST00001647,27.333333333333336,59.96341463414634,576,1024,0.5625,1639
POST00000458,7.433333333333334,30.0,576,1024,0.5625,223
POST00003152,15.433333333333334,30.0,576,1248,0.46153846153846156,463
POST00001837,9.266666666666667,30.0,576,1024,0.5625,278
POST00003832,6.733333333333333,30.0,576,1024,0.5625,202
POST00003929,22.466666666666665,30.0,576,1024,0.5625,674
POST00001805,16.46666666666667,29.939271255060728,576,1024,0.5625,493
POST00001438,7.033333333333333,30.0,576,1024,0.5625,211
POST00003651,159.26666666666668,23.532858936793637,576,1024,0.5625,3748
POST00003858,8.125,24.0,576,1024,0.5625,195
POST00003073,17.633333333333333,30.0,576,1024,0.5625,529
POST00003541,13.4,30.0,576,1024,0.5625,402
POST00003827,22.066666666666666,30.0,576,1024,0.5625,662
POST00003886,25.5,30.0,576,1024,0.5625,765
POST00002562,22.1,52.62443438914027,576,1024,0.5625,1163
POST00002425,16.85,60.0,576,1024,0.5625,1011
POST00001580,32.63333333333333,30.0,576,1024,0.5625,979
POST00002329,59.5,30.0,576,1024,0.5625,1785
POST00002592,5.633333333333334,30.0,576,1024,0.5625,169
POST00000237,8.341675008341676,59.94,576,1024,0.5625,500
POST00000080,20.1,30.0,576,1024,0.5625,603
POST00001522,5.933333333333334,30.0,576,1024,0.5625,178
POST00001315,5.809523809523809,21.0,576,1024,0.5625,122
POST00002541,14.7,30.0,576,1024,0.5625,441
POST00001933,9.733333333333333,30.0,576,1024,0.5625,292
POST00002742,9.266666666666667,30.0,576,1024,0.5625,278
POST00001704,8.3,60.0,576,1024,0.5625,498
POST00003300,8.966666666666667,30.0,576,1024,0.5625,269
POST00002806,10.366666666666667,30.0,576,1024,0.5625,311
POST00003598,17.533333333333335,30.0,576,1024,0.5625,526
POST00003422,9.2,30.0,576,1024,0.5625,276
POST00003596,8.933333333333334,27.98507462686567,576,1024,0.5625,250
POST00003522,9.866666666666667,30.0,576,1024,0.5625,296
POST00002857,11.611611611611613,25.836206896551722,576,1024,0.5625,300
POST00000402,58.5,30.0,576,1024,0.5625,1755
POST00002740,7.545454545454546,33.0,576,1024,0.5625,249
POST00003529,63.3,30.0,576,768,0.75,1899
POST00003738,26.866666666666667,30.0,576,1024,0.5625,806
POST00003619,5.933333333333334,30.0,576,1024,0.5625,178
POST00000756,12.979646312979646,29.97,576,1024,0.5625,389
POST00002536,151.2,30.0,576,1024,0.5625,4536
POST00002933,7.4,30.0,576,1024,0.5625,222
POST00002867,13.366666666666667,30.0,576,1024,0.5625,401
POST00003687,5.933333333333334,30.0,576,1024,0.5625,178
POST00000817,21.666666666666668,30.0,576,1280,0.45,650
POST00003106,173.6,30.0,576,1024,0.5625,5208
POST00002251,109.53333333333333,30.0,576,1024,0.5625,3286
POST00001286,10.733333333333333,30.0,576,1024,0.5625,322
POST00001623,10.466666666666667,30.0,576,1024,0.5625,314
POST00001404,11.966666666666667,30.0,576,1024,0.5625,359
POST00003351,37.87120453787121,23.976,576,1024,0.5625,908
POST00000941,8.0,30.0,576,1024,0.5625,240
POST00002598,9.041666666666666,24.0,576,1024,0.5625,217
POST00002040,22.3,30.0,576,1024,0.5625,669
POST00003589,12.3,30.0,540,954,0.5660377358490566,369
POST00002286,274.53333333333336,30.0,576,1024,0.5625,8236
POST00002823,10.366666666666667,30.0,576,1024,0.5625,311
POST00001766,14.933333333333334,30.0,576,1024,0.5625,448
POST00000047,16.233333333333334,30.0,540,960,0.5625,487
POST00001051,56.72339005672339,29.881852941176472,576,1024,0.5625,1695
POST00003561,89.4,30.0,576,1024,0.5625,2682
POST00003393,15.033333333333333,29.933481152993348,576,1024,0.5625,450
POST00000125,58.4,30.0,576,1024,0.5625,1752
POST00001689,59.7,30.0,576,1024,0.5625,1791
POST00001770,20.466666666666665,30.0,576,1024,0.5625,614
POST00002574,52.986319652986325,29.97,576,1024,0.5625,1588
POST00003692,51.333333333333336,30.0,576,1024,0.5625,1540
POST00003600,21.233333333333334,30.0,576,1024,0.5625,637
POST00003196,10.333333333333334,30.0,576,1024,0.5625,310
POST00001978,79.0,30.0,576,1024,0.5625,2370
POST00001828,14.166666666666666,30.0,576,1024,0.5625,425
POST00003727,21.0,30.0,576,1024,0.5625,630
POST00003125,19.8,30.0,576,1024,0.5625,594
POST00001759,42.56666666666667,30.0,576,1024,0.5625,1277
POST00002403,63.56666666666667,60.0,576,1024,0.5625,3814
POST00001699,56.2,30.0,576,1024,0.5625,1686
POST00001518,25.05,60.0,576,1024,0.5625,1503
POST00001964,23.0,24.695652173913043,576,1024,0.5625,568
POST00003385,11.8,30.0,576,1024,0.5625,354
POST00001314,12.333333333333334,30.0,576,1024,0.5625,370
POST00000592,44.62,50.0,576,1024,0.5625,2231
POST00000170,30.03003003003003,29.97,576,1024,0.5625,900
POST00003487,39.06666666666667,30.0,576,1024,0.5625,1172
POST00002764,43.733333333333334,30.0,576,1024,0.5625,1312
POST00003000,114.60000000000001,29.973821989528794,576,1024,0.5625,3435
POST00001696,17.1,30.0,576,1024,0.5625,513
POST00000483,11.411411411411413,29.97,576,1082,0.532347504621072,342
POST00000614,16.466666666666665,30.0,576,1024,0.5625,494
POST00002074,30.933333333333334,30.0,576,1024,0.5625,928
POST00001187,58.0,30.0,576,1024,0.5625,1740
POST00000471,61.583333333333336,60.0,576,1024,0.5625,3695
POST00001671,22.1,30.0,576,1024,0.5625,663
POST00002055,25.433333333333334,30.0,576,1024,0.5625,763
POST00003321,16.2,30.0,576,1024,0.5625,486
POST00000313,9.566666666666666,60.0,576,1024,0.5625,574
POST00000335,14.65,30.102389078498295,576,1024,0.5625,441
POST00000075,14.92,50.0,576,1024,0.5625,746
POST00002825,40.211251128121134,29.917,576,1024,0.5625,1203
POST00003069,10.533333333333333,30.0,576,1024,0.5625,316
POST00002407,23.4,30.0,576,1024,0.5625,702
POST00003251,17.533333333333335,30.0,576,1024,0.5625,526
POST00001734,30.2,30.0,576,1018,0.5658153241650294,906
POST00000138,10.81081081081081,29.97,576,1024,0.5625,324
POST00003086,17.28,25.0,576,1024,0.5625,432
POST00002817,34.6,30.0,576,1024,0.5625,1038
POST00001302,47.06666666666667,30.0,576,1024,0.5625,1412
POST00002839,8.733333333333333,30.0,576,1024,0.5625,262
POST00002544,13.0,30.0,576,1024,0.5625,390
POST00000583,6.733333333333333,30.0,576,1024,0.5625,202
POST00003229,5.772439105772439,29.97,576,1024,0.5625,173
POST00001914,41.63333333333333,30.0,576,1024,0.5625,1249
POST00000076,6.133333333333334,30.0,576,1024,0.5625,184
POST00000278,8.983333333333333,60.0,576,1024,0.5625,539
POST00001848,10.666666666666666,24.0,576,1024,0.5625,256
POST00000542,8.333333333333334,30.0,576,1024,0.5625,250
POST00000109,10.366666666666667,30.0,576,1022,0.5636007827788649,311
POST00003357,14.44,25.0,632,576,1.0972222222222223,361
POST00001493,5.8,30.0,458,456,1.0043859649122806,174
POST00003150,11.878545211878546,29.97,576,1024,0.5625,356
POST00000882,34.9,30.0,576,1024,0.5625,1047
POST00000090,9.0,60.0,576,1024,0.5625,540
POST00000939,23.958333333333332,24.0,576,1024,0.5625,575
POST00003439,9.6,30.0,576,576,1.0,288
POST00000936,6.2,60.0,576,1024,0.5625,372
POST00002626,96.3,30.0,576,1024,0.5625,2889
POST00000933,21.25,60.0,576,1024,0.5625,1275
POST00000730,6.183333333333334,60.0,576,1024,0.5625,371
POST00000849,14.833333333333334,60.0,576,1024,0.5625,890
POST00002632,6.5,30.0,576,1024,0.5625,195
POST00003100,169.83333333333334,30.0,576,1024,0.5625,5095
POST00003112,15.766666666666666,29.936575052854124,576,1024,0.5625,472
POST00003713,10.966666666666667,29.908814589665653,576,1024,0.5625,328
POST00001615,12.0,30.0,768,576,1.3333333333333333,360
POST00001892,7.5,30.0,576,1024,0.5625,225
POST00000408,14.933333333333334,30.0,576,1024,0.5625,448
POST00002714,15.0,30.0,576,1024,0.5625,450
POST00003607,15.066666666666666,30.0,576,1024,0.5625,452
POST00001867,7.533333333333333,30.0,576,1024,0.5625,226
POST00001471,5.833333333333333,30.0,576,1136,0.5070422535211268,175
POST00001626,171.76666666666668,30.0,576,1024,0.5625,5153
POST00000498,27.666666666666668,30.0,576,1024,0.5625,830
POST00002155,33.0,29.939393939393938,576,1024,0.5625,988
POST00001458,14.5,30.0,576,1134,0.5079365079365079,435
POST00001816,15.0,30.0,576,1024,0.5625,450
POST00000524,26.333333333333332,30.0,576,1024,0.5625,790
POST00000742,12.2,30.0,576,1024,0.5625,366
POST00001516,85.96666666666667,30.0,576,1126,0.5115452930728241,2579
POST00001158,4.9,30.0,576,1024,0.5625,147
POST00002520,4.9,30.0,576,1024,0.5625,147
POST00001670,15.433333333333332,30.194384449244062,576,1024,0.5625,466
POST00003671,36.46980313646981,29.97,576,1024,0.5625,1093
POST00003274,40.5,30.0,576,1024,0.5625,1215
POST00003641,50.63333333333333,30.0,576,1024,0.5625,1519
POST00002244,83.13333333333334,30.0,576,1024,0.5625,2494
POST00001087,17.6,30.0,576,1024,0.5625,528
POST00001732,52.833333333333336,30.0,576,1024,0.5625,1585
POST00001088,13.7,30.0,576,1024,0.5625,411
POST00000573,79.48333333333333,60.0,576,1024,0.5625,4769
POST00002299,35.78333333333333,60.0,576,1024,0.5625,2147
POST00003549,98.1,30.0,576,1024,0.5625,2943
POST00002729,44.33333333333333,29.977443609022558,576,1024,0.5625,1329
POST00001645,18.466666666666665,30.0,576,1024,0.5625,554
POST00003236,137.2,30.0,576,1024,0.5625,4116
POST00003615,30.4,29.93421052631579,576,768,0.75,910
POST00001401,30.1,30.0,576,1024,0.5625,903
POST00001220,14.566666666666666,60.0,576,1024,0.5625,874
POST00001453,12.5,60.0,576,1024,0.5625,750
POST00003792,27.4,30.0,576,1022,0.5636007827788649,822
POST00003960,12.433333333333334,27.10455764075067,576,1024,0.5625,337
POST00003680,21.3,30.0,576,1024,0.5625,639
POST00003483,9.366666666666667,30.0,576,1024,0.5625,281
POST00001525,32.232232232232235,29.97,576,1024,0.5625,966
POST00000785,101.2,29.822134387351777,576,1024,0.5625,3018
POST00001762,13.933333333333334,30.0,576,1024,0.5625,418
POST00003729,73.23333333333333,30.0,576,1024,0.5625,2197
POST00000656,61.233333333333334,30.0,576,1024,0.5625,1837
POST00002304,91.66666666666667,29.978181818181817,576,1024,0.5625,2748
POST00001130,5.739072405739073,59.94,576,1024,0.5625,344
POST00000890,6.766666666666667,28.669950738916256,576,1024,0.5625,194
POST00001318,29.066666666666666,30.0,576,1024,0.5625,872
POST00002816,59.5,30.0,576,1024,0.5625,1785
POST00001705,28.133333333333333,30.0,576,1024,0.5625,844
POST00000500,8.1,30.0,540,960,0.5625,243
POST00000780,36.13333333333333,30.0,576,1024,0.5625,1084
POST00001992,5.533333333333333,30.0,576,1024,0.5625,166
POST00003491,11.033333333333333,30.0,576,1024,0.5625,331
POST00002500,30.0,30.0,576,1024,0.5625,900
POST00000683,27.560894227560894,29.97,576,1024,0.5625,826
POST00003413,14.633333333333333,30.0,576,1024,0.5625,439
POST00002697,37.70437103770437,29.97,576,1024,0.5625,1130
POST00001418,72.46666666666667,30.0,576,1024,0.5625,2174
POST00002057,10.45,60.0,576,1022,0.5636007827788649,627
POST00003460,32.3,30.0,576,1024,0.5625,969
POST00001856,22.65598932265599,31.11759941089838,576,1024,0.5625,705
POST00000518,20.033333333333335,30.0,576,1018,0.5658153241650294,601
POST00000285,11.133333333333333,30.0,576,812,0.7093596059113301,334
POST00001329,18.066666666666666,30.0,576,1024,0.5625,542
POST00003555,41.46666666666667,30.0,576,1024,0.5625,1244
POST00001542,77.83333333333333,30.0,576,1024,0.5625,2335
POST00002518,59.96666666666667,30.0,576,1024,0.5625,1799
POST00000450,48.233333333333334,30.0,576,1024,0.5625,1447
POST00002009,67.63333333333334,30.0,576,1024,0.5625,2029
POST00000069,98.16666666666667,60.0,576,1024,0.5625,5890
POST00001273,34.833333333333336,30.0,576,1024,0.5625,1045
POST00002184,42.14185376538654,42.001,576,1024,0.5625,1770
POST00001593,35.83583583583584,29.97,576,1024,0.5625,1074
POST00000711,15.1,30.0,576,1024,0.5625,453
POST00002596,32.833333333333336,30.0,576,1024,0.5625,985
POST00000113,180.20000000000002,29.983351831298556,576,1024,0.5625,5403
POST00000902,123.66666666666667,30.0,576,1024,0.5625,3710
POST00002845,24.0,30.166666666666668,576,1060,0.5433962264150943,724
POST00002949,14.033333333333333,30.0,576,1024,0.5625,421
POST00001918,18.0,29.555555555555557,576,1024,0.5625,532
POST00001765,6.533333333333333,30.0,576,1024,0.5625,196
POST00002173,59.400000000000006,59.91582491582491,576,1024,0.5625,3559
POST00002443,48.173173173173176,23.976,576,1024,0.5625,1155
POST00001740,44.56666666666667,30.0,576,1024,0.5625,1337
POST00002355,27.866666666666667,30.0,576,1024,0.5625,836
POST00002511,20.186853520186855,29.97,576,1024,0.5625,605
POST00003380,61.53333333333333,30.0,576,1024,0.5625,1846
POST00000378,60.06006006006006,29.97,576,1024,0.5625,1800
POST00000292,10.4,25.0,576,1024,0.5625,260
POST00002920,18.816666666666666,60.0,576,1024,0.5625,1129
POST00001506,48.6,30.0,576,1024,0.5625,1458
POST00002360,22.2,30.0,576,1024,0.5625,666
POST00003594,11.833333333333334,30.0,576,768,0.75,355
POST00001591,55.833333333333336,30.0,576,1024,0.5625,1675
POST00000913,14.2,30.0,576,1024,0.5625,426
POST00002152,59.85985985985986,59.94,576,1024,0.5625,3588
POST00000226,18.81881881881882,29.97,576,1024,0.5625,564
POST00002753,179.73333333333332,30.0,1024,576,1.7777777777777777,5392
POST00002752,179.66666666666666,30.0,1024,576,1.7777777777777777,5390
POST00000630,28.77777777777778,54.0,576,1024,0.5625,1554
POST00002508,11.2,20.0,576,1024,0.5625,224
POST00003009,21.366666666666667,30.0,576,1024,0.5625,641
POST00003637,63.66366366366366,29.84433962264151,576,1024,0.5625,1900
POST00001714,46.300000000000004,29.913606911447083,576,1024,0.5625,1385
POST00002505,10.625,24.0,576,1024,0.5625,255
POST00001786,98.43333333333332,29.959363359295633,576,1024,0.5625,2949
POST00000042,58.53333333333333,30.0,576,1024,0.5625,1756
POST00001678,27.833333333333332,30.0,576,1024,0.5625,835
POST00001342,48.4,30.0,576,1024,0.5625,1452
POST00001358,55.166666666666664,30.0,576,1024,0.5625,1655
POST00003978,49.375,24.0,576,1024,0.5625,1185
POST00001344,56.06666666666667,30.0,576,1024,0.5625,1682
POST00002466,56.35,56.983141082519964,576,1024,0.5625,3211
POST00002000,8.533333333333333,30.0,576,1024,0.5625,256
POST00001787,14.533333333333333,30.0,576,1024,0.5625,436
POST00002232,16.683333333333334,30.98901098901099,576,1024,0.5625,517
POST00001970,31.566666666666666,30.0,576,1024,0.5625,947
POST00001496,33.9,30.0,576,938,0.6140724946695096,1017
POST00001745,22.539205872539206,59.94,576,1024,0.5625,1351
POST00001878,25.0,30.0,576,1024,0.5625,750
POST00002616,35.233333333333334,60.0,576,1024,0.5625,2114
POST00003749,17.883333333333333,60.0,576,1024,0.5625,1073
POST00001560,10.066666666666666,30.0,576,1024,0.5625,302
POST00002475,18.266666666666666,30.0,576,1024,0.5625,548
POST00001673,59.95,59.98331943286072,576,1024,0.5625,3596
POST00000121,14.169491525423728,59.0,576,1024,0.5625,836
POST00000507,14.033333333333333,30.0,576,1024,0.5625,421
POST00003315,14.6,30.0,576,1024,0.5625,438
POST00002556,11.333333333333334,30.0,576,1024,0.5625,340
POST00001884,81.96666666666667,30.0,576,1024,0.5625,2459
POST00003169,19.4,30.0,576,1024,0.5625,582
POST00002318,7.033333333333333,30.0,576,768,0.75,211
POST00002591,29.766666666666666,29.932810750279955,576,1024,0.5625,891
POST00003654,8.62962962962963,27.0,576,876,0.6575342465753424,233
POST00001958,46.4,30.0,576,1024,0.5625,1392
POST00001916,9.833333333333334,30.0,576,1024,0.5625,295
POST00001210,35.86666666666667,30.0,576,1024,0.5625,1076
POST00003318,273.43333333333334,30.0,576,1024,0.5625,8203
POST00002027,12.633333333333333,30.0,576,1024,0.5625,379
POST00002428,49.1,30.0,576,768,0.75,1473
POST00002612,126.96666666666667,30.0,576,1024,0.5625,3809
POST00003764,36.70337003670337,29.97,576,1024,0.5625,1100
POST00001873,6.466666666666667,30.0,576,1024,0.5625,194
POST00001422,27.333333333333332,30.0,576,1024,0.5625,820
POST00003139,39.96666666666667,30.0,576,1024,0.5625,1199
POST00003477,8.933333333333334,30.0,576,1024,0.5625,268
POST00002510,14.433333333333334,30.0,576,726,0.7933884297520661,433
POST00003358,8.7,30.0,576,1024,0.5625,261
POST00002613,8.6,30.0,576,1024,0.5625,258
POST00002097,11.366666666666667,30.0,576,1024,0.5625,341
POST00001013,29.396062729396064,29.799909194097616,576,1024,0.5625,876
POST00000692,15.033333333333333,30.0,576,1054,0.5464895635673624,451
POST00002829,7.2592592592592595,27.0,576,768,0.75,196
POST00002989,6.966666666666667,30.0,576,768,0.75,209
POST00002571,13.766666666666667,30.0,576,1024,0.5625,413
POST00003187,11.3,30.0,576,1024,0.5625,339
POST00002185,19.366666666666667,30.0,576,1024,0.5625,581
POST00002243,54.1,30.0,576,1024,0.5625,1623
POST00001510,9.7,30.0,576,1024,0.5625,291
POST00003197,19.5,30.0,576,1024,0.5625,585
POST00003788,17.1,30.0,576,1026,0.5614035087719298,513
POST00001717,11.233333333333333,59.64391691394659,576,1024,0.5625,670
POST00001841,8.4,30.0,576,1024,0.5625,252
POST00001597,107.36666666666666,30.0,576,1218,0.4729064039408867,3221
POST00003941,13.033333333333333,30.0,576,1024,0.5625,391
POST00001296,21.7,30.0,576,1024,0.5625,651
POST00002377,14.683333333333334,60.0,576,1024,0.5625,881
POST00000925,30.5,24.0,480,848,0.5660377358490566,732
POST00001941,10.977644310977645,29.97,576,1024,0.5625,329
POST00001138,15.0,24.0,576,1024,0.5625,360
POST00003467,52.7,28.519924098671726,576,1024,0.5625,1503
POST00002149,10.133333333333333,60.0,576,1024,0.5625,608
POST00003901,5.52,25.0,576,1024,0.5625,138
POST00003730,63.333333333333336,30.0,576,1024,0.5625,1900
POST00000920,12.933333333333334,30.0,576,1024,0.5625,388
POST00002860,63.5,30.0,576,1024,0.5625,1905
POST00001175,51.099999999999994,29.569471624266146,576,1024,0.5625,1511
POST00003096,7.5,30.0,576,1024,0.5625,225
POST00000048,12.6,30.0,576,1024,0.5625,378
POST00002800,28.966666666666665,30.0,576,1024,0.5625,869
POST00000032,10.133333333333333,30.0,576,1024,0.5625,304
POST00002493,102.76666666666667,30.0,1280,720,1.7777777777777777,3083
POST00003489,13.2,30.0,576,1024,0.5625,396
POST00003313,17.3,30.0,576,1024,0.5625,519
POST00002112,59.1,30.0,576,1024,0.5625,1773
POST00001078,100.16666666666667,30.0,576,1024,0.5625,3005
POST00003103,77.21054387721054,29.97,576,1024,0.5625,2314
POST00002676,18.7,30.0,854,480,1.7791666666666666,561
POST00002461,19.533333333333335,30.0,576,1024,0.5625,586
POST00003135,69.9,29.985693848354792,576,1024,0.5625,2096
POST00000894,10.8,60.0,576,1024,0.5625,648
POST00001846,10.0,29.9,576,1024,0.5625,299
POST00003820,73.4,30.0,576,1024,0.5625,2202
POST00002478,15.1,30.0,576,1024,0.5625,453
POST00000083,17.766666666666666,30.0,576,1024,0.5625,533
POST00002561,120.43333333333334,30.0,576,1152,0.5,3613
POST00000389,13.733333333333333,30.0,576,1024,0.5625,412
POST00002529,9.533333333333333,30.0,576,1024,0.5625,286
POST00000119,5.666666666666667,30.0,576,1024,0.5625,170
POST00002903,20.033333333333335,30.0,576,1024,0.5625,601
POST00003223,45.46666666666667,30.0,720,1280,0.5625,1364
POST00001845,12.033333333333333,30.0,576,1024,0.5625,361
POST00003494,21.266666666666666,30.0,576,1024,0.5625,638
POST00000778,23.0,30.0,576,1024,0.5625,690
POST00003057,10.233333333333333,30.0,576,1024,0.5625,307
POST00001622,57.89122455789123,23.976,576,1024,0.5625,1388
POST00003701,55.6,30.0,576,1024,0.5625,1668
POST00003532,9.866666666666667,30.0,576,1024,0.5625,296
POST00000448,12.466666666666667,30.0,576,1024,0.5625,374
POST00000533,28.566666666666666,30.0,576,1024,0.5625,857
POST00002622,20.533333333333335,30.0,576,1024,0.5625,616
POST00001229,105.82611892903701,29.73746020214782,352,640,0.55,3147
POST00003639,19.2,30.0,576,1024,0.5625,576
POST00003909,31.233333333333334,30.0,576,720,0.8,937
POST00000557,15.72,25.0,576,1024,0.5625,393
POST00001934,13.8,30.0,576,1024,0.5625,414
POST00003266,15.8,30.0,576,1024,0.5625,474
POST00002199,87.73333333333333,30.0,576,1024,0.5625,2632
POST00003078,15.700000000000001,29.745222929936304,576,1024,0.5625,467
POST00003446,56.2,30.0,576,1024,0.5625,1686
POST00000632,11.833333333333334,40.732394366197184,576,1024,0.5625,482
POST00002063,5.133333333333334,30.0,576,864,0.6666666666666666,154
POST00002422,27.033333333333335,30.0,576,1024,0.5625,811
POST00000336,10.4,30.0,576,1024,0.5625,312
POST00002630,8.733333333333333,30.0,576,1024,0.5625,262
POST00002364,43.333333333333336,29.4,576,1024,0.5625,1274
POST00000354,7.0,30.0,576,1024,0.5625,210
POST00000344,6.466666666666667,30.0,576,1024,0.5625,194
POST00003834,15.133333333333333,28.6784140969163,576,1024,0.5625,434
POST00002707,26.8743523749039,29.54489800995025,576,1024,0.5625,794
POST00000310,258.26666666666665,30.0,576,1024,0.5625,7748
POST00000836,34.666666666666664,30.0,576,1024,0.5625,1040
POST00001767,15.133333333333335,29.86784140969163,576,1024,0.5625,452
POST00001502,17.0,30.0,576,1024,0.5625,510
POST00001002,17.733333333333334,41.33458646616541,576,1024,0.5625,733
POST00000101,13.633333333333333,30.0,576,1024,0.5625,409
POST00003304,23.5,30.0,576,1024,0.5625,705
POST00002282,13.666666666666666,30.0,576,1024,0.5625,410
POST00001754,12.166666666666666,30.0,576,1024,0.5625,365
POST00002310,18.1,30.0,576,1024,0.5625,543
POST00000977,21.05,52.25653206650831,576,1024,0.5625,1100
POST00000869,21.233333333333334,30.0,576,1024,0.5625,637
POST00002664,15.08174841508175,29.97,576,1024,0.5625,452
POST00001223,9.633333333333333,30.0,576,1122,0.5133689839572193,289
POST00003665,11.366666666666667,30.0,576,1024,0.5625,341
POST00002810,6.2,30.0,576,1024,0.5625,186
POST00001072,20.833333333333332,30.0,576,1024,0.5625,625
POST00001076,45.93333333333333,30.0,576,1024,0.5625,1378
POST00001071,31.8,30.0,576,1024,0.5625,954
POST00001090,47.166666666666664,30.0,576,1024,0.5625,1415
POST00003475,18.351685018351684,29.97,576,1024,0.5625,550
POST00002703,136.78333333333333,30.13525039600341,576,1024,0.5625,4122
POST00002134,56.166666666666664,30.0,576,1024,0.5625,1685
POST00003947,15.0,30.0,576,1024,0.5625,450
POST00002300,35.708333333333336,24.0,576,1024,0.5625,857
POST00002354,20.32032032032032,29.97,576,1024,0.5625,609
POST00002202,59.43333333333333,30.0,576,1024,0.5625,1783
POST00001587,14.98164831498165,29.97,576,1024,0.5625,449
POST00002139,59.49282615949283,29.97,576,1024,0.5625,1783
POST00001967,10.443777110443778,29.97,576,1024,0.5625,313
POST00001371,11.100000000000001,36.486486486486484,576,1024,0.5625,405
POST00002293,51.291666666666664,24.0,576,1024,0.5625,1231
POST00002301,44.208333333333336,24.0,576,1024,0.5625,1061
POST00000017,11.644978311644978,29.97,576,1024,0.5625,349
POST00003828,20.366666666666667,30.0,576,1024,0.5625,611
POST00001640,20.033333333333335,30.0,576,1024,0.5625,601
POST00000935,29.55,60.0,576,1024,0.5625,1773
POST00000205,24.5,30.0,576,1024,0.5625,735
POST00000340,16.866666666666667,30.0,576,1024,0.5625,506
POST00003166,13.866666666666667,30.0,576,1024,0.5625,416
POST00002945,15.033333333333333,30.0,576,1024,0.5625,451
POST00003253,11.466666666666667,30.0,576,1024,0.5625,344
POST00002765,25.766666666666666,30.0,576,1024,0.5625,773
POST00003217,15.833333333333334,30.0,576,1024,0.5625,475
POST00002866,13.166666666666666,30.0,576,1024,0.5625,395
POST00003314,15.633333333333333,30.0,576,1024,0.5625,469
POST00003245,7.966666666666667,60.0,576,1024,0.5625,478
POST00001364,9.6,60.0,576,1024,0.5625,576
POST00003616,12.7,30.0,576,1024,0.5625,381
POST00000355,20.0,30.0,576,1024,0.5625,600
POST00003188,10.5,30.0,576,1024,0.5625,315
POST00002542,11.466666666666667,30.0,576,1024,0.5625,344
POST00001675,7.776623202493883,29.833,576,1024,0.5625,232
POST00002031,6.066666666666666,30.0,576,1024,0.5625,182
POST00001425,8.966666666666667,30.0,576,1024,0.5625,269
POST00002438,15.0,30.0,576,1024,0.5625,450
POST00001281,17.333333333333332,30.0,576,1098,0.5245901639344263,520
POST00001993,9.333333333333334,30.0,576,1024,0.5625,280
POST00001246,11.633333333333333,29.140401146131804,576,1134,0.5079365079365079,339
POST00001200,7.8,30.0,576,1024,0.5625,234
POST00002861,5.466666666666667,30.0,576,1024,0.5625,164
POST00003030,10.31031031031031,29.97,576,1024,0.5625,309
POST00002248,5.816666666666666,60.0,576,1024,0.5625,349
POST00003219,89.23333333333333,30.0,576,1024,0.5625,2677
POST00003587,431.64,25.0,576,1024,0.5625,10791
POST00001936,22.133333333333333,30.0,576,1024,0.5625,664
POST00001435,6.406406406406407,29.97,576,1026,0.5614035087719298,192
POST00003971,6.5732399065732405,29.97,576,1024,0.5625,197
POST00001906,8.89655172413793,29.0,576,1024,0.5625,258
POST00000301,17.4,30.0,576,1024,0.5625,522
POST00003774,26.7,30.0,576,1024,0.5625,801
POST00003278,12.8,30.0,704,576,1.2222222222222223,384
POST00002942,92.85,60.0,576,1024,0.5625,5571
POST00001044,8.166666666666666,30.0,720,1280,0.5625,245
POST00002821,10.283333333333333,42.59319286871961,576,1024,0.5625,438
POST00002101,9.2,30.0,574,1030,0.5572815533980583,276
POST00000035,59.0,30.0,540,960,0.5625,1770
POST00002957,32.30166238680903,29.596,576,1024,0.5625,956
POST00001335,127.4,30.0,576,1024,0.5625,3822
POST00003462,13.3,30.0,576,1024,0.5625,399
POST00000462,15.033333333333333,30.0,540,960,0.5625,451
POST00002838,14.266666666666667,30.0,576,1024,0.5625,428
POST00002519,20.216666666666665,59.95053586150041,576,1024,0.5625,1212
POST00001551,6.616666666666666,60.0,576,1024,0.5625,397
POST00002961,13.133333333333333,30.0,576,1024,0.5625,394
POST00001492,96.0,30.0,576,1024,0.5625,2880
POST00002177,9.7,30.0,720,1280,0.5625,291
POST00000333,40.733333333333334,30.0,540,960,0.5625,1222
POST00001789,56.46666666666667,30.053128689492326,720,1280,0.5625,1697
POST00001306,12.033333333333333,30.0,576,1024,0.5625,361
POST00002137,64.95,30.223248652809854,576,1024,0.5625,1963
POST00003365,48.5,30.0,576,1024,0.5625,1455
POST00000436,59.85985985985986,29.97,576,1024,0.5625,1794
POST00003565,11.9,30.0,576,1024,0.5625,357
POST00002332,6.383333333333333,30.39164490861619,576,1024,0.5625,194
POST00003097,8.866666666666667,30.0,576,1024,0.5625,266
POST00002440,16.766666666666666,30.0,576,1024,0.5625,503
POST00000972,12.4,30.0,576,1024,0.5625,372
POST00003214,11.2,30.0,576,1024,0.5625,336
POST00002898,48.96666666666667,30.0,576,1024,0.5625,1469
POST00003712,67.4,30.0,576,1024,0.5625,2022
POST00002146,58.5,30.0,576,1024,0.5625,1755
POST00001045,92.06666666666666,30.0,576,1024,0.5625,2762
POST00001362,50.766666666666666,30.0,576,1024,0.5625,1523
POST00002154,16.400000000000002,24.9390243902439,576,1024,0.5625,409
POST00003130,82.46666666666667,30.0,576,1024,0.5625,2474
POST00000988,13.7,30.0,768,576,1.3333333333333333,411
POST00000033,18.066666666666666,30.0,576,1024,0.5625,542
POST00002147,93.06666666666666,30.0,576,1024,0.5625,2792
POST00002109,180.56666666666666,30.0,576,1024,0.5625,5417
POST00003181,72.2,30.0,576,1024,0.5625,2166
POST00001691,36.85,60.0,576,1024,0.5625,2211
POST00002110,57.56666666666667,30.0,576,1024,0.5625,1727
POST00002323,39.06666666666667,30.0,576,1024,0.5625,1172
POST00003303,39.3,30.0,576,1024,0.5625,1179
POST00002744,52.5,30.0,576,1024,0.5625,1575
POST00003264,39.266666666666666,30.0,576,1024,0.5625,1178
POST00002782,9.4,30.0,576,1024,0.5625,282
POST00002665,17.684351017684353,30.365830188679244,576,1024,0.5625,537
POST00003146,7.5,30.0,576,1024,0.5625,225
POST00003186,90.76666666666667,30.0,576,1024,0.5625,2723
POST00001939,11.9,30.0,576,1024,0.5625,357
POST00003254,64.16666666666667,30.0,576,1024,0.5625,1925
POST00003790,96.96666666666667,30.0,576,1024,0.5625,2909
POST00000675,60.05,26.877601998334722,576,1024,0.5625,1614
POST00001968,27.866666666666667,30.0,576,1024,0.5625,836
POST00001801,4.866666666666667,29.794520547945204,576,1024,0.5625,145
POST00000899,20.333333333333332,24.0,576,1024,0.5625,488
POST00001923,62.63333333333333,30.0,576,1024,0.5625,1879
POST00003801,57.18218218218218,23.976,576,1024,0.5625,1371
POST00002372,57.233333333333334,30.0,576,1024,0.5625,1717
POST00002060,6.566666666666666,30.0,576,1024,0.5625,197
POST00003367,33.5,30.0,576,1024,0.5625,1005
POST00003224,47.4,30.0,576,1024,0.5625,1422
POST00000314,43.0,30.0,576,1024,0.5625,1290
POST00000465,39.93333333333333,30.0,576,1244,0.4630225080385852,1198
POST00000824,26.066666666666666,31.035805626598467,576,1024,0.5625,809
POST00002594,58.9,30.0,576,1024,0.5625,1767
POST00001852,43.36666666666667,30.0,576,1024,0.5625,1301
POST00002357,9.033333333333333,30.0,576,1024,0.5625,271
POST00002191,15.9,30.0,576,1024,0.5625,477
POST00000214,12.3,30.0,576,1022,0.5636007827788649,369
POST00001360,15.0,30.0,576,1024,0.5625,450
POST00000650,22.633333333333333,30.0,576,1024,0.5625,679
POST00000321,72.73333333333333,30.0,576,1024,0.5625,2182
POST00000158,46.63333333333333,30.0,576,1024,0.5625,1399
POST00000283,70.23333333333333,30.0,576,1024,0.5625,2107
POST00000186,38.96666666666667,30.0,576,1024,0.5625,1169
POST00000136,57.36666666666667,30.0,576,1024,0.5625,1721
POST00001758,12.266666666666667,29.592391304347824,576,1024,0.5625,363
POST00000043,13.449287086661947,29.667,540,960,0.5625,399
POST00002635,11.828495161828496,29.16685472496474,576,1024,0.5625,345
POST00001598,16.833333333333332,30.0,576,1024,0.5625,505
POST00003453,14.333333333333334,30.0,540,960,0.5625,430
POST00002948,8.9,30.0,576,1024,0.5625,267
POST00002392,21.966666666666665,30.0,576,1024,0.5625,659
POST00002932,20.041666666666668,24.0,576,1024,0.5625,481
POST00001330,171.8,30.0,576,1036,0.555984555984556,5154
POST00000946,20.066666666666666,30.0,576,1024,0.5625,602
POST00003976,50.9,30.0,576,576,1.0,1527
POST00001793,25.966666666666665,30.0,576,1024,0.5625,779
POST00002584,9.1,30.0,576,1024,0.5625,273
POST00000233,39.86666666666667,30.0,576,1024,0.5625,1196
POST00000169,60.9,30.0,576,1024,0.5625,1827
POST00001085,24.533333333333335,30.0,576,1024,0.5625,736
POST00000151,51.13333333333333,30.0,576,1024,0.5625,1534
POST00000139,36.8,30.0,576,1024,0.5625,1104
POST00000974,45.37871204537871,23.976,576,1024,0.5625,1088
POST00003574,8.433333333333334,30.0,576,1024,0.5625,253
POST00002431,100.1926782273603,27.037903846153846,576,1024,0.5625,2709
POST00000134,34.03333333333333,30.0,576,1024,0.5625,1021
POST00001909,20.0,30.0,576,1024,0.5625,600
POST00002036,22.766666666666666,30.0,576,1024,0.5625,683
POST00000238,70.3,30.0,576,1024,0.5625,2109
POST00002271,7.133333333333334,30.0,576,1024,0.5625,214
POST00000135,32.666666666666664,30.0,576,1024,0.5625,980
POST00002726,11.3,30.0,576,1024,0.5625,339
POST00002628,15.933333333333334,30.0,540,960,0.5625,478
POST00000111,39.03333333333333,60.0,576,576,1.0,2342
POST00000172,32.9,30.0,540,960,0.5625,987
POST00000261,120.23333333333333,30.0,540,960,0.5625,3607
POST00003833,72.93960627293961,29.97,576,1024,0.5625,2186
POST00000792,46.6,30.0,576,1024,0.5625,1398
POST00000284,174.0,30.0,540,960,0.5625,5220
POST00000633,27.366666666666667,30.0,576,1024,0.5625,821
POST00001041,112.86666666666667,29.99113998818665,576,1024,0.5625,3385
POST00000084,61.6,30.0,576,1024,0.5625,1848
POST00002220,41.733333333333334,30.0,576,1024,0.5625,1252
POST00000484,40.06666666666667,30.0,576,1024,0.5625,1202
POST00000012,10.9,30.0,576,1024,0.5625,327
POST00002639,47.96666666666667,30.0,576,1024,0.5625,1439
POST00003884,54.13333333333333,30.0,576,1024,0.5625,1624
POST00002660,74.0,30.0,576,1024,0.5625,2220
POST00001365,4.9,30.0,576,1128,0.5106382978723404,147
POST00002444,101.26666666666667,30.0,576,1024,0.5625,3038
POST00001750,54.6,30.0,576,1024,0.5625,1638
POST00001839,59.2258925592259,29.97,576,1024,0.5625,1775
POST00001815,40.43333333333333,30.0,576,1024,0.5625,1213
POST00002578,68.53333333333333,30.0,576,1024,0.5625,2056
POST00002135,26.793460126793462,59.94,576,1016,0.5669291338582677,1606
POST00000200,6.733333333333333,30.0,576,1024,0.5625,202
POST00002696,152.44,25.0,544,976,0.5573770491803278,3811
POST00000784,13.2,30.0,576,1024,0.5625,396
POST00001613,36.766666666666666,30.0,576,1024,0.5625,1103
POST00002971,7.866666666666666,30.0,576,1024,0.5625,236
POST00000825,22.9,30.0,576,1024,0.5625,687
POST00000839,12.4,30.0,576,1024,0.5625,372
POST00001629,6.833333333333333,30.0,576,1024,0.5625,205
POST00000058,10.0,25.0,576,1024,0.5625,250
POST00001205,10.944277610944278,30.244115853658535,576,1024,0.5625,331
POST00001139,5.633333333333334,59.289940828402365,576,1024,0.5625,334
POST00002214,52.166666666666664,24.0,576,1024,0.5625,1252
POST00002150,22.133333333333333,29.954819277108435,576,1024,0.5625,663
POST00000182,21.733333333333334,30.0,576,1024,0.5625,652
POST00003926,5.166666666666667,30.0,576,1024,0.5625,155
POST00001258,15.1,30.0,576,1024,0.5625,453
POST00001932,63.36336336336337,29.97,540,960,0.5625,1899
POST00003410,50.166666666666664,30.0,576,1024,0.5625,1505
POST00001590,62.1,30.0,576,1024,0.5625,1863
POST00002723,35.0,29.62857142857143,576,1024,0.5625,1037
POST00001683,8.675342008675342,29.97,576,1024,0.5625,260
POST00002634,13.8,29.27536231884058,576,1024,0.5625,404
POST00002781,55.93333333333333,30.0,576,1024,0.5625,1678
POST00003102,242.06666666666666,29.98760671991187,576,1024,0.5625,7259
POST00003122,35.268601935268606,29.97,576,1024,0.5625,1057
POST00003990,25.392058725392058,29.97,576,1024,0.5625,761
POST00002477,15.033333333333333,30.0,576,1024,0.5625,451
POST00000964,20.8,28.60576923076923,576,1024,0.5625,595
POST00002751,19.566666666666666,30.0,576,1024,0.5625,587
POST00002689,23.2,30.0,576,1024,0.5625,696
POST00002797,47.96,25.0,1024,576,1.7777777777777777,1199
POST00000177,15.0,30.0,540,960,0.5625,450
POST00002796,51.2,30.0,576,1024,0.5625,1536
POST00001665,15.098431765098432,23.976,576,1024,0.5625,362
POST00002661,82.0,30.0,576,1024,0.5625,2460
POST00000236,56.666666666666664,30.0,576,720,0.8,1700
POST00000574,20.466666666666665,30.0,576,1024,0.5625,614
POST00003695,11.533333333333333,29.566473988439306,576,1024,0.5625,341
POST00003816,8.5,30.0,576,1024,0.5625,255
POST00003309,39.46666666666667,30.0,576,1024,0.5625,1184
POST00002795,35.6,30.0,576,1024,0.5625,1068
POST00001174,145.2,30.0,576,1024,0.5625,4356
POST00003625,68.03333333333333,30.0,576,1024,0.5625,2041
POST00002582,23.366666666666667,30.0,576,1036,0.555984555984556,701
POST00002911,21.8,25.229357798165136,588,576,1.0208333333333333,550
POST00003924,59.4,30.0,576,1024,0.5625,1782
POST00001199,15.306973640306975,23.976,576,1024,0.5625,367
POST00000221,29.266666666666666,60.0,576,1024,0.5625,1756
POST00002076,14.7,30.0,576,1024,0.5625,441
POST00000427,110.8,29.93682310469314,576,1024,0.5625,3317
POST00003396,11.6,30.0,576,1024,0.5625,348
POST00003977,98.16666666666667,30.0,576,1024,0.5625,2945
POST00000327,63.32,25.0,576,1024,0.5625,1583
POST00003724,19.766666666666666,30.0,576,1024,0.5625,593
POST00001681,24.116666666666667,60.0,576,1024,0.5625,1447
POST00000326,24.533333333333335,30.0,540,960,0.5625,736
POST00000620,11.966614152113431,29.41517086834734,576,1024,0.5625,352
POST00002763,20.15,60.0,576,1024,0.5625,1209
POST00000866,29.933333333333334,29.498886414253896,540,960,0.5625,883
POST00001319,39.66466466466466,23.976,576,1024,0.5625,951
POST00003252,32.3,30.0,576,1024,0.5625,969
POST00003573,180.03333333333333,30.0,576,1024,0.5625,5401
POST00001384,30.166666666666668,30.0,576,1124,0.5124555160142349,905
POST00002871,11.616666666666667,60.0,576,1024,0.5625,697
POST00001280,12.9,30.0,576,1024,0.5625,387
POST00002320,17.133333333333333,30.0,576,1024,0.5625,514
POST00001628,92.93333333333334,60.0,576,1024,0.5625,5576
POST00002517,14.5,30.0,576,1024,0.5625,435
POST00001840,45.2,30.0,576,1024,0.5625,1356
POST00003136,8.0,21.0,576,1024,0.5625,168
POST00000437,89.8,30.0,576,1024,0.5625,2694
POST00000852,41.14114114114114,29.97,576,1024,0.5625,1233
POST00003310,59.03333333333333,30.0,576,1024,0.5625,1771
POST00000948,128.0,29.9921875,576,1024,0.5625,3839
POST00001617,40.483333333333334,29.81473857554549,576,1024,0.5625,1207
POST00000001,12.579245912579246,29.97,576,1024,0.5625,377
POST00001116,42.9,30.0,540,960,0.5625,1287
POST00002712,15.76,25.0,576,1024,0.5625,394
POST00003003,20.933333333333334,30.0,576,1024,0.5625,628
POST00001155,16.04,25.0,576,1024,0.5625,401
POST00003434,24.066666666666666,30.0,576,1024,0.5625,722
POST00001437,22.495571079987965,29.917,576,1024,0.5625,673
POST00000623,35.43333333333333,30.0,576,1024,0.5625,1063
POST00002987,9.1,30.0,576,1024,0.5625,273
POST00001142,104.1,30.0,576,1024,0.5625,3123
POST00002410,11.0,30.0,576,1024,0.5625,330
POST00000208,6.7,30.0,576,1024,0.5625,201
POST00002747,15.2,30.0,576,1024,0.5625,456
POST00002001,59.009009009009006,29.961526717557252,576,1024,0.5625,1768
POST00000978,29.633333333333333,30.0,576,1024,0.5625,889
POST00002164,7.516666666666667,49.09090909090909,576,1024,0.5625,369
POST00003662,47.666666666666664,24.0,576,1024,0.5625,1144
POST00003193,10.333333333333334,30.0,576,1024,0.5625,310
POST00003111,9.30930930930931,29.97,576,1024,0.5625,279
POST00000749,41.6,30.0,540,960,0.5625,1248
POST00001775,15.2,30.0,576,1024,0.5625,456
POST00002779,14.866666666666667,30.0,576,1024,0.5625,446
POST00000490,54.75475475475476,29.97,576,1024,0.5625,1641
POST00001276,20.666666666666668,30.0,480,848,0.5660377358490566,620
POST00000753,45.6,30.0,576,1024,0.5625,1368
POST00001113,60.96666666666667,30.0,576,1024,0.5625,1829
POST00001549,12.2,30.0,576,1024,0.5625,366
POST00001554,18.366666666666667,30.0,576,1024,0.5625,551
POST00003121,22.866666666666667,30.0,576,1024,0.5625,686
POST00000844,26.533333333333335,30.0,540,960,0.5625,796
POST00002473,14.733333333333333,30.0,576,1024,0.5625,442
POST00003863,59.8316600750431,19.086884745762713,654,576,1.1354166666666667,1142
POST00002067,92.53333333333333,30.0,576,1024,0.5625,2776
POST00000374,59.46666666666667,30.0,576,1024,0.5625,1784
POST00001382,18.5,30.0,576,1024,0.5625,555
POST00002161,18.533333333333335,30.0,576,1024,0.5625,556
POST00000716,7.3,23.972602739726028,576,1024,0.5625,175
POST00003822,58.3,30.0,576,1024,0.5625,1749
POST00002416,49.8,30.120481927710845,576,1024,0.5625,1500
POST00001533,59.25925925925926,29.97,576,1024,0.5625,1776
POST00003470,16.62588408809037,29.833,576,1024,0.5625,496
POST00001952,29.966666666666665,30.0,576,1024,0.5625,899
POST00001813,10.2,30.0,576,1022,0.5636007827788649,306
POST00000803,9.2,30.0,576,1024,0.5625,276
POST00000439,22.166666666666668,30.0,576,1026,0.5614035087719298,665
POST00001426,51.36666666666667,30.0,576,1024,0.5625,1541
POST00004001,46.34634634634635,29.97,576,1022,0.5636007827788649,1389
POST00001482,14.133333333333333,30.0,576,1024,0.5625,424
POST00001780,5.933333333333333,27.97752808988764,576,1024,0.5625,166
POST00002145,8.666666666666666,30.0,576,1024,0.5625,260
POST00002250,25.6,30.0,576,1024,0.5625,768
POST00002979,172.6,30.0,576,1024,0.5625,5178
POST00003288,20.887554220887555,29.77849840255591,576,1024,0.5625,622
POST00002523,10.133333333333333,30.0,576,1024,0.5625,304
POST00000494,56.233333333333334,30.0,576,1024,0.5625,1687
POST00002671,19.733333333333334,30.0,576,1024,0.5625,592
POST00002981,9.041666666666666,24.0,576,1024,0.5625,217
POST00002311,10.533333333333333,30.0,576,1024,0.5625,316
POST00000949,15.933333333333334,30.0,576,1024,0.5625,478
POST00000522,18.866666666666667,30.0,576,1024,0.5625,566
POST00000452,10.866666666666667,30.0,576,1024,0.5625,326
POST00000926,18.433333333333334,30.0,576,1024,0.5625,553
POST00002296,6.633333333333334,60.0,576,1024,0.5625,398
POST00000877,9.76,24.692622950819672,576,1024,0.5625,241
POST00002274,21.74131519882081,29.851,480,600,0.8,649
POST00002065,59.53333333333333,30.0,720,1280,0.5625,1786
POST00003059,10.033333333333333,30.0,576,1024,0.5625,301
POST00002999,9.80980980980981,29.97,576,1024,0.5625,294
POST00001667,13.208333333333334,24.0,576,720,0.8,317
POST00002538,8.366666666666667,30.0,576,576,1.0,251
POST00002946,36.0,30.0,576,1024,0.5625,1080
POST00003946,16.3,30.0,576,1024,0.5625,489
POST00002253,22.416666666666664,30.066914498141266,576,1024,0.5625,674
POST00001341,16.0,30.0,576,1024,0.5625,480
POST00002459,13.266666666666667,30.0,576,720,0.8,398
POST00002623,11.8,30.0,576,1024,0.5625,354
POST00001969,37.93333333333333,30.0,576,720,0.8,1138
POST00003070,6.466666666666667,30.0,576,720,0.8,194
POST00000053,5.833333333333333,30.0,576,1024,0.5625,175
POST00001211,7.233333333333333,30.0,648,576,1.125,217
POST00001293,58.8,30.0,576,1246,0.4622792937399679,1764
POST00003635,39.6545280903542,24.083,576,1024,0.5625,955
POST00003093,16.966666666666665,30.0,576,694,0.829971181556196,509
POST00003447,31.599053274093762,24.083,576,1024,0.5625,761
POST00002709,10.533333333333333,30.0,576,576,1.0,316
POST00002832,89.8,30.0,720,1280,0.5625,2694
POST00000370,23.70704037370704,59.94,540,960,0.5625,1421
POST00003525,26.166666666666668,30.0,576,576,1.0,785
POST00000934,27.766666666666666,30.0,576,768,0.75,833
POST00003513,30.3,30.0,576,1024,0.5625,909
POST00002170,10.566666666666666,30.0,576,1024,0.5625,317
POST00002418,17.033333333333335,30.0,576,1024,0.5625,511
POST00003092,7.841174507841175,29.97,576,1024,0.5625,235
POST00000390,40.36666666666667,30.0,576,1024,0.5625,1211
POST00002941,7.833333333333333,30.0,576,1024,0.5625,235
POST00002667,51.03333333333333,30.0,576,1024,0.5625,1531
POST00001739,17.083750417083753,29.97,576,1024,0.5625,512
POST00003424,12.9,30.0,576,1024,0.5625,387
POST00002879,7.416666666666667,24.0,576,1024,0.5625,178
POST00003025,10.833333333333334,30.0,576,1024,0.5625,325
POST00002599,38.20487153820487,29.682078602620088,576,1024,0.5625,1134
POST00003719,35.53333333333334,29.9718574108818,576,768,0.75,1065
POST00000703,23.623623623623626,29.97,720,1280,0.5625,708
POST00000828,35.6551724137931,29.0,576,576,1.0,1034
POST00000740,34.2,30.0,720,1280,0.5625,1026
POST00003375,44.4,29.97747747747748,576,914,0.6301969365426696,1331
POST00002189,30.833333333333332,30.0,576,1024,0.5625,925
POST00000694,9.916666666666666,24.0,720,1280,0.5625,238
POST00001715,13.2,30.0,576,1024,0.5625,396
POST00002901,8.48,25.0,576,576,1.0,212
POST00002699,180.47213880547216,23.953835914028193,576,1024,0.5625,4323
POST00002281,7.28,25.0,576,768,0.75,182
POST00001201,64.7,29.90726429675425,576,1024,0.5625,1935
POST00002131,30.03003003003003,29.97,720,1280,0.5625,900
POST00002644,65.33333333333333,30.0,576,576,1.0,1960
POST00003408,193.8,30.0,576,1246,0.4622792937399679,5814
POST00000409,5.2,30.192307692307693,576,1024,0.5625,157
POST00000457,6.966666666666667,30.0,576,1024,0.5625,209
POST00000359,6.6,60.0,576,1024,0.5625,396
POST00000414,43.3,30.0,576,1024,0.5625,1299
POST00000399,7.674341007674341,59.94,576,1024,0.5625,460
POST00000479,13.346680013346681,29.97,576,1024,0.5625,400
POST00000366,5.809523809523809,42.0,576,1024,0.5625,244
POST00000416,5.0,30.0,576,1056,0.5454545454545454,150
POST00000421,10.55,30.71090047393365,576,1122,0.5133689839572193,324
POST00000415,7.433333333333334,30.0,576,1024,0.5625,223
POST00003552,17.396842422820367,29.430628131021194,576,1022,0.5636007827788649,512
POST00001866,9.30930930930931,29.97,576,1024,0.5625,279
POST00003757,47.266666666666666,30.0,576,1024,0.5625,1418
POST00002815,11.966666666666667,30.250696378830085,576,1024,0.5625,362
POST00003233,12.2,30.0,576,1024,0.5625,366
POST00000338,14.5,30.0,576,1024,0.5625,435
POST00001724,8.8,24.886363636363637,576,768,0.75,219
POST00002395,10.48,25.0,576,1024,0.5625,262
POST00000976,22.566666666666666,30.0,576,1024,0.5625,677
POST00000843,5.366666666666666,30.0,576,1024,0.5625,161
POST00002254,7.3,29.726027397260275,576,1024,0.5625,217
POST00003983,9.266666666666667,30.0,576,1024,0.5625,278
POST00003207,18.04993816224889,29.917,576,1024,0.5625,540
POST00000608,16.166666666666668,30.0,576,1024,0.5625,485
POST00003341,24.366666666666667,30.0,576,1024,0.5625,731
POST00001977,9.633333333333333,30.0,576,1024,0.5625,289
POST00002531,9.5,30.0,576,1024,0.5625,285
POST00002160,6.166666666666667,30.0,576,1024,0.5625,185
POST00001751,15.7,30.0,576,1024,0.5625,471
POST00003535,26.566666666666666,30.0,576,1024,0.5625,797
POST00002207,18.8,30.0,576,1024,0.5625,564
POST00001853,23.766666666666666,29.663394109396915,576,1024,0.5625,705
POST00002264,15.033333333333333,30.0,576,1024,0.5625,451
POST00001966,14.3,30.0,576,1024,0.5625,429
POST00000145,9.933333333333334,30.0,576,1024,0.5625,298
POST00000150,11.033333333333333,30.0,576,1024,0.5625,331
POST00002115,14.785714285714286,41.729468599033815,576,1024,0.5625,617
POST00003370,20.73333333333333,29.855305466237944,576,1024,0.5625,619
POST00001632,10.8,30.0,576,1024,0.5625,324
POST00001925,26.0,30.0,576,1024,0.5625,780
POST00002488,53.733333333333334,30.0,576,1024,0.5625,1612
POST00002698,45.0,25.822222222222223,576,1024,0.5625,1162
POST00003675,6.833333333333333,30.0,576,1024,0.5625,205
POST00003269,10.633333333333333,30.0,576,1024,0.5625,319
POST00001495,42.016666666666666,30.17850059500198,576,1124,0.5124555160142349,1268
POST00000052,20.93220338983051,59.0,576,1024,0.5625,1235
POST00002209,27.633333333333333,30.0,576,1024,0.5625,829
POST00002326,23.3,30.0,576,1024,0.5625,699
POST00000827,21.4,30.0,576,1024,0.5625,642
POST00003496,91.0,30.0,576,832,0.6923076923076923,2730
POST00000371,15.633333333333333,30.0,576,1024,0.5625,469
POST00000459,11.7,30.0,576,1024,0.5625,351
POST00002025,117.46666666666667,30.0,576,1024,0.5625,3524
POST00002704,61.333333333333336,29.46195652173913,576,1024,0.5625,1807
POST00003972,8.833333333333334,30.0,576,1024,0.5625,265
POST00000008,17.0,30.0,576,1024,0.5625,510
POST00003584,28.433333333333334,30.0,576,1024,0.5625,853
POST00003824,52.266666666666666,30.0,576,1024,0.5625,1568
POST00002925,9.4,30.0,576,1024,0.5625,282
POST00001462,4.5,12.0,576,1024,0.5625,54
POST00002577,14.9,30.0,576,1024,0.5625,447
POST00002936,6.433333333333334,30.0,576,1024,0.5625,193
POST00002494,12.466666666666667,30.0,576,1024,0.5625,374
POST00002978,7.133333333333334,30.0,576,1024,0.5625,214
POST00002169,16.766666666666666,30.0,576,1024,0.5625,503
POST00001105,59.06666666666667,30.0,576,1024,0.5625,1772
POST00000309,51.6,30.0,576,1024,0.5625,1548
POST00002741,5.8,30.0,576,1024,0.5625,174
POST00001035,18.6,30.0,576,1024,0.5625,558
POST00003118,12.512512512512513,29.97,576,1024,0.5625,375
POST00001529,13.083333333333334,60.0,576,1024,0.5625,785
POST00003390,70.4,30.0,576,1024,0.5625,2112
POST00003445,13.233333333333333,30.0,576,1024,0.5625,397
POST00001644,18.7,30.0,576,1024,0.5625,561
POST00000997,8.515151515151516,31.473309608540927,576,1024,0.5625,268
POST00000003,56.75675675675676,29.97,576,1024,0.5625,1701
POST00003350,47.766666666666666,30.0,576,1024,0.5625,1433
POST00001221,12.0,30.0,540,960,0.5625,360
POST00000304,34.4,30.0,576,1024,0.5625,1032
POST00000331,10.333333333333334,54.96774193548387,576,1024,0.5625,568
POST00000312,8.633333333333333,30.0,576,1024,0.5625,259
POST00000352,24.733333333333334,30.0,576,1024,0.5625,742
POST00000325,60.68333333333334,30.48613018401538,576,1024,0.5625,1850
POST00000353,7.207207207207207,59.94,576,1024,0.5625,432
POST00000365,36.3,30.0,576,1024,0.5625,1089
POST00000324,17.016666666666666,60.0,576,1024,0.5625,1021
POST00000303,60.0,30.0,576,1024,0.5625,1800
POST00002277,8.533333333333333,30.0,576,1024,0.5625,256
POST00003292,25.433333333333334,30.0,576,1024,0.5625,763
POST00002417,10.8,30.0,576,1024,0.5625,324
POST00001324,8.533333333333333,30.0,576,1024,0.5625,256
POST00003817,8.066666666666666,30.0,576,1024,0.5625,242
POST00003498,17.7,30.0,576,1024,0.5625,531
POST00002128,5.983333333333333,30.250696378830085,576,1024,0.5625,181
POST00002527,14.866666666666667,30.0,576,1024,0.5625,446
POST00002720,11.566666666666666,30.0,576,1024,0.5625,347
POST00000438,17.0,30.0,540,960,0.5625,510
POST00000440,22.0,30.0,576,1024,0.5625,660
POST00000428,14.5,30.0,576,1024,0.5625,435
POST00000535,29.5,30.0,576,1024,0.5625,885
POST00001383,14.5,30.0,576,1246,0.4622792937399679,435
POST00001145,15.066666666666666,30.0,576,1024,0.5625,452
POST00003805,10.333333333333334,30.0,576,1024,0.5625,310
POST00002268,8.1,24.691358024691358,576,1024,0.5625,200
POST00003080,87.86666666666666,30.0,576,1024,0.5625,2636
POST00003843,11.7,30.0,576,1024,0.5625,351
POST00003918,94.96666666666667,30.0,576,1024,0.5625,2849
POST00003104,6.3,30.0,576,1024,0.5625,189
POST00001407,9.92,25.0,576,1024,0.5625,248
POST00000830,50.06666666666667,30.0,576,1024,0.5625,1502
POST00001150,35.53333333333333,30.0,576,1010,0.5702970297029702,1066
POST00001156,45.666666666666664,30.0,576,1024,0.5625,1370
POST00001146,28.533333333333335,30.0,576,1010,0.5702970297029702,856
POST00003354,18.0,30.0,576,1024,0.5625,540
POST00003208,8.666666666666666,30.0,576,1024,0.5625,260
POST00002767,15.366666666666667,30.0,576,1022,0.5636007827788649,461
POST00003210,31.6,30.0,576,1024,0.5625,948
POST00002359,6.866666666666667,29.70873786407767,576,1024,0.5625,204
POST00003206,10.2,30.0,576,710,0.8112676056338028,306
POST00002944,18.0,30.0,576,1024,0.5625,540
POST00001881,14.566666666666666,30.0,576,1246,0.4622792937399679,437
POST00002061,10.633333333333333,30.0,576,1024,0.5625,319
POST00001799,13.585110718652357,11.70399,576,1024,0.5625,159
POST00002166,15.683333333333334,30.031880977683315,576,1024,0.5625,471
POST00001317,27.566666666666666,60.0,576,1024,0.5625,1654
POST00001536,14.566666666666666,60.0,576,1024,0.5625,874
POST00003718,55.03333333333333,30.0,576,1024,0.5625,1651
POST00003247,19.033333333333335,30.0,576,1024,0.5625,571
POST00000963,10.033333333333333,30.0,576,1024,0.5625,301
POST00001565,36.9,30.0,720,1280,0.5625,1107
POST00002715,16.666666666666668,30.0,576,1024,0.5625,500
POST00003026,28.2,30.425531914893618,576,1024,0.5625,858
POST00000451,9.766666666666667,30.0,576,1024,0.5625,293
POST00002409,29.0,30.0,576,1024,0.5625,870
POST00003317,165.03333333333333,30.0,576,1024,0.5625,4951
POST00000677,59.45,60.0,576,1024,0.5625,3567
POST00001672,9.666666666666666,30.0,576,1024,0.5625,290
POST00003502,38.4,30.0,576,1024,0.5625,1152
POST00003450,150.96666666666667,30.0,576,1024,0.5625,4529
POST00001819,8.833333333333334,30.0,576,1024,0.5625,265
POST00003811,5.066666666666666,30.0,576,1024,0.5625,152
POST00003012,268.46666666666664,30.0,576,1024,0.5625,8054
POST00002279,64.13333333333334,30.0,576,1024,0.5625,1924
POST00003361,31.533333333333335,30.0,576,1024,0.5625,946
POST00003435,12.966666666666667,30.0,576,1024,0.5625,389
POST00000349,9.0,30.0,576,1024,0.5625,270
POST00003148,36.266666666666666,30.0,576,1024,0.5625,1088
POST00001467,176.00934267600934,29.97,576,768,0.75,5275
POST00001033,179.4,30.0,576,1024,0.5625,5382
POST00001567,7.766666666666667,30.0,576,1024,0.5625,233
POST00003538,13.6,30.0,576,1024,0.5625,408
POST00000395,7.5,30.0,720,1280,0.5625,225
POST00001912,15.033333333333333,29.933481152993348,576,1024,0.5625,450
POST00002048,22.333333333333332,30.0,576,1024,0.5625,670
POST00003034,59.81666666666667,30.325996099191975,576,1024,0.5625,1814
POST00003325,15.0,30.0,576,1024,0.5625,450
POST00003110,15.033333333333333,30.0,576,1024,0.5625,451
POST00003456,11.378044711378045,29.97,576,1024,0.5625,341
POST00003014,11.2,30.0,576,1024,0.5625,336
POST00000140,7.433333333333334,30.0,576,1024,0.5625,223
POST00003032,105.53333333333333,30.0,576,1024,0.5625,3166
POST00001655,70.76666666666667,29.92934526613283,576,1024,0.5625,2118
POST00002352,5.166666666666667,30.0,576,1024,0.5625,155
POST00000207,5.033333333333333,30.0,576,1024,0.5625,151
POST00002198,7.466666666666667,30.0,576,1024,0.5625,224
POST00003438,37.6,30.0,576,1024,0.5625,1128
POST00001571,46.266666666666666,30.0,576,1024,0.5625,1388
POST00002951,56.7,30.0,576,1024,0.5625,1701
POST00003369,20.966666666666665,30.0,576,1024,0.5625,629
POST00003035,15.033333333333333,30.0,576,1024,0.5625,451
POST00003964,28.866666666666667,30.0,576,1024,0.5625,866
POST00001405,34.483333333333334,57.448042532624456,576,1024,0.5625,1981
POST00002515,29.833333333333332,30.0,576,1024,0.5625,895
POST00003133,27.72772772772773,29.97,576,1024,0.5625,831
POST00002984,122.66666666666667,30.0,576,1024,0.5625,3680
POST00002370,52.93333333333334,25.201511335012594,576,1024,0.5625,1334
POST00002451,9.366666666666667,30.0,352,640,0.55,281
POST00002234,5.7,30.0,576,1024,0.5625,171
POST00003842,48.46666666666667,29.54607977991747,576,1024,0.5625,1432
POST00003299,60.03333333333333,30.0,576,1024,0.5625,1801
POST00003991,69.45833333333333,24.0,576,1024,0.5625,1667
POST00003132,26.866666666666667,30.0,1024,576,1.7777777777777777,806
POST00003640,23.366666666666667,30.0,576,872,0.6605504587155964,701
POST00003597,6.8,30.0,576,1024,0.5625,204
POST00003581,15.248581915248582,29.97,576,1024,0.5625,457
POST00001985,30.233333333333334,30.0,576,1024,0.5625,907
POST00002016,37.6,30.0,576,1024,0.5625,1128
POST00001391,22.3,30.0,1024,576,1.7777777777777777,669
POST00001877,48.5,30.0,576,1024,0.5625,1455
POST00001788,36.2,30.0,576,1024,0.5625,1086
POST00001430,14.14748081414748,59.7986320754717,576,1024,0.5625,846
POST00000391,10.927594260927595,23.976,576,768,0.75,262
POST00001114,9.533333333333333,30.0,576,1024,0.5625,286
POST00001310,10.666666666666666,30.0,576,1024,0.5625,320
POST00000235,9.1,30.0,576,1024,0.5625,273
POST00001395,22.3,30.0,1024,576,1.7777777777777777,669
POST00001684,10.8,30.0,576,1024,0.5625,324
POST00000319,6.066666666666666,30.0,576,1024,0.5625,182
POST00003763,12.066666666666666,30.0,576,1024,0.5625,362
POST00002799,30.266666666666666,30.0,576,1024,0.5625,908
POST00003922,10.7,30.0,576,1024,0.5625,321
POST00002837,14.466666666666667,30.0,576,1024,0.5625,434
POST00002576,10.366666666666667,30.0,576,1024,0.5625,311
POST00002605,28.033333333333335,60.0,576,1024,0.5625,1682
POST00001010,52.719386052719386,29.89412658227848,576,1024,0.5625,1576
POST00003488,61.2,30.0,576,1024,0.5625,1836
POST00003405,73.13333333333334,30.0,576,1024,0.5625,2194
POST00000228,18.6,30.0,576,1024,0.5625,558
POST00003740,37.96666666666667,30.0,576,1024,0.5625,1139
POST00001634,50.3003003003003,23.976,576,1024,0.5625,1206
POST00003631,59.266666666666666,30.0,576,1024,0.5625,1778
POST00000246,18.689655172413794,29.0,576,1024,0.5625,542
POST00003348,52.9,30.0,576,1024,0.5625,1587
POST00000268,11.64,25.0,576,1024,0.5625,291
POST00003199,52.06666666666667,30.0,576,1024,0.5625,1562
POST00000635,41.3,30.0,576,1024,0.5625,1239
POST00003626,63.93333333333333,30.0,576,1024,0.5625,1918
POST00002721,12.9,30.0,576,1024,0.5625,387
POST00000704,13.466666666666667,30.0,576,1024,0.5625,404
POST00003221,22.833333333333332,30.0,576,1024,0.5625,685
POST00003463,26.4,30.0,576,1024,0.5625,792
POST00000315,36.55,60.0,576,1024,0.5625,2193
POST00000464,78.53333333333333,30.0,576,1024,0.5625,2356
POST00003345,17.6,30.0,576,1024,0.5625,528
POST00001020,66.8,30.0,576,1024,0.5625,2004
POST00002339,59.93333333333333,30.0,576,1024,0.5625,1798
POST00000054,82.16,50.0,576,1024,0.5625,4108
POST00001982,10.81081081081081,29.97,576,1024,0.5625,324
POST00001905,28.266666666666666,30.0,576,1024,0.5625,848
POST00002224,66.23333333333333,30.0,576,1024,0.5625,1987
POST00003919,69.1,30.0,576,1024,0.5625,2073
POST00002245,14.4,30.0,576,1024,0.5625,432
POST00002474,150.26666666666668,30.0,576,1024,0.5625,4508
POST00001132,96.13333333333334,30.0,576,1024,0.5625,2884
POST00000658,59.0,30.0,1024,576,1.7777777777777777,1770
POST00003013,89.26666666666667,30.0,576,1024,0.5625,2678
POST00000837,140.95,60.0,576,1024,0.5625,8457
POST00001151,46.08,25.0,576,1024,0.5625,1152
POST00003378,60.0,30.0,576,1024,0.5625,1800
POST00002982,89.52,25.0,576,1024,0.5625,2238
POST00000713,21.033333333333335,30.0,576,1024,0.5625,631
POST00002362,29.466666666666665,55.7579185520362,576,1024,0.5625,1643
POST00002319,11.833333333333334,30.0,576,1024,0.5625,355
POST00000672,10.2,30.0,576,1024,0.5625,306
POST00000782,7.033333333333333,30.0,576,1024,0.5625,211
POST00003043,38.68333333333333,60.0,576,1024,0.5625,2321
POST00001300,6.383333333333334,29.92167101827676,576,1024,0.5625,191
POST00002476,131.9,30.0,576,1024,0.5625,3957
POST00001803,7.266666666666667,30.0,576,1024,0.5625,218
POST00002954,8.7,30.0,576,1024,0.5625,261
POST00002158,38.46666666666667,30.0,576,1024,0.5625,1154
POST00001323,18.866666666666667,30.0,540,960,0.5625,566
POST00002118,53.53333333333333,30.0,576,1024,0.5625,1606
POST00002673,12.266666666666667,30.0,576,1022,0.5636007827788649,368
POST00001379,9.933333333333334,30.0,576,1024,0.5625,298
POST00001469,7.1,30.0,576,1024,0.5625,213
POST00002654,18.366666666666667,30.0,576,1024,0.5625,551
POST00001275,10.133333333333333,30.0,576,1072,0.5373134328358209,304
POST00000141,16.283333333333335,60.0,576,1024,0.5625,977
POST00001504,8.616666666666667,60.0,576,1024,0.5625,517
POST00000435,8.033333333333333,30.0,576,1024,0.5625,241
POST00001321,15.8,30.0,576,1014,0.5680473372781065,474
POST00000443,8.266666666666667,30.0,576,1024,0.5625,248
POST00002367,8.133333333333333,30.0,576,1024,0.5625,244
POST00000248,16.5,60.0,576,1024,0.5625,990
POST00002717,101.93333333333334,30.0,576,1024,0.5625,3058
POST00002003,11.766666666666667,30.0,576,720,0.8,353
POST00001664,11.266666666666667,30.0,576,1024,0.5625,338
POST00003721,27.82758620689655,29.0,576,1024,0.5625,807
POST00002535,14.483333333333333,30.034522439585732,576,1024,0.5625,435
POST00003839,14.133333333333333,30.0,576,768,0.75,424
POST00002803,8.2,30.0,576,1024,0.5625,246
POST00003934,11.133333333333333,30.0,576,1024,0.5625,334
POST00001804,10.266666666666667,30.0,576,1024,0.5625,308
POST00001521,7.566666666666666,30.0,576,1024,0.5625,227
POST00003120,14.766666666666666,32.09932279909707,594,576,1.03125,474
POST00000762,84.5,30.0,576,1024,0.5625,2535
POST00002305,33.3,30.0,576,1024,0.5625,999
POST00003595,90.16666666666667,30.0,576,1024,0.5625,2705
POST00002038,28.72,25.0,576,1024,0.5625,718
POST00002884,15.0,30.0,576,1024,0.5625,450
POST00001612,37.90457123790457,29.97,576,1024,0.5625,1136
POST00001991,32.06666666666667,30.0,576,906,0.6357615894039735,962
POST00003249,14.133333333333333,30.0,576,1024,0.5625,424
POST00001135,45.4,60.0,576,768,0.75,2724
POST00003707,23.933333333333334,30.0,576,1024,0.5625,718
POST00003939,33.06666666666667,30.0,576,1024,0.5625,992
POST00002496,16.766666666666666,29.343936381709742,576,1024,0.5625,492
POST00001620,11.783333333333333,60.0,576,1024,0.5625,707
POST00003526,11.066666666666666,30.0,576,1024,0.5625,332
POST00003560,11.033333333333333,30.0,576,1024,0.5625,331
POST00001735,60.96666666666667,30.0,576,1024,0.5625,1829
POST00003481,7.2,30.0,576,1024,0.5625,216
POST00003606,28.6,29.16083916083916,576,1024,0.5625,834
POST00002724,34.266666666666666,30.0,576,1024,0.5625,1028
POST00003056,21.266666666666666,57.460815047021946,576,1024,0.5625,1222
POST00002107,6.233333333333333,30.0,576,1024,0.5625,187
POST00001485,50.35,58.03376365441907,576,1246,0.4622792937399679,2922
POST00002122,37.333333333333336,29.919642857142858,576,1024,0.5625,1117
POST00002892,34.233333333333334,29.97078870496592,576,1024,0.5625,1026
POST00002349,26.483333333333334,60.0,576,1024,0.5625,1589
POST00003368,26.633333333333333,30.0,576,768,0.75,799
POST00000460,87.84745762711864,59.0,576,1024,0.5625,5183
POST00002894,20.0,30.0,576,1024,0.5625,600
POST00001284,20.04,25.0,576,1024,0.5625,501
POST00003155,8.533333333333333,30.0,576,768,0.75,256
POST00000377,8.833333333333334,30.0,576,1024,0.5625,265
POST00001913,7.783333333333333,30.70663811563169,576,1024,0.5625,239
POST00001080,13.016666666666666,47.47759282970551,576,1024,0.5625,618
POST00001897,16.233333333333334,30.0,576,1024,0.5625,487
POST00001984,23.650000000000002,29.852008456659618,576,1024,0.5625,706
POST00002045,5.1,30.0,576,864,0.6666666666666666,153
POST00002052,7.866666666666666,30.0,576,1024,0.5625,236
POST00002259,7.033333333333333,30.0,576,1024,0.5625,211
POST00001742,8.6,30.0,576,1024,0.5625,258
POST00001809,6.833333333333333,30.0,576,1024,0.5625,205
POST00002091,30.366666666666667,30.0,576,1024,0.5625,911
POST00003854,5.266666666666667,30.0,576,1024,0.5625,158
POST00001903,68.90223556890224,59.94,576,1024,0.5625,4130
POST00000317,6.0,30.0,576,652,0.8834355828220859,180
POST00003711,17.4,30.0,576,1024,0.5625,522
POST00000499,15.033333333333333,30.0,576,1024,0.5625,451
POST00000773,6.633333333333334,30.0,576,866,0.6651270207852193,199
POST00001243,7.2,30.0,576,1024,0.5625,216
POST00003624,21.7,30.0,576,1024,0.5625,651
POST00002589,10.468802135468803,23.976,576,1024,0.5625,251
POST00002033,9.9,30.0,576,1024,0.5625,297
POST00002108,54.688021354688026,29.97,576,1024,0.5625,1639
POST00003894,6.8,30.0,576,1024,0.5625,204
POST00003319,33.53333333333333,30.0,576,1024,0.5625,1006
POST00002793,13.066666666666666,60.0,576,1024,0.5625,784
POST00003131,6.4,30.0,576,1024,0.5625,192
POST00001490,21.366666666666667,30.0,576,1024,0.5625,641
POST00003157,109.6,30.0,576,1024,0.5625,3288
POST00000027,40.13333333333333,59.40199335548173,576,1246,0.4622792937399679,2384
POST00000744,9.4,30.0,576,1024,0.5625,282
POST00001948,27.0,29.59259259259259,576,1024,0.5625,799
POST00001975,55.6,30.0,576,1024,0.5625,1668
POST00003283,16.966666666666665,30.0,576,1024,0.5625,509
POST00005799,60.13333333333333,30.0,576,1024,0.5625,1804
POST00004065,27.2,30.0,576,1024,0.5625,816
POST00005457,101.33333333333333,30.0,576,1024,0.5625,3040
POST00004876,131.56666666666666,30.0,576,1024,0.5625,3947
POST00005398,59.46666666666667,30.0,576,1024,0.5625,1784
POST00004398,62.328995662329,29.97,576,1024,0.5625,1868
POST00005328,82.33333333333333,28.785425101214575,576,1024,0.5625,2370
POST00005138,13.6,30.0,576,1024,0.5625,408
POST00004573,15.921965608554286,29.833,576,1024,0.5625,475
POST00004115,63.233333333333334,30.0,576,1024,0.5625,1897
POST00004728,16.933333333333334,30.0,576,1024,0.5625,508
POST00005348,15.066666666666666,30.0,576,1024,0.5625,452
POST00005610,15.766666666666666,29.682875264270614,576,1024,0.5625,468
POST00005847,26.866666666666667,30.0,576,1024,0.5625,806
POST00005246,239.93333333333334,30.0,576,1186,0.4856661045531197,7198
POST00004050,9.033333333333333,30.0,576,1024,0.5625,271
POST00004143,23.2,30.0,576,1024,0.5625,696
POST00004562,61.46666666666667,30.0,576,1024,0.5625,1844
POST00004713,7.0,30.0,576,1024,0.5625,210
POST00005490,110.63333333333334,30.0,576,1024,0.5625,3319
POST00004537,302.5525525525526,23.976,576,1024,0.5625,7254
POST00005638,262.6666666666667,30.0,540,874,0.6178489702517163,7880
POST00005248,18.833333333333332,30.0,576,1024,0.5625,565
POST00005540,25.966666666666665,30.0,576,1024,0.5625,779
POST00004134,15.066666666666666,30.0,576,1024,0.5625,452
POST00005188,25.8,29.92248062015504,576,1024,0.5625,772
POST00004303,88.2,29.71655328798186,576,1024,0.5625,2621
POST00005157,15.166666666666666,30.0,576,1024,0.5625,455
POST00004128,83.13333333333334,30.0,576,1024,0.5625,2494
POST00005357,256.1,30.0,576,1024,0.5625,7683
POST00005553,66.13333333333333,29.93951612903226,576,1024,0.5625,1980
POST00004083,50.35035035035035,29.652226640159046,576,1024,0.5625,1493
POST00005881,83.91725058391725,29.97,576,1024,0.5625,2515
POST00005848,37.90457123790457,29.97,576,1024,0.5625,1136
POST00005560,61.833333333333336,30.0,576,1024,0.5625,1855
POST00005836,25.566666666666666,29.921773142112126,576,1024,0.5625,765
POST00004833,15.066666666666666,30.0,576,1024,0.5625,452
POST00005031,5.933333333333334,30.0,576,1024,0.5625,178
POST00005047,30.266666666666666,30.0,576,1024,0.5625,908
POST00004281,17.233333333333334,30.0,576,1024,0.5625,517
POST00004852,15.724057390724058,23.976,576,1024,0.5625,377
POST00004595,32.333333333333336,30.0,576,1024,0.5625,970
POST00004043,20.433333333333334,30.0,576,1024,0.5625,613
POST00005344,76.66666666666667,30.0,576,1024,0.5625,2300
POST00005663,28.033333333333335,30.0,576,1024,0.5625,841
POST00004100,40.333333333333336,30.0,576,1024,0.5625,1210
POST00004399,71.7,30.0,360,638,0.5642633228840125,2151
POST00004701,57.46666666666667,30.0,576,1024,0.5625,1724
POST00005242,69.96666666666667,30.0,576,1024,0.5625,2099
POST00004447,47.43333333333333,30.0,576,1024,0.5625,1423
POST00004693,15.0,30.0,576,1024,0.5625,450
POST00004896,73.3,30.0,576,1024,0.5625,2199
POST00005304,7.1,30.0,576,1024,0.5625,213
POST00005632,24.5,30.0,576,1024,0.5625,735
POST00005262,17.6,30.0,576,576,1.0,528
POST00005401,29.833333333333332,29.966480446927374,576,1024,0.5625,894
POST00005000,15.566666666666666,17.987152034261243,576,1024,0.5625,280
POST00005919,5.372038705372039,29.97,576,1024,0.5625,161
POST00004561,13.8,30.0,576,1024,0.5625,414
POST00005670,25.166666666666668,30.0,576,1024,0.5625,755
POST00004178,6.0,30.0,576,1024,0.5625,180
POST00005147,33.166666666666664,30.0,576,1024,0.5625,995
POST00004133,39.2,30.0,576,1024,0.5625,1176
POST00005358,8.633333333333333,30.0,576,1024,0.5625,259
POST00004395,14.8,30.0,576,1024,0.5625,444
POST00004885,37.233333333333334,30.0,576,1024,0.5625,1117
POST00005299,61.93333333333333,30.0,576,1024,0.5625,1858
POST00004993,28.3,30.0,576,1024,0.5625,849
POST00005228,15.833333333333334,30.0,576,1024,0.5625,475
POST00005729,15.066666666666666,30.0,576,1024,0.5625,452
POST00005266,26.259592926259593,29.97,576,1024,0.5625,787
POST00004245,6.366666666666666,30.0,576,1024,0.5625,191
POST00005413,10.633333333333333,30.0,576,1024,0.5625,319
POST00005821,17.3,30.0,576,1024,0.5625,519
POST00005484,9.3,30.0,576,1024,0.5625,279
POST00005292,33.3,29.81981981981982,576,1024,0.5625,993
POST00005441,32.63333333333333,30.0,576,1024,0.5625,979
POST00004452,75.2,30.0,576,1024,0.5625,2256
POST00004135,9.366666666666667,30.0,576,1024,0.5625,281
POST00004136,12.533333333333333,30.0,576,1024,0.5625,376
POST00005584,69.7,30.0,576,1024,0.5625,2091
POST00004862,10.633333333333333,30.0,576,1024,0.5625,319
POST00005494,62.4,29.439102564102566,576,1024,0.5625,1837
POST00004574,25.066666666666666,29.920212765957448,540,960,0.5625,750
POST00005509,10.433333333333334,30.0,576,966,0.5962732919254659,313
POST00005022,69.68,25.0,576,1024,0.5625,1742
POST00005119,20.433333333333334,30.0,576,1024,0.5625,613
POST00004802,19.333333333333332,30.0,576,1024,0.5625,580
POST00005615,32.9,30.0,576,1024,0.5625,987
POST00004722,40.46666666666667,30.0,576,1024,0.5625,1214
POST00004649,118.0,30.0,576,1024,0.5625,3540
POST00005310,20.766666666666666,30.0,576,1024,0.5625,623
POST00004785,58.56,25.0,576,1024,0.5625,1464
POST00004819,8.7,29.885057471264368,576,1024,0.5625,260
POST00004023,12.333333333333334,30.0,576,1024,0.5625,370
POST00004220,14.533333333333333,30.0,576,1024,0.5625,436
POST00004549,26.233333333333334,30.0,576,1024,0.5625,787
POST00005392,61.2,29.88562091503268,576,1024,0.5625,1829
POST00005822,32.53333333333333,30.0,576,1024,0.5625,976
POST00005994,14.766666666666667,29.187358916478555,576,1024,0.5625,431
POST00004990,17.933333333333334,30.0,576,1024,0.5625,538
POST00004772,95.46666666666667,30.0,576,1024,0.5625,2864
POST00005381,20.0,16.0,576,1024,0.5625,320
POST00005074,9.376042709376042,29.863345195729536,576,1024,0.5625,280
POST00005355,36.699999999999996,29.97275204359673,576,1024,0.5625,1100
POST00004009,15.76,25.0,576,1024,0.5625,394
POST00005959,16.133333333333333,30.0,576,1024,0.5625,484
POST00004808,6.633333333333334,30.0,576,1024,0.5625,199
POST00005722,10.066666666666666,29.90066225165563,576,1024,0.5625,301
POST00004542,30.266666666666666,30.0,576,1024,0.5625,908
POST00004255,13.766666666666667,30.0,576,1024,0.5625,413
POST00004095,17.0,30.0,576,1024,0.5625,510
POST00005406,166.43333333333334,29.97596635289405,576,1024,0.5625,4989
POST00005534,12.066666666666666,30.0,576,1024,0.5625,362
POST00004858,8.333333333333334,30.0,576,1024,0.5625,250
POST00005314,49.2,30.0,576,1024,0.5625,1476
POST00005006,11.333333333333334,30.0,576,1024,0.5625,340
POST00005940,10.633333333333333,30.0,576,1024,0.5625,319
POST00005736,16.916916916916918,29.97,576,1024,0.5625,507
POST00004058,12.533333333333333,30.0,576,1024,0.5625,376
POST00005776,13.0,30.0,576,1024,0.5625,390
POST00005163,77.2,30.0,576,1024,0.5625,2316
POST00005543,60.9,30.0,576,1024,0.5625,1827
POST00005089,15.266666666666667,30.0,576,1024,0.5625,458
POST00004536,20.233333333333334,30.0,576,1024,0.5625,607
POST00005253,12.0,30.0,576,1024,0.5625,360
POST00004168,19.033333333333335,30.0,576,1024,0.5625,571
POST00004117,16.433333333333334,30.0,576,1024,0.5625,493
POST00005186,29.9,30.0,576,1024,0.5625,897
POST00005404,17.9,30.0,576,1024,0.5625,537
POST00004664,24.0,30.0,576,1024,0.5625,720
POST00005995,21.533333333333335,30.0,576,1024,0.5625,646
POST00004937,28.866666666666667,30.0,576,1024,0.5625,866
POST00004049,23.45679012345679,29.97,576,1024,0.5625,703
POST00004541,7.833333333333333,30.0,576,1024,0.5625,235
POST00005563,14.066666666666666,30.0,576,1024,0.5625,422
POST00005727,15.033333333333333,30.0,576,1024,0.5625,451
POST00005378,56.22288955622289,29.97,576,1024,0.5625,1685
POST00005395,126.84,25.0,576,1024,0.5625,3171
POST00004430,60.8,30.0,576,1024,0.5625,1824
POST00004192,11.1,30.0,576,1024,0.5625,333
POST00005265,28.033333333333335,30.0,576,1024,0.5625,841
POST00004348,49.28,25.0,576,1024,0.5625,1232
POST00004611,8.6,30.0,576,1024,0.5625,258
POST00005134,21.1,30.0,576,1024,0.5625,633
POST00005113,5.8,30.0,576,1024,0.5625,174
POST00005687,62.1,30.0,576,1024,0.5625,1863
POST00004082,32.4,30.0,720,1280,0.5625,972
POST00005708,131.76666666666668,29.9772324816595,576,1024,0.5625,3950
POST00004488,70.0,30.0,576,1024,0.5625,2100
POST00005216,21.6,30.0,576,1024,0.5625,648
POST00005316,20.9,30.0,576,1024,0.5625,627
POST00005480,16.916666666666668,60.0,576,1024,0.5625,1015
POST00005454,29.733333333333334,30.0,576,1024,0.5625,892
POST00004216,230.8641975308642,29.97,574,1022,0.5616438356164384,6919
POST00005301,33.56666666666667,29.731876861966235,576,1024,0.5625,998
POST00005741,18.966666666666665,30.0,576,1024,0.5625,569
POST00005384,12.866666666666667,30.0,576,1024,0.5625,386
POST00005719,11.4,30.0,576,1024,0.5625,342
POST00004866,252.26666666666668,30.0,576,1024,0.5625,7568
POST00005939,58.06666666666667,30.0,576,576,1.0,1742
POST00004300,21.0,30.0,576,1024,0.5625,630
POST00004243,29.8,30.0,576,1024,0.5625,894
POST00004687,18.333333333333332,30.0,576,1024,0.5625,550
POST00005602,61.166666666666664,29.983651226158038,576,1024,0.5625,1834
POST00005631,145.96666666666667,30.0,576,1024,0.5625,4379
POST00005914,80.76666666666667,30.0,576,1024,0.5625,2423
POST00005481,6.2,30.0,576,1024,0.5625,186
POST00005038,7.033333333333333,30.0,576,1024,0.5625,211
POST00005014,35.43333333333333,30.0,576,1024,0.5625,1063
POST00004238,14.9,30.0,576,1024,0.5625,447
POST00005394,371.87187187187186,29.959243606998655,576,1024,0.5625,11141
POST00005141,35.833333333333336,30.0,576,1024,0.5625,1075
POST00005195,94.8,30.0,576,1024,0.5625,2844
POST00004780,14.133333333333333,30.0,576,1024,0.5625,424
POST00004123,81.06666666666666,30.0,576,1024,0.5625,2432
POST00004841,18.133333333333333,30.0,576,1024,0.5625,544
POST00005750,82.3,30.0,576,1024,0.5625,2469
POST00004953,23.366666666666667,30.0,576,1024,0.5625,701
POST00005015,6.166666666666667,30.0,576,1024,0.5625,185
POST00004442,48.166666666666664,30.0,576,1024,0.5625,1445
POST00005178,15.033333333333333,30.0,576,1024,0.5625,451
POST00005857,12.5,30.0,576,1024,0.5625,375
POST00005875,68.8,30.0,576,1024,0.5625,2064
POST00005240,9.533333333333333,30.0,576,1024,0.5625,286
POST00005649,18.4,30.0,576,1024,0.5625,552
POST00005743,21.0,30.0,576,1026,0.5614035087719298,630
POST00005699,34.333333333333336,30.0,576,1024,0.5625,1030
POST00004923,6.666666666666667,30.0,576,1024,0.5625,200
POST00005101,11.2,30.0,576,1024,0.5625,336
POST00005175,76.8,30.0,576,1024,0.5625,2304
POST00004832,10.166666666666666,30.0,576,1024,0.5625,305
POST00004727,16.750083416750083,29.97,576,1024,0.5625,502
POST00005167,11.666666666666666,30.0,576,1024,0.5625,350
POST00004072,58.666666666666664,30.0,576,1024,0.5625,1760
POST00005424,46.2,30.0,576,1024,0.5625,1386
POST00005652,19.566666666666666,30.0,576,1024,0.5625,587
POST00004881,35.86666666666667,29.776951672862452,576,1024,0.5625,1068
POST00004030,18.966666666666665,30.0,576,1024,0.5625,569
POST00005628,16.766666666666666,30.0,576,576,1.0,503
POST00004450,28.233333333333334,30.0,576,942,0.6114649681528662,847
POST00005342,109.06666666666666,30.0,576,1024,0.5625,3272
POST00005111,19.466666666666665,30.0,576,1024,0.5625,584
POST00005920,6.166666666666667,30.0,576,1024,0.5625,185
POST00004073,93.76666666666667,30.0,576,1024,0.5625,2813
POST00004262,19.833333333333332,30.0,576,1024,0.5625,595
POST00005930,62.86666666666667,30.0,576,1024,0.5625,1886
POST00005005,148.5,29.838383838383837,576,1024,0.5625,4431
POST00004620,40.733333333333334,30.51554828150573,576,1024,0.5625,1243
POST00005133,40.60727394060728,29.97,576,1024,0.5625,1217
POST00004826,69.96666666666667,29.871367317770368,576,1024,0.5625,2090
POST00004155,554.4,29.987373737373737,576,1024,0.5625,16625
POST00005832,18.416666666666668,30.244343891402714,576,1024,0.5625,557
POST00005280,13.566666666666666,30.0,576,1024,0.5625,407
POST00005268,12.5,30.0,576,1024,0.5625,375
POST00005789,14.8,30.0,576,1024,0.5625,444
POST00005787,15.0,30.0,576,1024,0.5625,450
POST00005109,21.133333333333333,30.0,576,720,0.8,634
POST00004849,160.2,30.0,576,1024,0.5625,4806
POST00004102,18.866666666666667,30.0,576,1024,0.5625,566
POST00004784,12.266666666666667,30.0,576,1024,0.5625,368
POST00005529,11.0,27.90909090909091,576,1024,0.5625,307
POST00005852,42.36666666666667,30.0,576,1024,0.5625,1271
POST00004487,69.43333333333334,24.944791166586654,576,1024,0.5625,1732
POST00005388,15.0,30.0,576,1024,0.5625,450
POST00004721,57.03333333333333,30.0,576,1024,0.5625,1711
POST00005318,63.43333333333333,30.0,576,1024,0.5625,1903
POST00005643,29.733333333333334,30.0,576,1024,0.5625,892
POST00004384,30.1,30.0,540,960,0.5625,903
POST00004053,33.333333333333336,29.97,576,1024,0.5625,999
POST00005650,70.56666666666666,30.0,576,1024,0.5625,2117
POST00004632,18.643643643643646,23.976,576,1024,0.5625,447
POST00005868,11.2,30.0,576,1024,0.5625,336
POST00005126,9.7,30.0,576,1024,0.5625,291
POST00005827,25.533333333333335,29.72584856396867,576,1024,0.5625,759
POST00004063,8.3,30.0,576,1024,0.5625,249
POST00004719,16.349683016349683,29.97,576,1024,0.5625,490
POST00005194,5.138471805138472,29.97,576,1024,0.5625,154
POST00004351,8.133333333333333,30.0,576,1024,0.5625,244
POST00004394,60.4,30.0,576,1024,0.5625,1812
POST00004407,36.13333333333333,25.322878228782287,576,1024,0.5625,915
POST00004286,6.066666666666666,30.0,576,1024,0.5625,182
POST00005379,23.766666666666666,30.0,576,1024,0.5625,713
POST00005236,11.4,30.0,576,1024,0.5625,342
POST00005107,24.666666666666668,30.0,576,1024,0.5625,740
POST00004831,19.133333333333333,30.0,576,1024,0.5625,574
POST00004380,9.866666666666667,30.0,576,1024,0.5625,296
POST00004290,16.666666666666668,30.0,576,1024,0.5625,500
POST00004859,14.7,29.727891156462587,576,1024,0.5625,437
POST00004020,193.83333333333334,30.0,576,1024,0.5625,5815
POST00004523,47.5,30.0,576,1024,0.5625,1425
POST00005370,48.666666666666664,29.958904109589042,576,1024,0.5625,1458
POST00005110,88.66666666666667,24.0,576,1024,0.5625,2128
POST00004189,19.766666666666666,30.0,576,1024,0.5625,593
POST00004527,60.43333333333333,30.0,576,1024,0.5625,1813
POST00005307,70.4,30.0,576,1024,0.5625,2112
POST00004791,244.96666666666667,30.0,576,1024,0.5625,7349
POST00004329,13.433333333333334,30.0,576,576,1.0,403
POST00004018,8.466666666666667,30.0,576,576,1.0,254
POST00004648,9.2,30.0,576,1024,0.5625,276
POST00005574,10.643977310643978,29.97,576,1024,0.5625,319
POST00004992,58.733333333333334,30.0,576,1024,0.5625,1762
POST00005844,8.3,30.0,576,1024,0.5625,249
POST00005891,8.033333333333333,30.0,576,1024,0.5625,241
POST00004604,61.0,30.0,576,1024,0.5625,1830
POST00004592,6.066666666666666,30.0,576,1024,0.5625,182
POST00004917,8.133333333333333,30.0,576,1024,0.5625,244
POST00004720,5.766666666666667,30.0,576,576,1.0,173
POST00005860,17.86786786786787,30.053949579831933,576,1024,0.5625,537
POST00004783,40.166666666666664,30.0,576,1024,0.5625,1205
POST00005193,12.8,30.0,576,1024,0.5625,384
POST00005515,94.2,30.0,576,1024,0.5625,2826
POST00004400,61.266666666666666,30.0,576,1024,0.5625,1838
POST00005474,5.2,29.807692307692307,576,1024,0.5625,155
POST00005726,17.017017017017018,29.911235294117645,576,1024,0.5625,509
POST00005580,48.815482148815484,29.97,576,1024,0.5625,1463
POST00005785,35.1,30.0,576,1024,0.5625,1053
POST00005033,27.0,30.0,576,1024,0.5625,810
POST00005367,79.8,30.0,576,1024,0.5625,2394
POST00005499,44.86666666666667,30.0,576,1024,0.5625,1346
POST00004749,38.56666666666667,30.0,576,1024,0.5625,1157
POST00004996,5.966666666666667,30.0,576,1024,0.5625,179
POST00004793,42.166666666666664,30.0,576,1024,0.5625,1265
POST00004894,13.133333333333333,30.0,576,1024,0.5625,394
POST00004438,6.366666666666666,30.0,576,1024,0.5625,191
POST00004037,61.0,30.0,576,1024,0.5625,1830
POST00004206,52.619285952619286,29.97,576,1024,0.5625,1577
POST00004510,25.1,30.0,576,1024,0.5625,753
POST00004960,19.4,30.0,576,1024,0.5625,582
POST00004857,18.633333333333333,30.0,576,1024,0.5625,559
POST00004325,60.3,30.0,576,1024,0.5625,1809
POST00005215,16.233333333333334,30.0,576,1024,0.5625,487
POST00005064,38.6,30.0,576,1024,0.5625,1158
POST00005712,13.5,30.0,576,1024,0.5625,405
POST00005892,49.833333333333336,30.0,480,848,0.5660377358490566,1495
POST00005362,86.6,30.0,576,1024,0.5625,2598
POST00005739,10.2,30.0,576,960,0.6,306
POST00005200,9.0,30.0,576,1024,0.5625,270
POST00005735,100.7,30.0,576,1024,0.5625,3021
POST00005099,110.2,30.0,576,1024,0.5625,3306
POST00004098,441.1,30.0,576,1024,0.5625,13233
POST00005937,35.53333333333333,30.0,576,1024,0.5625,1066
POST00005277,19.366666666666667,30.0,576,1024,0.5625,581
POST00004748,28.266666666666666,30.0,576,1024,0.5625,848
POST00005948,211.46666666666667,29.995271122320304,576,1024,0.5625,6343
POST00004163,30.55119163017682,29.917,576,1024,0.5625,914
POST00005172,10.466666666666667,30.0,576,1024,0.5625,314
POST00004125,18.0,30.0,576,1024,0.5625,540
POST00005460,7.266666666666667,30.0,576,1024,0.5625,218
POST00005554,145.73333333333332,30.0,576,1024,0.5625,4372
POST00005507,14.366666666666667,30.0,576,1024,0.5625,431
POST00004607,12.866666666666667,30.0,576,1024,0.5625,386
POST00004022,52.36666666666667,29.92361553150859,576,1024,0.5625,1567
POST00004360,29.266666666666666,30.0,576,1024,0.5625,878
POST00004884,553.2,30.0,576,1024,0.5625,16596
POST00005909,421.4,30.0,576,1024,0.5625,12642
POST00005369,32.13333333333333,30.0,576,1024,0.5625,964
POST00004585,37.0,29.54054054054054,576,1024,0.5625,1093
POST00004080,88.33333333333333,30.0,576,1024,0.5625,2650
POST00004535,8.766666666666667,30.0,576,1024,0.5625,263
POST00005028,82.12379045712379,23.976,576,1024,0.5625,1969
POST00005432,36.0,30.0,576,1024,0.5625,1080
POST00004150,34.075742409075744,23.976,576,1024,0.5625,817
POST00004016,15.033333333333333,30.0,576,1024,0.5625,451
POST00004451,22.666666666666668,30.0,576,718,0.8022284122562674,680
POST00005231,28.533333333333335,30.0,576,1024,0.5625,856
POST00005725,85.16666666666666,29.964774951076322,576,1024,0.5625,2552
POST00004800,54.166666666666664,30.0,576,1024,0.5625,1625
POST00004589,60.1,30.0,576,1024,0.5625,1803
POST00004292,89.26666666666667,30.0,576,1024,0.5625,2678
POST00004175,19.233333333333334,30.0,576,1024,0.5625,577
POST00005778,44.733333333333334,30.0,576,1024,0.5625,1342
POST00004214,87.22055388722056,29.97,576,1024,0.5625,2614
POST00004659,30.433333333333334,30.0,576,1024,0.5625,913
POST00004930,13.366666666666667,30.0,576,1024,0.5625,401
POST00005097,83.9,30.0,576,1024,0.5625,2517
POST00004101,7.066666666666666,30.0,576,720,0.8,212
POST00004059,11.066666666666666,30.0,576,1024,0.5625,332
POST00005297,61.61904761904762,20.983771251931994,576,1024,0.5625,1293
POST00005238,25.733333333333334,30.0,576,1024,0.5625,772
POST00005399,301.9,30.0,576,1024,0.5625,9057
POST00004743,72.4,30.0,576,1024,0.5625,2172
POST00005775,55.56666666666667,30.0,576,1024,0.5625,1667
POST00005471,90.6,30.0,576,1024,0.5625,2718
POST00004579,104.6,30.0,576,1024,0.5625,3138
POST00004671,95.13333333333334,30.0,576,1024,0.5625,2854
POST00004109,13.966666666666667,30.0,576,1024,0.5625,419
POST00005946,11.2,30.0,576,1024,0.5625,336
POST00004139,15.0,30.0,576,1024,0.5625,450
POST00005555,15.066666666666666,28.34070796460177,576,1024,0.5625,427
POST00004643,28.233333333333334,30.0,576,1024,0.5625,847
POST00004315,16.4,30.0,576,1024,0.5625,492
POST00004941,71.63333333333334,30.0,576,1024,0.5625,2149
POST00005158,93.23333333333333,30.0,576,1024,0.5625,2797
POST00004534,47.233333333333334,30.0,576,1024,0.5625,1417
POST00004002,69.63333333333334,30.0,576,1024,0.5625,2089
POST00004226,39.43333333333333,30.0,576,1024,0.5625,1183
POST00004606,61.93333333333333,30.0,720,1280,0.5625,1858
POST00004873,43.833333333333336,24.0,576,1024,0.5625,1052
POST00004746,105.86666666666666,30.0,576,1024,0.5625,3176
POST00004533,48.481815148481815,29.97,576,1024,0.5625,1453
POST00004350,14.9,30.0,576,1024,0.5625,447
POST00004614,60.38433973899565,59.999,576,1024,0.5625,3623
POST00004197,5.8,30.0,576,1024,0.5625,174
POST00005858,95.76666666666667,30.0,576,1024,0.5625,2873
POST00005611,14.033333333333333,30.0,576,1024,0.5625,421
POST00005651,8.0,29.875,576,1024,0.5625,239
POST00005773,55.61666666666667,30.512436320047946,576,1024,0.5625,1697
POST00004259,10.733333333333333,30.0,576,1274,0.4521193092621664,322
POST00005572,30.266666666666666,30.0,576,1024,0.5625,908
POST00005637,54.833333333333336,30.0,576,1024,0.5625,1645
POST00005737,9.066666666666666,29.889705882352942,576,1024,0.5625,271
POST00005485,63.733333333333334,30.0,576,1024,0.5625,1912
POST00004026,16.666666666666668,30.0,576,922,0.6247288503253796,500
POST00004441,8.833333333333334,30.0,576,1024,0.5625,265
POST00005801,60.4,29.983443708609272,576,1024,0.5625,1811
POST00005861,10.216666666666667,60.0,576,1024,0.5625,613
POST00004879,83.03333333333333,30.0,576,1024,0.5625,2491
POST00005913,10.633333333333333,30.0,576,1024,0.5625,319
POST00004426,9.40940940940941,29.97,576,1024,0.5625,282
POST00004769,7.533333333333333,30.0,576,1024,0.5625,226
POST00004176,23.2,30.0,576,1024,0.5625,696
POST00005054,73.43333333333334,30.0,576,1024,0.5625,2203
POST00005597,53.96666666666667,30.0,576,1024,0.5625,1619
POST00005282,14.333333333333334,29.72093023255814,576,1024,0.5625,426
POST00004433,71.5,30.0,576,1024,0.5625,2145
POST00005185,23.333333333333332,30.0,576,1024,0.5625,700
POST00004382,13.766666666666667,30.0,576,1024,0.5625,413
POST00004686,34.233333333333334,29.73709834469328,576,1024,0.5625,1018
POST00004600,7.2,30.0,576,1024,0.5625,216
POST00004144,14.239395661329679,29.776544600938966,576,1186,0.4856661045531197,424
POST00005001,19.233333333333334,30.0,576,1024,0.5625,577
POST00004674,8.2,30.0,576,1024,0.5625,246
POST00005320,59.03333333333333,29.983060417843028,576,1024,0.5625,1770
POST00004552,19.233333333333334,30.0,576,1024,0.5625,577
POST00005623,13.966666666666667,30.0,576,1024,0.5625,419
POST00004695,14.9,30.0,576,1024,0.5625,447
POST00005234,5.533333333333333,30.0,576,1024,0.5625,166
POST00005990,10.833333333333334,30.0,576,1024,0.5625,325
POST00004863,37.733333333333334,30.0,576,1024,0.5625,1132
POST00004328,120.43333333333334,30.0,576,1024,0.5625,3613
POST00005438,272.93333333333334,30.0,576,1024,0.5625,8188
POST00004320,23.4,30.0,576,1024,0.5625,702
POST00005942,10.066666666666666,30.0,576,1024,0.5625,302
POST00005353,88.73873873873875,59.94,720,1278,0.5633802816901409,5319
POST00005219,86.4,30.0,576,1024,0.5625,2592
POST00004593,24.5,30.0,576,1024,0.5625,735
POST00004811,79.87987987987988,29.97,576,1024,0.5625,2394
POST00004427,45.4,30.0,576,1024,0.5625,1362
POST00004106,87.76666666666667,30.0,576,1024,0.5625,2633
POST00004428,128.13333333333333,30.0,576,1024,0.5625,3844
POST00004906,59.86666666666667,30.0,480,854,0.5620608899297423,1796
POST00005321,13.5,30.0,576,1024,0.5625,405
POST00005070,49.8,30.0,576,1024,0.5625,1494
POST00004597,38.46666666666666,29.974003466204508,576,1024,0.5625,1153
POST00004256,35.733333333333334,30.0,576,1024,0.5625,1072
POST00005721,5.466666666666667,30.0,576,1024,0.5625,164
POST00004587,45.6,30.0,576,1024,0.5625,1368
POST00004891,13.366666666666667,30.0,576,1024,0.5625,401
POST00004608,21.033333333333335,30.0,576,1024,0.5625,631
POST00005941,69.13333333333334,30.0,576,1024,0.5625,2074
POST00004263,27.4,30.0,576,1024,0.5625,822
POST00005222,17.6,30.0,576,1024,0.5625,528
POST00005906,20.466666666666665,30.0,576,1024,0.5625,614
POST00005469,6.4,30.0,576,1024,0.5625,192
POST00005951,46.54654654654655,23.976,576,1026,0.5614035087719298,1116
POST00004591,44.74474474474475,29.455973154362415,576,1024,0.5625,1318
POST00004345,24.033333333333335,30.0,576,1024,0.5625,721
POST00004252,51.166666666666664,30.0,576,1024,0.5625,1535
POST00004092,25.633333333333333,30.0,576,1024,0.5625,769
POST00004725,74.9,29.94659546061415,576,1024,0.5625,2243
POST00004403,10.6,59.24528301886792,576,1024,0.5625,628
POST00004644,60.53333333333333,30.0,576,1024,0.5625,1816
POST00004555,114.66666666666667,29.973837209302324,576,1024,0.5625,3437
POST00005165,6.233333333333333,30.0,576,1024,0.5625,187
POST00005468,21.733333333333334,30.0,576,1024,0.5625,652
POST00005709,88.66666666666667,30.0,576,1024,0.5625,2660
POST00005461,589.8333333333334,30.0,576,1024,0.5625,17695
POST00005455,9.676343009676343,29.97,576,1024,0.5625,290
POST00005516,54.708333333333336,24.0,576,1024,0.5625,1313
POST00004079,32.333333333333336,30.0,576,1024,0.5625,970
POST00005862,185.56666666666666,30.0,576,1024,0.5625,5567
POST00005605,78.93333333333334,30.0,576,1024,0.5625,2368
POST00004258,13.266666666666667,30.0,576,1024,0.5625,398
POST00004617,64.66666666666667,30.0,576,1024,0.5625,1940
POST00004091,11.266666666666667,30.0,470,638,0.7366771159874608,338
POST00005966,85.61895228561896,29.97,576,1024,0.5625,2566
POST00005974,88.56666666666666,30.0,576,1024,0.5625,2657
POST00004396,232.7660994327661,29.97,576,1024,0.5625,6976
POST00005208,34.46666666666667,29.7678916827853,576,1024,0.5625,1026
POST00005928,27.666666666666664,29.096385542168676,576,1024,0.5625,805
POST00004569,24.9,30.0,576,1024,0.5625,747
POST00004662,9.966666666666667,30.0,576,1024,0.5625,299
POST00005220,42.233333333333334,30.0,576,1024,0.5625,1267
POST00005209,17.0,29.0,576,1024,0.5625,493
POST00005233,124.8,30.0,576,1024,0.5625,3744
POST00005603,46.766666666666666,30.0,576,1024,0.5625,1403
POST00004599,20.366666666666667,30.0,576,1024,0.5625,611
POST00005661,174.50784117450786,23.976,576,1024,0.5625,4184
POST00004368,13.1,30.0,576,1024,0.5625,393
POST00005339,119.06666666666666,30.0,576,1024,0.5625,3572
POST00005067,48.666666666666664,30.0,576,1024,0.5625,1460
POST00004871,204.04,25.0,576,1024,0.5625,5101
POST00004627,10.7,30.0,576,1024,0.5625,321
POST00005810,11.266666666666667,30.0,576,1026,0.5614035087719298,338
POST00004170,45.2,30.0,576,1024,0.5625,1356
POST00005264,44.03333333333333,30.0,576,1014,0.5680473372781065,1321
POST00005137,41.37470804137471,23.976,576,1024,0.5625,992
POST00005103,15.066666666666666,30.0,576,1024,0.5625,452
POST00005813,37.333333333333336,30.0,576,1024,0.5625,1120
POST00004955,8.891265835478157,29.917,576,1024,0.5625,266
POST00005332,15.0,30.0,576,1024,0.5625,450
POST00005372,5.786652753403216,21.083,576,1024,0.5625,122
POST00004798,36.53333333333333,30.0,576,1024,0.5625,1096
POST00004354,31.033333333333335,30.0,576,1024,0.5625,931
POST00005691,57.86666666666667,30.0,576,1024,0.5625,1736
POST00004234,213.07974641307976,29.97,576,1024,0.5625,6386
POST00004946,12.233333333333333,30.0,576,1074,0.5363128491620112,367
POST00004616,7.033333333333333,30.0,576,1024,0.5625,211
POST00004423,60.833333333333336,30.0,1024,576,1.7777777777777777,1825
POST00004754,60.833333333333336,30.0,720,1280,0.5625,1825
POST00005700,19.3,30.0,576,1024,0.5625,579
POST00004706,68.83333333333333,30.0,576,1024,0.5625,2065
POST00004067,86.96666666666667,30.0,576,1024,0.5625,2609
POST00005617,31.333333333333332,30.0,576,1024,0.5625,940
POST00004691,14.5,30.0,576,1024,0.5625,435
POST00004739,6.766666666666667,30.0,576,1024,0.5625,203
POST00005430,27.833333333333332,30.0,576,1024,0.5625,835
POST00004140,65.36666666666666,30.0,576,1024,0.5625,1961
POST00004413,19.5,30.0,576,1024,0.5625,585
POST00004521,18.833333333333332,30.0,576,1024,0.5625,565
POST00005986,60.06666666666667,30.0,576,1024,0.5625,1802
POST00005701,90.86666666666666,30.0,576,1024,0.5625,2726
POST00005491,117.06666666666666,30.0,576,1024,0.5625,3512
POST00004183,36.63333333333333,30.0,576,1024,0.5625,1099
POST00005243,9.733333333333334,29.794520547945204,576,1024,0.5625,290
POST00005217,202.8,30.0,576,1024,0.5625,6084
POST00004935,63.8304971638305,29.938667015159435,576,1024,0.5625,1911
POST00004504,60.13333333333333,30.0,576,1024,0.5625,1804
POST00004787,33.233333333333334,30.0,576,1024,0.5625,997
POST00004096,58.75875875875876,29.97,576,1024,0.5625,1761
POST00004939,24.266666666666666,27.60989010989011,576,1024,0.5625,670
POST00004823,61.03333333333333,30.0,576,1024,0.5625,1831
POST00004261,15.0,30.0,576,1024,0.5625,450
POST00004355,6.406406406406407,29.97,576,1024,0.5625,192
POST00004576,126.66666666666667,30.0,576,1024,0.5625,3800
POST00005645,8.033333333333333,30.0,576,1024,0.5625,241
POST00004825,27.9,30.0,576,1024,0.5625,837
POST00004249,120.63333333333334,29.80105001381597,576,1024,0.5625,3595
POST00004254,9.7,30.0,576,1024,0.5625,291
POST00004777,15.033333333333333,30.0,576,1024,0.5625,451
POST00004636,12.633333333333333,30.0,576,1024,0.5625,379
POST00004149,247.63333333333333,30.0,576,1024,0.5625,7429
POST00004899,37.9,30.0,576,1024,0.5625,1137
POST00004397,58.8,30.0,576,1024,0.5625,1764
POST00004235,40.86666666666667,30.0,576,1024,0.5625,1226
POST00005213,36.833333333333336,30.0,576,1024,0.5625,1105
POST00005258,26.7,28.127340823970037,576,1024,0.5625,751
POST00005723,85.43333333333334,30.0,576,1024,0.5625,2563
POST00005377,60.35,60.0,576,576,1.0,3621
POST00005967,46.666666666666664,30.0,576,1016,0.5669291338582677,1400
POST00004788,30.566666666666666,30.0,576,1024,0.5625,917
POST00005985,45.53333333333333,30.0,576,1024,0.5625,1366
POST00005136,15.066666666666666,30.0,576,1024,0.5625,452
POST00004904,23.566666666666666,30.0,576,1024,0.5625,707
POST00005496,76.3,30.0,576,1024,0.5625,2289
POST00005116,81.96666666666667,30.0,576,1024,0.5625,2459
POST00005662,7.566666666666666,30.0,576,1024,0.5625,227
POST00004893,15.266666666666667,30.0,576,1024,0.5625,458
POST00004764,18.4,30.0,576,1024,0.5625,552
POST00004024,104.4,30.0,576,1024,0.5625,3132
POST00004242,57.5,29.930434782608696,576,1024,0.5625,1721
POST00005354,34.9,30.0,576,1024,0.5625,1047
POST00004460,16.566666666666666,29.154929577464788,576,1024,0.5625,483
POST00005950,35.166666666666664,28.919431279620852,576,1024,0.5625,1017
POST00004677,95.63333333333334,30.0,576,932,0.6180257510729614,2869
POST00005929,59.0256923590257,29.953058224985867,576,1024,0.5625,1768
POST00005514,56.8,30.0,540,964,0.5601659751037344,1704
POST00005271,42.9,30.0,576,1024,0.5625,1287
POST00005050,11.7,30.0,576,1024,0.5625,351
POST00004865,86.8,30.0,576,1024,0.5625,2604
POST00005159,7.958333333333333,23.49738219895288,576,1016,0.5669291338582677,187
POST00005634,9.5,30.0,576,1024,0.5625,285
POST00004156,16.466666666666665,30.0,576,1024,0.5625,494
POST00005202,99.83333333333333,30.0,576,1024,0.5625,2995
POST00004273,28.683333333333334,28.866937826844858,576,1024,0.5625,828
POST00004019,62.708333333333336,24.0,576,1024,0.5625,1505
POST00005024,101.76666666666667,30.0,576,1024,0.5625,3053
POST00004751,121.66666666666667,30.0,576,780,0.7384615384615385,3650
POST00005127,7.866666666666666,30.0,576,1024,0.5625,236
POST00004759,17.666666666666668,30.0,576,720,0.8,530
POST00005568,57.400000000000006,29.982578397212542,576,1026,0.5614035087719298,1721
POST00004310,59.833333333333336,30.0,480,848,0.5660377358490566,1795
POST00004809,47.06666666666667,30.0,576,1024,0.5625,1412
POST00004322,18.733333333333334,30.0,576,1024,0.5625,562
POST00004025,11.766666666666667,30.0,576,1024,0.5625,353
POST00005261,41.1,30.0,576,1024,0.5625,1233
POST00005483,15.2,30.0,576,1024,0.5625,456
POST00005870,17.4,30.0,576,1024,0.5625,522
POST00005925,17.266666666666666,30.0,576,1024,0.5625,518
POST00004280,17.5,29.65714285714286,576,1024,0.5625,519
POST00005345,155.1,30.0,576,1024,0.5625,4653
POST00005541,71.1,30.0,576,1024,0.5625,2133
POST00004494,40.7,30.0,576,1024,0.5625,1221
POST00004056,109.23333333333333,30.0,576,1024,0.5625,3277
POST00004968,161.03333333333333,30.0,576,1024,0.5625,4831
POST00005077,18.333333333333332,30.0,576,1024,0.5625,550
POST00005992,9.8,30.0,720,1280,0.5625,294
POST00005997,6.4,30.0,576,1024,0.5625,192
POST00004944,15.633333333333333,30.0,576,1024,0.5625,469
POST00005489,16.0,30.0,576,576,1.0,480
POST00005744,7.133333333333334,30.0,576,1024,0.5625,214
POST00005180,10.366666666666667,30.0,576,1024,0.5625,311
POST00004105,193.8,30.0,576,1024,0.5625,5814
POST00004621,14.783333333333333,60.0,576,1024,0.5625,887
POST00005619,7.533333333333333,30.0,576,1024,0.5625,226
POST00005732,92.66666666666667,29.9568345323741,576,1024,0.5625,2776
POST00004409,8.066666666666666,29.628099173553718,576,1024,0.5625,239
POST00004068,49.007340674007345,23.976,576,1024,0.5625,1175
POST00004469,57.9,30.0,576,1024,0.5625,1737
POST00004169,83.96666666666667,30.0,576,1024,0.5625,2519
POST00004251,97.06666666666666,29.94848901098901,576,1024,0.5625,2907
POST00005840,10.291666666666666,24.0,576,1024,0.5625,247
POST00005451,18.666666666666668,28.5,576,872,0.6605504587155964,532
POST00004318,14.933333333333334,29.799107142857142,576,1024,0.5625,445
POST00004076,9.633333333333333,30.0,576,720,0.8,289
POST00005267,7.633333333333334,30.0,576,1024,0.5625,229
POST00005831,86.76666666666667,30.0,576,1024,0.5625,2603
POST00005612,28.166666666666668,30.0,576,1024,0.5625,845
POST00004618,9.0,30.0,576,1024,0.5625,270
POST00004699,62.9,30.0,576,1024,0.5625,1887
POST00004260,20.32,25.0,576,1024,0.5625,508
POST00005902,466.56666666666666,30.0,576,1024,0.5625,13997
POST00004040,19.11911911911912,29.97,576,1024,0.5625,573
POST00005396,10.966666666666667,30.0,576,1024,0.5625,329
POST00004010,11.411411411411411,29.882368421052632,576,1024,0.5625,341
POST00005924,93.63333333333334,30.0,576,768,0.75,2809
POST00004845,77.46666666666667,30.0,576,1024,0.5625,2324
POST00005771,74.1,30.0,576,1024,0.5625,2223
POST00004496,8.333333333333334,30.0,576,1024,0.5625,250
POST00004690,20.1,30.0,576,1024,0.5625,603
POST00004244,197.3,30.0,576,1024,0.5625,5919
POST00004909,39.233333333333334,30.0,576,1024,0.5625,1177
POST00004861,9.4,30.0,576,1024,0.5625,282
POST00005130,17.1,30.0,576,1024,0.5625,513
POST00005080,32.1,30.0,576,1024,0.5625,963
POST00004352,10.9,30.0,576,1024,0.5625,327
POST00005826,20.041666666666668,24.0,576,1024,0.5625,481
POST00005608,26.15115115115115,23.976,576,1024,0.5625,627
POST00004651,49.06666666666667,30.0,576,1024,0.5625,1472
POST00005309,20.066666666666666,29.900332225913623,576,1024,0.5625,600
POST00004507,30.46666666666667,29.934354485776804,576,1024,0.5625,912
POST00005742,10.133333333333333,30.0,576,1024,0.5625,304
POST00004568,28.7,30.0,576,1024,0.5625,861
POST00004108,54.833333333333336,30.0,576,1024,0.5625,1645
POST00004443,27.733333333333334,30.0,576,1024,0.5625,832
POST00005154,10.41041041041041,29.97,576,1024,0.5625,312
POST00004775,7.633333333333334,30.0,576,1024,0.5625,229
POST00005724,9.866666666666667,30.0,576,1024,0.5625,296
POST00004602,17.233333333333334,30.0,576,1024,0.5625,517
POST00005824,51.5,30.0,576,1024,0.5625,1545
POST00005030,15.1,10.0,576,1024,0.5625,151
POST00005492,12.762762762762764,23.976,576,1024,0.5625,306
POST00005189,42.43333333333333,30.0,576,1024,0.5625,1273
POST00005079,10.07344383352731,24.917,576,1024,0.5625,251
POST00004807,9.566666666666666,29.686411149825783,576,1024,0.5625,284
POST00005337,9.866666666666667,30.0,576,1024,0.5625,296
POST00004364,59.89322655989323,23.976,576,1024,0.5625,1436
POST00005397,12.533333333333333,30.0,576,1024,0.5625,376
POST00004449,26.3,30.0,576,1024,0.5625,789
POST00004302,9.9,30.0,576,1024,0.5625,297
POST00004171,18.966666666666665,30.0,576,1024,0.5625,569
POST00004479,27.333333333333332,30.0,576,768,0.75,820
POST00005427,23.166666666666668,30.0,576,1024,0.5625,695
POST00005835,11.733333333333333,30.0,576,1024,0.5625,352
POST00005349,10.666666666666666,30.0,576,1024,0.5625,320
POST00005894,86.53333333333333,29.953775038520803,576,846,0.6808510638297872,2592
POST00004055,51.7,30.0,576,1024,0.5625,1551
POST00005811,61.4,30.0,576,1024,0.5625,1842
POST00004088,11.066666666666666,30.0,576,1024,0.5625,332
POST00004683,50.6,30.0,576,1024,0.5625,1518
POST00004810,5.566666666666666,30.0,576,1024,0.5625,167
POST00005170,11.533333333333333,30.0,576,1024,0.5625,346
POST00005121,71.73333333333333,30.0,576,1024,0.5625,2152
POST00004803,104.9,30.0,576,1024,0.5625,3147
POST00005420,23.933333333333334,30.0,576,1024,0.5625,718
POST00004911,140.23333333333332,30.0,576,1024,0.5625,4207
POST00005417,26.9,30.0,576,1024,0.5625,807
POST00005520,8.0,30.0,576,1024,0.5625,240
POST00004812,5.1,30.0,576,1024,0.5625,153
POST00005412,23.366666666666667,30.0,576,1024,0.5625,701
POST00005319,24.433333333333334,30.0,576,1024,0.5625,733
POST00004217,6.633333333333334,30.0,576,626,0.9201277955271565,199
POST00004121,73.6,29.98641304347826,576,1024,0.5625,2207
POST00005590,12.812812812812814,29.97,576,1024,0.5625,384
POST00005819,131.51020408163265,24.5,576,1024,0.5625,3222
POST00005654,8.375041708375042,29.97,576,1026,0.5614035087719298,251
POST00005414,37.93333333333333,30.0,576,1024,0.5625,1138
POST00004308,59.833333333333336,30.0,480,848,0.5660377358490566,1795
POST00004299,61.3,30.0,576,1024,0.5625,1839
POST00004868,14.333333333333334,30.0,576,1024,0.5625,430
POST00005390,57.3,30.0,576,1024,0.5625,1719
POST00004298,68.6,30.0,576,1024,0.5625,2058
POST00004816,52.13333333333333,29.98081841432225,576,1024,0.5625,1563
POST00005065,116.0,30.0,576,1024,0.5625,3480
POST00004228,19.533333333333335,30.0,576,1024,0.5625,586
POST00004284,20.8,30.0,576,1024,0.5625,624
POST00004279,16.066666666666666,30.0,576,1024,0.5625,482
POST00005943,13.033333333333333,30.0,576,1024,0.5625,391
POST00004093,27.7,30.0,576,1024,0.5625,831
POST00004736,123.36666666666666,30.0,720,1162,0.6196213425129088,3701
POST00004564,8.633333333333333,30.0,576,1024,0.5625,259
POST00004084,52.8,30.0,576,1024,0.5625,1584
POST00005011,9.633333333333333,30.0,576,1024,0.5625,289
POST00005679,47.71438104771438,29.97,576,1024,0.5625,1430
POST00004918,7.4,30.0,576,1024,0.5625,222
POST00005478,34.8,30.0,576,1024,0.5625,1044
POST00004333,35.2,30.0,576,1024,0.5625,1056
POST00005464,7.0,30.0,576,1024,0.5625,210
POST00005039,7.766666666666667,30.0,576,1024,0.5625,233
POST00004323,37.86666666666667,29.947183098591548,576,1024,0.5625,1134
POST00004760,127.36666666666666,30.0,576,1024,0.5625,3821
POST00004160,70.46666666666667,30.0,576,1024,0.5625,2114
POST00005272,32.06666666666667,30.0,576,1024,0.5625,962
POST00005696,16.633333333333333,29.939879759519037,576,1024,0.5625,498
POST00005183,26.833333333333332,30.0,576,1024,0.5625,805
POST00005933,60.43333333333333,30.0,576,1024,0.5625,1813
POST00004209,15.14848181514848,27.263458149779737,576,1024,0.5625,413
POST00004601,17.633333333333333,30.0,576,1024,0.5625,529
POST00004678,35.733333333333334,30.0,576,1024,0.5625,1072
POST00005259,17.066666666666666,30.0,576,1024,0.5625,512
POST00005969,108.56666666666666,30.0,576,1024,0.5625,3257
POST00004652,74.33333333333334,29.986547085201792,576,1024,0.5625,2229
POST00005123,11.766666666666667,30.0,576,1022,0.5636007827788649,353
POST00004745,41.733333333333334,30.0,576,1024,0.5625,1252
POST00004204,92.26666666666667,30.0,576,1024,0.5625,2768
POST00005226,133.8,30.0,576,1024,0.5625,4014
POST00005245,118.54166666666666,23.991564147627418,576,1024,0.5625,2844
POST00005642,7.066666666666666,30.0,576,1024,0.5625,212
POST00004012,214.06666666666666,30.0,576,1024,0.5625,6422
POST00005284,10.533333333333333,30.0,576,1024,0.5625,316
POST00005890,93.83333333333333,30.0,576,1024,0.5625,2815
POST00004459,200.76743410076745,29.97,576,1024,0.5625,6017
POST00004461,17.6,30.0,576,1024,0.5625,528
POST00004979,121.46666666666667,30.0,576,1024,0.5625,3644
POST00004231,51.96666666666667,24.5349583066068,576,1024,0.5625,1275
POST00004437,64.03333333333333,30.0,576,1024,0.5625,1921
POST00005199,62.5,30.0,576,1024,0.5625,1875
POST00005581,17.250583917250584,29.5642166344294,576,1024,0.5625,510
POST00004359,8.033333333333333,30.0,576,1024,0.5625,241
POST00005838,11.133333333333333,30.0,576,1024,0.5625,334
POST00004151,42.8853160410469,29.870363990646922,576,1024,0.5625,1281
POST00004565,309.8,30.0,576,1024,0.5625,9294
POST00005400,85.23333333333333,30.0,576,1024,0.5625,2557
POST00004666,115.76666666666667,30.0,576,1024,0.5625,3473
POST00004418,15.1,30.0,576,1024,0.5625,453
POST00005962,15.4,30.0,576,1024,0.5625,462
POST00004499,56.02268935602269,29.97,576,1024,0.5625,1679
POST00005425,12.633333333333333,30.0,576,1024,0.5625,379
POST00004306,22.066666666666666,30.0,576,1024,0.5625,662
POST00004467,89.96666666666667,30.0,576,1024,0.5625,2699
POST00004361,15.133333333333333,30.0,576,1024,0.5625,454
POST00005025,56.2,29.94661921708185,576,1024,0.5625,1683
POST00004497,13.366666666666667,30.0,576,1024,0.5625,401
POST00005410,7.9,30.0,576,1024,0.5625,237
POST00005274,11.966666666666667,30.0,576,1024,0.5625,359
POST00004195,55.7,30.0,576,1024,0.5625,1671
POST00005656,82.46666666666667,30.0,576,1024,0.5625,2474
POST00005144,23.033333333333335,30.0,576,1024,0.5625,691
POST00005083,107.43333333333334,30.0,576,1024,0.5625,3223
POST00005864,26.633333333333333,30.0,576,1024,0.5625,799
POST00004605,7.866666666666666,30.0,576,1024,0.5625,236
POST00004035,276.7,30.0,576,1024,0.5625,8301
POST00004181,82.0,30.0,576,1024,0.5625,2460
POST00005690,48.166666666666664,30.0,576,1024,0.5625,1445
POST00004033,12.133333333333333,30.0,576,1024,0.5625,364
POST00005598,54.287620954287625,29.97,576,1024,0.5625,1627
POST00004712,11.333333333333334,30.0,576,710,0.8112676056338028,340
POST00005084,6.6,30.0,576,1024,0.5625,198
POST00005036,13.8,30.0,576,1024,0.5625,414
POST00004551,42.233333333333334,30.0,576,1024,0.5625,1267
POST00005613,93.36666666666666,30.0,576,1024,0.5625,2801
POST00004619,70.33333333333333,30.0,576,1024,0.5625,2110
POST00004127,5.739072405739073,29.97,576,1024,0.5625,172
POST00004786,21.766666666666666,30.0,576,1024,0.5625,653
POST00004158,6.5,30.0,576,1024,0.5625,195
POST00004087,29.599999999999998,24.425675675675677,576,1024,0.5625,723
POST00004454,60.06666666666667,30.0,576,1024,0.5625,1802
POST00005095,186.03333333333333,30.0,576,1024,0.5625,5581
POST00005851,89.46666666666667,29.88822652757079,576,1024,0.5625,2674
POST00005191,17.366666666666667,30.0,576,1024,0.5625,521
POST00004978,14.633333333333333,30.0,576,1024,0.5625,439
POST00005151,59.3,30.0,576,1024,0.5625,1779
POST00005450,109.43333333333334,30.0,576,1024,0.5625,3283
POST00005408,63.5,29.95275590551181,576,1024,0.5625,1902
POST00005688,66.93333333333334,30.0,576,1024,0.5625,2008
POST00005620,72.73333333333333,30.0,576,1024,0.5625,2182
POST00005600,22.42242242242242,29.97,576,1024,0.5625,672
POST00005880,126.5,30.0,576,1024,0.5625,3795
POST00005300,60.46666666666667,59.98346196251378,576,576,1.0,3627
POST00005291,7.933333333333334,30.0,576,1246,0.4622792937399679,238
POST00004528,86.43333333333334,30.0,576,1024,0.5625,2593
POST00004218,26.599999999999998,30.639097744360903,576,1020,0.5647058823529412,815
POST00004582,8.6,30.0,576,1024,0.5625,258
POST00004667,53.72038705372039,23.976,576,1024,0.5625,1288
POST00004705,59.93333333333333,30.0,576,1024,0.5625,1798
POST00005295,41.583333333333336,59.879759519038075,576,1024,0.5625,2490
POST00005876,15.015015015015015,29.97,576,1024,0.5625,450
POST00005989,73.5,30.0,576,1024,0.5625,2205
POST00005034,15.2,10.0,576,1024,0.5625,152
POST00004317,18.666666666666668,30.0,576,1024,0.5625,560
POST00004432,28.833333333333332,30.0,576,1024,0.5625,865
POST00004420,56.4,30.0,576,1024,0.5625,1692
POST00004689,13.566666666666666,30.0,576,1024,0.5625,407
POST00004684,228.76666666666668,30.0,576,1024,0.5625,6863
POST00005944,33.233333333333334,30.0,576,1024,0.5625,997
POST00005473,13.6,30.0,576,1024,0.5625,408
POST00005715,17.2,30.0,576,1024,0.5625,516
POST00004799,19.26926926926927,23.976,576,1024,0.5625,462
POST00004271,15.766666666666667,30.0,576,1024,0.5625,473
POST00004114,22.5,30.0,576,1024,0.5625,675
POST00004267,16.533333333333335,30.0,576,1024,0.5625,496
POST00005402,5.433333333333334,30.0,576,1024,0.5625,163
POST00004625,8.9,30.0,576,1024,0.5625,267
POST00004305,12.366666666666667,30.0,576,1024,0.5625,371
POST00004598,17.066666666666666,29.94140625,576,1024,0.5625,511
POST00004081,17.066666666666666,30.0,576,1244,0.4630225080385852,512
POST00005456,20.066666666666666,30.0,576,1024,0.5625,602
POST00004529,35.068401735068406,29.97,576,1024,0.5625,1051
POST00005145,81.24,25.0,576,732,0.7868852459016393,2031
POST00004735,26.6,30.0,576,1024,0.5625,798
POST00004957,29.833333333333332,30.0,576,1024,0.5625,895
POST00005115,14.466666666666667,30.0,576,1026,0.5614035087719298,434
POST00004411,15.766666666666667,30.0,576,1024,0.5625,473
POST00005780,66.86666666666666,30.0,576,1024,0.5625,2006
POST00005330,104.56666666666666,29.980873445967486,576,1024,0.5625,3135
POST00005279,32.1,30.0,576,1024,0.5625,963
POST00004729,11.9,30.0,576,1024,0.5625,357
POST00005476,18.6,30.0,576,1024,0.5625,558
POST00005647,21.2,30.0,576,1024,0.5625,636
POST00004153,9.12524651535916,29.917,576,1024,0.5625,273
POST00005527,24.166666666666668,30.0,576,1024,0.5625,725
POST00004815,45.318942111085036,29.7668025147929,576,1024,0.5625,1349
POST00005125,26.433333333333334,30.0,576,1024,0.5625,793
POST00004938,47.666666666666664,30.0,576,1024,0.5625,1430
POST00004988,23.565231898565234,23.976,576,1024,0.5625,565
POST00005609,9.3,30.0,576,1024,0.5625,279
POST00005493,24.233333333333334,30.0,576,1024,0.5625,727
POST00004474,39.8,30.0,576,1024,0.5625,1194
POST00004509,14.8,30.0,576,1024,0.5625,444
POST00004519,25.6,30.0,576,1024,0.5625,768
POST00005866,54.333333333333336,30.0,576,1142,0.5043782837127846,1630
POST00005682,14.333333333333334,30.0,576,1024,0.5625,430
POST00004580,60.06666666666667,30.0,576,1024,0.5625,1802
POST00005210,26.533333333333335,30.0,576,1024,0.5625,796
POST00004367,22.333333333333332,30.0,576,1024,0.5625,670
POST00005241,24.866666666666667,30.0,576,1024,0.5625,746
POST00004205,32.63333333333333,30.0,576,1024,0.5625,979
POST00005784,9.933333333333334,28.389261744966444,576,1024,0.5625,282
POST00005435,115.03333333333333,29.982613735149233,576,1024,0.5625,3449
POST00005805,5.9,30.0,576,1024,0.5625,177
POST00004391,7.5,30.0,576,1024,0.5625,225
POST00005953,63.0,29.952380952380953,576,1024,0.5625,1887
POST00004331,14.233333333333333,30.0,576,1024,0.5625,427
POST00004207,15.115115115115115,29.506887417218543,576,1024,0.5625,446
POST00005475,23.033333333333335,30.0,576,1024,0.5625,691
POST00005733,275.7,30.0,576,1024,0.5625,8271
POST00005364,10.7,30.0,576,1024,0.5625,321
POST00005214,7.266666666666667,30.0,576,1024,0.5625,218
POST00005437,28.92892892892893,29.97,576,1024,0.5625,867
POST00005768,46.3728813559322,29.5,576,1024,0.5625,1368
POST00005921,66.63333333333334,30.0,576,1024,0.5625,1999
POST00004588,22.3,30.0,576,1024,0.5625,669
POST00004313,67.4,30.0,576,1024,0.5625,2022
POST00005897,6.5,30.0,576,1024,0.5625,195
POST00005009,148.36666666666667,29.98651988317232,576,1024,0.5625,4449
POST00004827,7.7,30.0,540,960,0.5625,231
POST00004824,7.9,30.0,576,1024,0.5625,237
POST00004590,29.466666666666665,30.0,576,1024,0.5625,884
POST00005668,36.1,30.0,576,1024,0.5625,1083
POST00005179,85.1,30.0,576,1022,0.5636007827788649,2553
POST00005738,11.366666666666667,30.0,576,1024,0.5625,341
POST00004647,26.266666666666666,30.0,576,1024,0.5625,788
POST00004942,29.366666666666667,29.96594778660613,576,1024,0.5625,880
POST00005428,76.56666666666666,30.0,576,1024,0.5625,2297
POST00004814,10.0,30.0,576,1024,0.5625,300
POST00004386,17.133333333333333,30.0,576,1024,0.5625,514
POST00004074,59.43333333333333,29.966348850252384,576,1024,0.5625,1781
POST00005569,16.533333333333335,30.0,576,1024,0.5625,496
POST00004696,28.2,30.0,576,1024,0.5625,846
POST00004967,7.266666666666667,30.0,576,1024,0.5625,218
POST00005294,61.333333333333336,30.0,576,1024,0.5625,1840
POST00005190,53.833333333333336,30.0,576,1024,0.5625,1615
POST00004855,13.9,30.0,576,1024,0.5625,417
POST00004416,5.2,30.0,576,1024,0.5625,156
POST00005633,11.266666666666667,30.0,576,1024,0.5625,338
POST00005269,36.5,30.0,576,1024,0.5625,1095
POST00005622,8.1,30.0,576,1024,0.5625,243
POST00004424,7.966666666666667,30.0,576,1024,0.5625,239
POST00004840,62.06666666666667,30.0,576,1024,0.5625,1862
POST00005769,294.26666666666665,30.0,576,1024,0.5625,8828
POST00005854,49.233333333333334,30.0,576,1024,0.5625,1477
POST00004132,3.933333333333333,30.0,576,1024,0.5625,118
POST00004312,51.86666666666667,30.0,576,1024,0.5625,1556
POST00004731,67.8,30.0,576,1024,0.5625,2034
POST00005594,32.833333333333336,60.0,576,1024,0.5625,1970
POST00004159,15.033333333333333,30.0,576,1024,0.5625,451
POST00004410,22.266666666666666,30.0,576,1024,0.5625,668
POST00005061,8.5,30.0,576,1024,0.5625,255
POST00005546,78.16666666666667,29.897654584221748,576,1024,0.5625,2337
POST00005673,47.36666666666667,30.0,644,576,1.1180555555555556,1421
POST00005048,29.166666666666668,30.0,576,1024,0.5625,875
POST00004094,258.0,30.0,576,720,0.8,7740
POST00005244,83.03333333333333,30.0,576,1024,0.5625,2491
POST00005169,60.733333333333334,30.0,576,1024,0.5625,1822
POST00005705,34.53333333333333,30.0,576,1024,0.5625,1036
POST00004046,8.066666666666666,30.0,576,1024,0.5625,242
POST00004484,21.066666666666666,30.0,576,1024,0.5625,632
POST00004283,36.88688688688689,59.94,576,1014,0.5680473372781065,2211
POST00004511,7.066666666666666,30.0,576,1024,0.5625,212
POST00005290,34.96666666666667,30.0,576,1024,0.5625,1049
POST00004933,17.5,30.0,576,1024,0.5625,525
POST00004934,7.733333333333333,30.0,576,1024,0.5625,232
POST00005327,16.933333333333334,30.0,576,1024,0.5625,508
POST00005513,39.622956289622955,23.976,576,1024,0.5625,950
POST00005730,42.1,30.0,576,1024,0.5625,1263
POST00004711,79.86666666666666,30.0,576,1024,0.5625,2396
POST00004307,59.833333333333336,30.0,480,848,0.5660377358490566,1795
POST00004406,120.26666666666667,30.0,576,1024,0.5625,3608
POST00004429,66.2,30.0,576,1024,0.5625,1986
POST00005587,9.7,30.0,576,930,0.6193548387096774,291
POST00005630,30.033333333333335,30.0,576,768,0.75,901
POST00005073,38.1,30.0,576,1024,0.5625,1143
POST00004682,11.333333333333334,30.0,576,1024,0.5625,340
POST00005878,189.96666666666667,30.0,576,1024,0.5625,5699
POST00005042,130.0,29.99230769230769,576,1024,0.5625,3899
POST00004626,26.493159826493162,29.97,576,1024,0.5625,794
POST00004692,244.1,30.0,576,1024,0.5625,7323
POST00005201,16.033333333333335,30.0,576,1024,0.5625,481
POST00005037,6.8,30.0,576,1024,0.5625,204
POST00005865,23.2,30.0,576,1024,0.5625,696
POST00005984,11.466666666666667,30.0,576,1024,0.5625,344
POST00004014,9.0,30.0,576,1024,0.5625,270
POST00004021,60.1,30.0,576,1024,0.5625,1803
POST00005855,12.366666666666667,30.0,576,1024,0.5625,371
POST00004377,142.73333333333332,30.0,576,1024,0.5625,4282
POST00004924,38.8,30.0,576,1024,0.5625,1164
POST00004835,60.6272939606273,29.97,576,1024,0.5625,1817
POST00004126,8.1,30.0,576,1024,0.5625,243
POST00004874,15.877260420496707,29.917,576,1024,0.5625,475
POST00005731,12.566666666666666,30.0,576,1024,0.5625,377
POST00005955,47.5,30.0,576,1024,0.5625,1425
POST00005547,89.26666666666667,30.0,576,1024,0.5625,2678
POST00004558,18.601935268601935,23.976,576,1024,0.5625,446
POST00004431,11.566666666666666,30.0,576,642,0.897196261682243,347
POST00005385,10.733333333333333,30.0,576,1024,0.5625,322
POST00005023,34.7,30.0,576,1024,0.5625,1041
POST00004389,5.046713380046714,23.976,576,1024,0.5625,121
POST00004241,188.55522188855522,29.97,576,1024,0.5625,5651
POST00004028,57.46666666666667,29.98259860788863,576,1024,0.5625,1723
POST00005351,60.46666666666667,30.0,576,1024,0.5625,1814
POST00004870,18.9,30.0,576,1024,0.5625,567
POST00005786,65.13333333333334,29.9539406345957,576,1024,0.5625,1951
POST00005459,10.6,30.0,576,1024,0.5625,318
POST00005539,19.566666666666666,30.0,576,1024,0.5625,587
POST00004295,11.4,30.0,576,1024,0.5625,342
POST00004385,13.666666666666666,30.0,576,1024,0.5625,410
POST00004482,12.3,30.0,576,1024,0.5625,369
POST00005051,45.1,30.0,576,1024,0.5625,1353
POST00004414,116.0,30.0,576,1024,0.5625,3480
POST00005618,55.233333333333334,30.0,576,1024,0.5625,1657
POST00004202,81.34801468134802,29.97,842,576,1.4618055555555556,2438
POST00004550,17.36,25.0,576,1024,0.5625,434
POST00004889,19.633333333333333,30.0,576,1024,0.5625,589
POST00005232,12.966666666666667,30.0,576,1024,0.5625,389
POST00004347,10.458333333333334,24.0,576,1016,0.5669291338582677,251
POST00005442,195.03333333333333,30.0,576,1024,0.5625,5851
POST00004458,79.5,29.660377358490567,576,1024,0.5625,2358
POST00004584,7.0,30.0,576,1024,0.5625,210
POST00005082,61.4,29.6742671009772,576,1024,0.5625,1822
POST00005239,72.0387053720387,29.97,576,1024,0.5625,2159
POST00005720,31.6,29.841772151898734,576,1024,0.5625,943
POST00005752,17.8,25.0,576,1024,0.5625,445
POST00005341,10.466666666666667,24.45859872611465,576,1024,0.5625,256
POST00004146,14.933333333333334,30.0,480,852,0.5633802816901409,448
POST00005422,61.53333333333333,30.0,576,720,0.8,1846
POST00005352,105.56666666666666,28.711714556362487,720,1280,0.5625,3031
POST00004492,38.6,30.0,576,1024,0.5625,1158
POST00005305,12.0,30.0,576,1024,0.5625,360
POST00005166,11.2,30.0,576,1024,0.5625,336
POST00004330,12.6,30.0,576,1024,0.5625,378
POST00005963,19.03333333333333,29.947460595446586,576,1024,0.5625,570
POST00005772,15.125,16.0,576,1024,0.5625,242
POST00004266,14.766666666666667,30.0,576,1024,0.5625,443
POST00004191,8.066666666666666,30.0,576,1024,0.5625,242
POST00004439,14.866666666666667,30.0,576,1024,0.5625,446
POST00004198,5.133333333333334,30.0,576,1024,0.5625,154
POST00004630,29.666666666666668,30.0,576,1024,0.5625,890
POST00004794,18.0,30.0,576,1024,0.5625,540
POST00004201,9.7,30.0,576,1024,0.5625,291
POST00004457,81.86666666666666,30.0,576,1024,0.5625,2456
POST00004129,85.8,30.0,576,1024,0.5625,2574
POST00004961,5.9,30.0,576,1024,0.5625,177
POST00005987,60.03333333333333,30.0,576,1024,0.5625,1801
POST00005616,23.9,29.8744769874477,576,1024,0.5625,714
POST00004895,93.76666666666667,30.0,576,1024,0.5625,2813
POST00005078,92.6,30.0,576,1024,0.5625,2778
POST00005500,17.633333333333333,30.0,678,576,1.1770833333333333,529
POST00005143,77.9,30.0,576,1024,0.5625,2337
POST00005027,14.366666666666667,30.0,576,576,1.0,431
POST00004742,46.733333333333334,30.0,576,1024,0.5625,1402
POST00004483,61.56666666666667,30.0,576,1024,0.5625,1847
POST00004681,77.26666666666667,30.0,576,1024,0.5625,2318
POST00004977,9.033333333333333,30.0,576,1024,0.5625,271
POST00004490,93.73333333333333,30.0,576,1024,0.5625,2812
POST00005322,59.06666666666666,29.983069977426638,576,1024,0.5625,1771
POST00005900,296.6666666666667,30.0,576,1024,0.5625,8900
POST00004796,39.36666666666667,30.0,576,1024,0.5625,1181
POST00005938,84.39999999999999,29.96445497630332,576,1024,0.5625,2529
POST00004145,20.7,30.0,576,1024,0.5625,621
POST00004213,58.6,30.0,576,1024,0.5625,1758
POST00005812,8.566666666666666,30.0,576,1024,0.5625,257
POST00004830,14.6,30.0,576,1024,0.5625,438
POST00004781,72.6,30.0,576,1024,0.5625,2178
POST00004806,8.833333333333334,30.0,576,1024,0.5625,265
POST00004342,12.0,30.0,576,1024,0.5625,360
POST00005849,38.53333333333333,30.0,576,1024,0.5625,1156
POST00005675,114.9,30.0,576,1024,0.5625,3447
POST00004505,21.4,30.0,576,1024,0.5625,642
POST00005644,14.848181514848182,29.97,576,1024,0.5625,445
POST00004250,44.03333333333333,30.0,576,1024,0.5625,1321
POST00005488,10.5,30.0,576,1024,0.5625,315
POST00004060,8.666666666666666,30.0,720,1280,0.5625,260
POST00004724,38.56666666666667,30.0,576,1024,0.5625,1157
POST00004408,88.96666666666667,30.0,576,1024,0.5625,2669
POST00004544,61.76,25.0,576,1024,0.5625,1544
POST00005436,7.433333333333334,30.0,576,1024,0.5625,223
POST00005302,24.9,30.0,576,1024,0.5625,747
POST00005346,15.8,30.0,576,1024,0.5625,474
POST00005063,35.53333333333333,30.0,576,1024,0.5625,1066
POST00005431,60.93333333333333,30.0,576,1024,0.5625,1828
POST00005915,6.2,30.0,576,1024,0.5625,186
POST00004556,38.86666666666667,29.356775300171527,576,1024,0.5625,1141
POST00005275,45.6,30.0,1024,576,1.7777777777777777,1368
POST00004203,9.066666666666666,30.0,576,1024,0.5625,272
POST00005927,14.96,25.0,576,1024,0.5625,374
POST00005176,14.547881214547882,29.97,576,1024,0.5625,436
POST00004718,7.9,30.0,576,1024,0.5625,237
POST00005770,13.847180513847182,29.97,576,1024,0.5625,415
POST00005205,8.666666666666666,29.423076923076923,576,1024,0.5625,255
POST00005905,12.1,30.0,576,1024,0.5625,363
POST00005856,136.26666666666668,30.0,576,1024,0.5625,4088
POST00004326,7.4,30.0,576,1024,0.5625,222
POST00005934,27.666666666666668,30.0,576,1024,0.5625,830
POST00004036,75.96666666666667,30.0,576,1024,0.5625,2279
POST00004762,44.083333333333336,60.0,576,1024,0.5625,2645
POST00004929,13.9,30.0,576,1024,0.5625,417
POST00004915,17.466666666666665,30.0,576,1024,0.5625,524
POST00004039,29.166666666666668,30.0,576,1024,0.5625,875
POST00005874,103.86666666666666,30.0,576,1024,0.5625,3116
POST00005026,9.766666666666667,30.0,576,1024,0.5625,293
POST00005596,11.466666666666667,30.0,576,958,0.6012526096033403,344
POST00004623,14.533333333333333,30.0,576,1024,0.5625,436
POST00004631,40.93333333333333,30.0,576,1024,0.5625,1228
POST00005338,6.066666666666666,30.0,576,1024,0.5625,182
POST00004888,96.56666666666666,30.0,576,1024,0.5625,2897
POST00005423,155.3,29.96780424983902,576,1024,0.5625,4654
POST00005817,54.666666666666664,30.0,576,1024,0.5625,1640
POST00004466,71.46666666666667,30.0,576,1024,0.5625,2144
POST00005573,20.9,30.0,576,768,0.75,627
POST00005391,47.1,15.307855626326964,576,1024,0.5625,721
POST00004976,11.633333333333333,30.0,576,1024,0.5625,349
POST00004282,179.13333333333333,30.0,576,1024,0.5625,5374
POST00005566,5.2,30.0,576,1024,0.5625,156
POST00005911,13.133333333333333,30.0,576,1064,0.5413533834586466,394
POST00004165,20.866666666666667,30.0,576,1024,0.5625,626
POST00004066,45.96666666666667,30.0,576,1024,0.5625,1379
POST00005536,21.666666666666668,30.0,576,1024,0.5625,650
POST00005149,57.666666666666664,30.0,576,1024,0.5625,1730
POST00004085,50.3,30.0,576,1024,0.5625,1509
POST00005278,4.12,19.902912621359224,544,960,0.5666666666666667,82
POST00004446,8.5,30.0,576,1024,0.5625,255
POST00005538,105.13333333333334,30.0,576,1024,0.5625,3154
POST00004851,70.76666666666667,30.0,576,1024,0.5625,2123
POST00004239,5.2,30.0,576,1024,0.5625,156
POST00005287,53.46666666666667,30.0,576,1024,0.5625,1604
POST00004650,8.033333333333333,30.0,576,1024,0.5625,241
POST00005958,15.5,24.387096774193548,576,1024,0.5625,378
POST00005086,12.533333333333333,30.0,576,1024,0.5625,376
POST00004943,73.13333333333334,30.0,576,1024,0.5625,2194
POST00004737,21.55,60.0,576,720,0.8,1293
POST00005142,29.066666666666666,30.0,576,1024,0.5625,872
POST00005754,16.516516516516518,29.97,576,1024,0.5625,495
POST00004641,45.36666666666667,30.0,576,1024,0.5625,1361
POST00005453,14.8,30.0,576,1024,0.5625,444
POST00004956,38.93893893893894,29.97,576,1024,0.5625,1167
POST00005636,28.7,30.0,576,1246,0.4622792937399679,861
POST00004223,506.76666666666665,29.996053410511085,576,1024,0.5625,15201
POST00005899,35.6,30.0,576,1024,0.5625,1068
POST00004789,114.78144811478145,29.97,576,1024,0.5625,3440
POST00005659,20.15348682015349,29.97,576,1024,0.5625,604
POST00005882,47.6,30.0,576,1024,0.5625,1428
POST00004248,36.53333333333333,30.0,576,1024,0.5625,1096
POST00004032,40.43333333333333,30.0,576,1024,0.5625,1213
POST00004880,13.5,30.0,576,1024,0.5625,405
POST00005347,19.066666666666666,30.0,576,1024,0.5625,572
POST00004422,9.9,30.0,576,1024,0.5625,297
POST00004920,43.93333333333333,30.0,576,1024,0.5625,1318
POST00004471,56.8,30.0,576,1024,0.5625,1704
POST00005223,44.266666666666666,29.954819277108435,576,1024,0.5625,1326
POST00004972,10.0,30.0,576,1024,0.5625,300
POST00004753,31.733333333333334,30.0,576,1024,0.5625,952
POST00005124,24.1,30.0,576,1024,0.5625,723
POST00005057,46.13333333333333,30.0,576,1024,0.5625,1384
POST00004723,16.783450116783452,29.97,576,1024,0.5625,503
POST00004314,74.53333333333333,30.0,576,1024,0.5625,2236
POST00005640,14.066666666666666,30.0,576,1024,0.5625,422
POST00004994,51.56666666666667,30.0,576,1024,0.5625,1547
POST00004122,10.25,24.0,576,1024,0.5625,246
POST00004747,86.5,30.0,576,1024,0.5625,2595
POST00005171,14.3,30.0,576,1024,0.5625,429
POST00005960,15.466666666666667,29.935344827586206,576,1024,0.5625,463
POST00005331,59.31666666666666,55.852767631357125,576,576,1.0,3313
POST00004963,38.2,30.0,576,1024,0.5625,1146
POST00004048,6.806806806806807,29.97,576,1024,0.5625,204
POST00004653,59.03333333333334,29.915302089215132,540,960,0.5625,1766
POST00004635,61.766666666666666,30.0,576,1024,0.5625,1853
POST00004570,18.533333333333335,30.0,576,1024,0.5625,556
POST00004341,163.53333333333333,30.0,576,1024,0.5625,4906
POST00004186,14.133333333333333,30.0,576,1024,0.5625,424
POST00004757,25.533333333333335,30.0,576,1024,0.5625,766
POST00005918,15.033333333333333,30.0,576,662,0.8700906344410876,451
POST00005660,17.166666666666668,30.0,576,1024,0.5625,515
POST00004936,9.5,30.0,576,1024,0.5625,285
POST00005676,72.0,30.0,576,1024,0.5625,2160
POST00005012,204.7,29.995114802149487,576,1024,0.5625,6140
POST00004038,81.63333333333334,30.0,576,1024,0.5625,2449
POST00004089,376.46666666666664,30.0,576,1024,0.5625,11294
POST00005227,28.266666666666666,30.0,576,1024,0.5625,848
POST00005206,7.866666666666666,30.0,576,1024,0.5625,236
POST00004319,107.0,30.0,576,1024,0.5625,3210
POST00004974,62.03333333333333,30.0,576,1024,0.5625,1861
POST00005458,240.56666666666666,30.0,576,1024,0.5625,7217
POST00004925,58.0,30.0,586,576,1.0173611111111112,1740
POST00004375,66.4,30.0,576,1024,0.5625,1992
POST00005717,6.533333333333333,30.0,576,1024,0.5625,196
POST00004989,39.166666666666664,30.0,576,1024,0.5625,1175
POST00004110,51.46666666666667,30.0,576,1024,0.5625,1544
POST00004236,12.1,30.0,576,1024,0.5625,363
POST00004991,114.46666666666667,30.0,576,1024,0.5625,3434
POST00004500,8.2,30.0,576,1024,0.5625,246
POST00004694,9.0,30.0,576,1024,0.5625,270
POST00005433,9.166666666666666,30.0,576,1024,0.5625,275
POST00004388,45.333333333333336,29.933823529411764,576,1024,0.5625,1357
POST00005446,144.66666666666666,59.24654377880184,576,1024,0.5625,8571
POST00005545,14.7,30.0,576,1024,0.5625,441
POST00005968,13.233333333333333,30.0,576,1024,0.5625,397
POST00004658,8.833333333333334,30.0,576,1024,0.5625,265
POST00005088,12.066666666666666,30.0,576,1024,0.5625,362
POST00004545,100.1,30.0,576,1024,0.5625,3003
POST00005585,20.066666666666666,30.0,576,1024,0.5625,602
POST00004489,346.76666666666665,30.0,576,1024,0.5625,10403
POST00004560,54.766666666666666,30.0,576,1024,0.5625,1643
POST00004640,364.43333333333334,30.0,576,1024,0.5625,10933
POST00004839,100.26666666666667,30.0,576,1024,0.5625,3008
POST00005707,61.09442776109443,29.97,576,1024,0.5625,1831
POST00004926,22.088450895674548,41.198,576,656,0.8780487804878049,910
POST00005863,15.766666666666667,29.429175475687103,576,1024,0.5625,464
POST00004668,60.0,30.0,576,1024,0.5625,1800
POST00004795,17.0,30.0,576,1024,0.5625,510
POST00004663,12.033333333333333,30.0,576,1024,0.5625,361
POST00005698,6.8,30.0,576,1024,0.5625,204
POST00005313,17.16,25.0,576,1024,0.5625,429
POST00004104,7.7,30.0,576,1024,0.5625,231
POST00005796,29.4,30.0,576,1024,0.5625,882
POST00005225,19.816666666666666,60.0,576,1024,0.5625,1189
POST00005443,8.166666666666666,30.0,576,1024,0.5625,245
POST00004119,14.4,30.0,576,1024,0.5625,432
POST00005749,200.2,30.0,576,1024,0.5625,6006
POST00004740,5.9,30.0,576,1024,0.5625,177
POST00004211,22.6,30.0,576,1024,0.5625,678
POST00004882,48.733333333333334,30.0,576,1024,0.5625,1462
POST00004468,233.0,30.0,576,1024,0.5625,6990
POST00004897,70.1,29.78601997146933,576,720,0.8,2088
POST00005521,8.2,30.0,576,1024,0.5625,246
POST00004869,9.833333333333334,24.0,576,986,0.5841784989858012,236
POST00004843,61.0,30.0,576,1024,0.5625,1830
POST00005120,27.466666666666665,30.0,576,1024,0.5625,824
POST00005559,48.6,30.0,576,1024,0.5625,1458
POST00004278,15.033333333333333,30.0,576,1024,0.5625,451
POST00004966,7.3,30.0,576,1024,0.5625,219
POST00004700,42.46666666666667,30.0,576,1024,0.5625,1274
POST00004064,60.1,30.0,576,1024,0.5625,1803
POST00004456,10.0,30.0,576,1024,0.5625,300
POST00005085,51.518184851518185,29.97,576,1024,0.5625,1544
POST00004130,49.53333333333333,30.0,576,1024,0.5625,1486
POST00004847,83.63333333333334,30.0,576,1024,0.5625,2509
POST00004856,68.73333333333333,30.0,576,1024,0.5625,2062
POST00004669,24.633333333333333,30.0,576,1024,0.5625,739
POST00004916,60.666666666666664,30.0,576,1024,0.5625,1820
POST00004172,187.66666666666666,30.0,576,1024,0.5625,5630
POST00004982,43.833333333333336,30.0,576,1024,0.5625,1315
POST00004071,10.1,30.0,576,1024,0.5625,303
POST00004790,60.93333333333333,30.0,576,1024,0.5625,1828
POST00005818,69.86666666666667,29.928435114503817,576,1024,0.5625,2091
POST00004543,252.6,30.0,1024,576,1.7777777777777777,7578
POST00004008,25.2,25.0,576,1024,0.5625,630
POST00005100,10.733333333333333,30.0,576,1024,0.5625,322
POST00005975,14.8,30.0,576,1024,0.5625,444
POST00004057,22.4,30.0,576,1024,0.5625,672
POST00005794,24.933333333333334,30.0,576,1024,0.5625,748
POST00005196,90.56666666666666,30.0,576,1024,0.5625,2717
POST00004480,53.51184517851185,23.976,576,1024,0.5625,1283
POST00004184,11.9,30.0,576,1024,0.5625,357
POST00004622,17.951284617951284,59.94,720,1280,0.5625,1076
POST00004752,74.64130797464131,29.97,576,1024,0.5625,2237
POST00004404,9.6,30.0,576,1024,0.5625,288
POST00005140,33.56666666666667,30.0,576,1024,0.5625,1007
POST00005672,32.43333333333333,30.0,576,1024,0.5625,973
POST00005004,8.266666666666667,30.0,576,576,1.0,248
POST00004517,30.733333333333334,30.0,576,1024,0.5625,922
POST00005702,103.73333333333333,30.0,576,1024,0.5625,3112
POST00005068,6.7,30.0,576,1024,0.5625,201
POST00005523,98.13333333333334,30.0,576,1024,0.5625,2944
POST00004336,196.80672268907563,29.75,576,1024,0.5625,5855
POST00004554,9.1,30.0,576,1024,0.5625,273
POST00004985,36.266666666666666,30.0,576,1024,0.5625,1088
POST00005409,13.833333333333334,30.0,576,1024,0.5625,415
POST00005751,9.2,30.0,576,1024,0.5625,276
POST00004805,10.966666666666667,30.0,576,1024,0.5625,329
POST00004575,9.066666666666666,30.0,576,1024,0.5625,272
POST00004337,122.76666666666667,30.0,576,1024,0.5625,3683
POST00005019,45.6,30.0,576,1024,0.5625,1368
POST00004738,22.333333333333332,30.0,576,1024,0.5625,670
POST00004959,11.033333333333333,30.0,576,1024,0.5625,331
POST00005041,21.333333333333332,30.0,576,1024,0.5625,640
POST00005625,14.366666666666667,30.0,576,768,0.75,431
POST00004755,11.566666666666666,30.0,576,1024,0.5625,347
POST00004370,33.63333333333333,30.0,576,1024,0.5625,1009
POST00004612,11.458333333333334,24.0,576,1024,0.5625,275
POST00005524,114.8,30.0,576,1024,0.5625,3444
POST00004027,19.6,30.0,576,1024,0.5625,588
POST00005365,15.2,30.0,576,1024,0.5625,456
POST00005710,36.833333333333336,30.0,576,1024,0.5625,1105
POST00004221,13.533333333333333,30.0,576,654,0.8807339449541285,406
POST00005753,34.7,30.0,576,1024,0.5625,1041
POST00005867,83.23333333333333,30.0,576,1024,0.5625,2497
POST00005361,52.166666666666664,30.0,576,1024,0.5625,1565
POST00004905,6.0,30.0,576,1060,0.5433962264150943,180
POST00004524,29.3,30.0,576,1024,0.5625,879
POST00004237,61.233333333333334,30.0,576,1024,0.5625,1837
POST00005593,19.566666666666666,30.0,576,1024,0.5625,587
POST00004448,15.2,30.0,576,1024,0.5625,456
POST00004366,250.56666666666666,30.0,576,1024,0.5625,7517
POST00005964,16.7,30.0,576,1024,0.5625,501
POST00004162,33.86666666666667,30.0,576,1024,0.5625,1016
POST00005512,98.53333333333333,29.989851150202977,576,1024,0.5625,2955
POST00005448,12.566666666666666,30.0,576,1024,0.5625,377
POST00004767,6.8401735068401734,29.97,576,1024,0.5625,205
POST00005350,96.26666666666667,30.0,576,1024,0.5625,2888
POST00005793,37.4,29.62566844919786,576,1024,0.5625,1108
POST00005076,7.2,30.0,576,1024,0.5625,216
POST00005586,16.033333333333335,30.0,576,576,1.0,481
POST00005371,10.6,30.0,576,1024,0.5625,318
POST00005869,150.26666666666668,30.0,576,1024,0.5625,4508
POST00004913,26.166666666666668,30.0,464,848,0.5471698113207547,785
POST00005657,60.333333333333336,30.0,576,1024,0.5625,1810
POST00004338,21.833333333333332,30.0,576,576,1.0,655
POST00005296,40.733333333333334,30.0,576,1024,0.5625,1222
POST00004311,51.06666666666667,30.0,576,1024,0.5625,1532
POST00004334,50.9,30.0,576,1024,0.5625,1527
POST00005843,60.56056056056056,23.976,576,1022,0.5636007827788649,1452
POST00005251,74.93333333333334,30.0,576,1024,0.5625,2248
POST00005288,51.43333333333333,29.96111471160078,576,1024,0.5625,1541
POST00004124,13.266666666666667,30.0,576,1130,0.5097345132743363,398
POST00004950,26.566666666666666,30.0,576,1024,0.5625,797
POST00005106,22.166666666666668,30.0,576,1024,0.5625,665
POST00004374,89.76666666666667,29.54326030449313,576,1024,0.5625,2652
POST00005393,60.86666666666667,29.86856516976999,576,1024,0.5625,1818
POST00004948,21.066666666666666,30.0,576,1024,0.5625,632
POST00005118,44.43333333333333,30.0,576,1024,0.5625,1333
POST00005728,29.988321654988322,23.976,576,1024,0.5625,719
POST00004062,9.633333333333333,30.0,576,720,0.8,289
POST00005333,169.8,30.0,576,1024,0.5625,5094
POST00004503,46.6,30.0,576,1024,0.5625,1398
POST00004820,16.6,30.0,576,1024,0.5625,498
POST00005562,101.33333333333333,29.99013157894737,576,1024,0.5625,3039
POST00004435,28.233333333333334,30.0,576,864,0.6666666666666666,847
POST00004730,70.6,30.0,576,1024,0.5625,2118
POST00005740,17.76666666666667,59.9437148217636,576,1024,0.5625,1065
POST00004297,17.5,30.0,576,1024,0.5625,525
POST00004515,24.5,30.0,576,1024,0.5625,735
POST00004531,6.166666666666667,30.0,576,1024,0.5625,185
POST00004577,5.833333333333333,30.0,576,1024,0.5625,175
POST00005671,52.53333333333333,30.0,576,1024,0.5625,1576
POST00004578,28.566666666666666,30.0,576,1024,0.5625,857
POST00004734,15.233333333333333,30.0,576,768,0.75,457
POST00005263,41.1,30.0,576,1024,0.5625,1233
POST00005139,65.6,30.0,576,1024,0.5625,1968
POST00005382,11.633333333333333,30.0,576,1022,0.5636007827788649,349
POST00004697,13.446780113446781,29.97,576,1024,0.5625,403
POST00005814,18.233333333333334,30.0,576,1024,0.5625,547
POST00004194,59.66666666666667,29.865921787709496,576,1024,0.5625,1782
POST00005495,60.86666666666667,29.03066812705367,576,1024,0.5625,1767
POST00005486,8.466666666666667,30.0,576,1024,0.5625,254
POST00005160,26.133333333333333,30.0,576,1024,0.5625,784
POST00005181,5.8,30.0,576,1024,0.5625,174
POST00004867,13.6,30.0,576,1024,0.5625,408
POST00004276,67.8,30.0,576,1024,0.5625,2034
POST00004639,46.9,30.0,576,1024,0.5625,1407
POST00005482,14.2,30.0,576,1024,0.5625,426
POST00004167,13.733333333333333,30.0,576,1024,0.5625,412
POST00004829,15.4,30.0,576,1024,0.5625,462
POST00004006,15.066666666666666,30.0,576,1024,0.5625,452
POST00005525,58.96666666666667,30.0,576,1024,0.5625,1769
POST00005153,13.966666666666667,30.0,576,1024,0.5625,419
POST00005257,180.83333333333334,30.0,626,360,1.738888888888889,5425
POST00005627,14.5,30.0,576,1024,0.5625,435
POST00005655,23.033333333333335,30.0,576,1024,0.5625,691
POST00004771,13.066666666666666,30.0,576,1024,0.5625,392
POST00004362,72.0,30.0,576,1024,0.5625,2160
POST00004842,76.53333333333333,29.96080139372822,576,1024,0.5625,2293
POST00004265,5.633333333333334,30.0,576,1024,0.5625,169
POST00004776,18.033333333333335,30.0,576,1024,0.5625,541
POST00004417,30.0,30.0,576,1024,0.5625,900
POST00004301,103.66666666666667,24.0,576,1026,0.5614035087719298,2488
POST00005368,30.166666666666668,30.0,576,1024,0.5625,905
POST00005013,81.4,30.0,576,1024,0.5625,2442
POST00005575,82.3,30.0,720,1280,0.5625,2469
POST00004761,75.73333333333333,30.0,576,1024,0.5625,2272
POST00005678,17.350684017350684,29.97,720,1280,0.5625,520
POST00005017,61.36666666666667,30.0,576,1024,0.5625,1841
POST00004230,7.266666666666667,30.0,576,1024,0.5625,218
POST00004680,64.0,30.0,576,1024,0.5625,1920
POST00005098,62.7,30.0,576,1024,0.5625,1881
POST00004932,11.4,30.0,576,1024,0.5625,342
POST00005132,111.7,29.973142345568487,576,1024,0.5625,3348
POST00004940,360.43333333333334,30.0,576,1024,0.5625,10813
POST00004296,15.066666666666666,30.0,576,1024,0.5625,452
POST00005556,33.733333333333334,30.0,576,1024,0.5625,1012
POST00005501,17.1,26.842105263157894,576,1024,0.5625,459
POST00005544,60.9,30.0,576,1024,0.5625,1827
POST00005903,20.0,30.0,576,1024,0.5625,600
POST00005965,68.5,30.0,480,848,0.5660377358490566,2055
POST00005303,36.3,30.0,576,1024,0.5625,1089
POST00005255,13.866666666666667,30.0,576,1024,0.5625,416
POST00005714,66.16666666666667,30.0,576,1024,0.5625,1985
POST00005018,36.7,30.0,576,1024,0.5625,1101
POST00004548,61.43333333333333,30.0,576,1024,0.5625,1843
POST00005747,51.733333333333334,30.0,576,1024,0.5625,1552
POST00004910,25.283333333333335,60.0,576,1024,0.5625,1517
POST00004387,9.533333333333333,30.0,576,980,0.5877551020408164,286
POST00004872,43.93333333333333,30.0,576,1024,0.5625,1318
POST00004166,8.966666666666667,30.0,576,1024,0.5625,269
POST00004044,17.96,25.0,576,1024,0.5625,449
POST00004232,54.96666666666667,30.0,576,1024,0.5625,1649
POST00004372,24.516666666666666,30.061182868796738,576,1024,0.5625,737
POST00005334,37.96666666666667,30.0,576,1024,0.5625,1139
POST00005375,247.5,30.0,576,1024,0.5625,7425
POST00005588,13.533333333333333,30.0,576,1024,0.5625,406
POST00005211,15.633333333333333,30.0,576,1024,0.5625,469
POST00004947,62.6,30.0,576,1024,0.5625,1878
POST00005956,62.0,30.0,576,1024,0.5625,1860
POST00004378,90.06666666666666,30.0,576,1024,0.5625,2702
POST00004864,58.1,30.0,576,1024,0.5625,1743
POST00004419,30.066666666666666,30.0,576,1024,0.5625,902
POST00004324,76.73333333333333,30.0,576,1024,0.5625,2302
POST00004508,7.433333333333334,30.0,576,1024,0.5625,223
POST00004188,144.33333333333334,29.97921478060046,576,1024,0.5625,4327
POST00005823,25.7,30.0,576,1024,0.5625,771
POST00005059,9.5,30.0,576,1024,0.5625,285
POST00005790,23.0,30.0,576,1024,0.5625,690
POST00004890,29.02902902902903,23.976,576,1024,0.5625,696
POST00005104,27.5,30.0,576,1024,0.5625,825
POST00005506,194.0,29.99484536082474,576,1024,0.5625,5819
POST00004269,21.733333333333334,30.0,576,1024,0.5625,652
POST00004704,20.833333333333332,30.0,576,1024,0.5625,625
POST00005689,49.924528301886795,26.5,576,1024,0.5625,1323
POST00004782,56.733333333333334,30.0,576,1024,0.5625,1702
POST00004445,23.366666666666667,30.0,576,1024,0.5625,701
POST00004164,23.266666666666666,30.0,576,1024,0.5625,698
POST00005680,19.266666666666666,30.0,576,1024,0.5625,578
POST00005797,15.033333333333333,30.0,576,1024,0.5625,451
POST00004353,50.383717050383716,29.97,1024,576,1.7777777777777777,1510
POST00005452,12.766666666666667,30.0,576,1024,0.5625,383
POST00005472,60.06666666666667,30.0,576,1024,0.5625,1802
POST00005764,78.26666666666667,29.885008517887563,576,1024,0.5625,2339
POST00005971,20.633333333333333,29.806138933764135,576,1024,0.5625,615
POST00004672,87.20833333333333,24.0,576,1024,0.5625,2093
POST00005075,24.7,30.0,576,1024,0.5625,741
POST00005604,35.4,29.293785310734464,576,1024,0.5625,1037
POST00005315,61.36136136136136,29.904812398042413,576,1024,0.5625,1835
POST00004346,9.766666666666667,30.0,576,1024,0.5625,293
POST00004477,29.866666666666667,30.0,576,1024,0.5625,896
POST00004383,5.133333333333334,30.0,576,1024,0.5625,154
POST00004583,25.9,30.0,576,1024,0.5625,777
POST00004750,23.266666666666666,30.0,576,1024,0.5625,698
POST00004914,19.0,30.0,576,1024,0.5625,570
POST00004272,13.966666666666667,30.0,576,1024,0.5625,419
POST00005745,56.56666666666667,30.0,576,1024,0.5625,1697
POST00004973,71.6,30.0,576,1024,0.5625,2148
POST00005978,80.83333333333333,30.0,720,1280,0.5625,2425
POST00005462,7.833333333333333,30.0,576,1024,0.5625,235
POST00005549,7.466666666666667,30.0,576,1024,0.5625,224
POST00004107,19.599999999999998,28.775510204081634,576,1024,0.5625,564
POST00004540,15.233333333333333,30.0,576,1024,0.5625,457
POST00004365,6.5,30.0,576,1048,0.549618320610687,195
POST00004633,42.37570904237571,29.97,576,1024,0.5625,1270
POST00005329,16.8,30.0,576,1024,0.5625,504
POST00004571,57.85785785785786,29.97,576,1024,0.5625,1734
POST00004208,46.27961294627961,29.97,576,1024,0.5625,1387
POST00005746,212.86666666666667,30.0,576,1024,0.5625,6386
POST00005973,5.0,30.0,576,1024,0.5625,150
POST00005666,7.033333333333333,30.0,576,1024,0.5625,211
POST00004161,34.075742409075744,23.976,576,1024,0.5625,817
POST00004675,10.566666666666666,30.0,576,1024,0.5625,317
POST00005582,19.7,30.0,576,1024,0.5625,591
POST00005317,131.56666666666666,30.0,576,1024,0.5625,3947
POST00005816,88.03333333333333,30.0,576,1024,0.5625,2641
POST00004553,57.7243910577244,29.97,576,1024,0.5625,1730
POST00005326,21.433333333333334,30.0,576,1024,0.5625,643
POST00005380,59.5,30.0,576,1024,0.5625,1785
POST00005579,48.266666666666666,30.0,576,1024,0.5625,1448
POST00005565,42.3,30.0,576,1024,0.5625,1269
POST00005204,35.733333333333334,30.0,576,1022,0.5636007827788649,1072
POST00005148,70.9,30.0,576,1024,0.5625,2127
POST00005008,29.9,30.0,576,1246,0.4622792937399679,897
POST00004710,64.56666666666666,30.0,576,1024,0.5625,1937
POST00005806,7.766666666666667,30.0,1024,576,1.7777777777777777,233
POST00004005,27.633333333333333,30.0,576,1024,0.5625,829
POST00004912,96.9,30.0,576,1024,0.5625,2907
POST00005335,24.2,25.0,576,1024,0.5625,605
POST00005606,12.666666666666668,29.842105263157894,576,1024,0.5625,378
POST00004274,18.466666666666665,30.0,576,1024,0.5625,554
POST00005224,22.266666666666666,30.0,576,1024,0.5625,668
POST00004797,20.666666666666668,30.0,576,1024,0.5625,620
POST00004502,15.0,30.0,576,1024,0.5625,450
POST00004673,59.13333333333333,29.96617812852311,576,1024,0.5625,1772
POST00005155,30.6,30.0,576,1024,0.5625,918
POST00004567,10.166666666666666,27.737704918032787,576,1024,0.5625,282
POST00005889,143.54354354354356,29.942133891213388,576,1024,0.5625,4298
POST00004285,43.516666666666666,25.070854078896975,576,1024,0.5625,1091
POST00004818,69.64,25.0,576,1024,0.5625,1741
POST00004069,5.133333333333334,30.0,576,1024,0.5625,154
POST00005298,97.03333333333333,30.0,576,1024,0.5625,2911
POST00004225,79.3,30.0,576,1024,0.5625,2379
POST00005578,40.333333333333336,30.0,576,768,0.75,1210
POST00005859,80.5,30.0,576,1024,0.5625,2415
POST00005376,19.1,30.0,576,1024,0.5625,573
POST00004892,168.73333333333332,30.0,576,1024,0.5625,5062
POST00004045,121.63333333333334,30.0,576,1024,0.5625,3649
POST00005762,14.206896551724139,29.0,576,720,0.8,412
POST00005479,48.06666666666667,30.0,576,1024,0.5625,1442
POST00004147,34.5,30.0,576,1024,0.5625,1035
POST00004475,14.233333333333333,30.0,576,1024,0.5625,427
POST00004075,11.333333333333334,30.0,576,1024,0.5625,340
POST00004688,27.333333333333332,30.0,576,1024,0.5625,820
POST00005440,7.866666666666666,30.0,576,1024,0.5625,236
POST00004070,16.133333333333333,30.0,576,1024,0.5625,484
POST00005373,43.13333333333333,30.0,576,1024,0.5625,1294
POST00005533,46.766666666666666,30.0,576,1024,0.5625,1403
POST00004112,77.23333333333333,29.98705222270177,576,1024,0.5625,2316
POST00004332,30.166666666666668,30.0,576,1024,0.5625,905
POST00004657,47.49773740488721,29.833,576,1024,0.5625,1417
POST00005311,60.36666666666667,30.0,576,1024,0.5625,1811
POST00004758,20.1,30.0,576,1024,0.5625,603
POST00004212,5.133333333333334,30.0,576,1024,0.5625,154
POST00005945,14.266666666666667,30.0,576,1024,0.5625,428
POST00004154,56.03333333333333,29.982153480071386,576,576,1.0,1680
POST00004293,10.866666666666667,30.0,576,1024,0.5625,326
POST00005684,27.666666666666668,30.0,576,1024,0.5625,830
POST00004921,332.2666666666667,29.933788121990368,576,1024,0.5625,9946
POST00004436,12.633333333333333,30.0,576,1024,0.5625,379
POST00005795,7.1,30.0,576,1024,0.5625,213
POST00004174,8.966666666666667,29.66542750929368,576,1024,0.5625,266
POST00004970,60.63333333333333,30.0,576,1024,0.5625,1819
POST00004610,8.566666666666666,30.0,576,1024,0.5625,257
POST00005250,255.23333333333332,30.0,576,1024,0.5625,7657
POST00004919,258.93333333333334,30.0,576,1024,0.5625,7768
POST00005526,18.633333333333333,30.0,576,1024,0.5625,559
POST00005058,104.13333333333334,30.0,576,1024,0.5625,3124
POST00005947,10.0,29.9,576,1024,0.5625,299
POST00004007,22.8,30.0,576,1024,0.5625,684
POST00005961,55.36,25.0,576,1024,0.5625,1384
POST00004246,5.666666666666667,30.0,576,1024,0.5625,170
POST00004954,6.966666666666667,30.0,576,1024,0.5625,209
POST00004792,34.733333333333334,30.0,576,1024,0.5625,1042
POST00005184,15.3,30.0,576,1024,0.5625,459
POST00004491,61.1,30.0,576,1024,0.5625,1833
POST00004714,19.866666666666667,30.0,576,1024,0.5625,596
POST00004594,178.86666666666667,30.0,576,1024,0.5625,5366
POST00004860,13.066666666666666,30.0,576,1024,0.5625,392
POST00004392,8.766666666666667,30.0,576,1024,0.5625,263
POST00005306,38.30497163830497,29.97,576,1024,0.5625,1148
POST00004741,29.666666666666668,30.0,576,1024,0.5625,890
POST00004099,12.7,30.0,576,1024,0.5625,381
POST00004440,130.36666666666667,30.0,576,1024,0.5625,3911
POST00004086,76.7,30.0,576,1024,0.5625,2301
POST00004763,56.43333333333333,30.0,576,1024,0.5625,1693
POST00005071,15.033333333333333,30.0,576,1024,0.5625,451
POST00004111,47.3,30.0,576,1024,0.5625,1419
POST00005212,283.06666666666666,30.0,576,1024,0.5625,8492
POST00004756,93.3,30.0,576,1024,0.5625,2799
POST00006000,77.9,30.0,576,1024,0.5625,2337
POST00005887,67.1,29.970193740685545,576,1024,0.5625,2011
POST00004887,10.833333333333334,26.03076923076923,576,1024,0.5625,282
POST00005173,45.46666666666667,29.912023460410555,576,1024,0.5625,1360
POST00005798,47.333333333333336,24.0,576,1024,0.5625,1136
POST00005066,153.16666666666666,30.0,576,1024,0.5625,4595
POST00004980,11.970303636970304,23.976,576,1024,0.5625,287
POST00004768,26.666666666666668,30.0,576,1024,0.5625,800
POST00005841,13.233333333333333,30.0,576,1016,0.5669291338582677,397
POST00004495,17.166666666666668,30.0,576,1024,0.5625,515
POST00005043,13.433333333333334,30.0,576,1024,0.5625,403
POST00005993,59.5,30.0,576,1024,0.5625,1785
POST00004525,15.066666666666666,30.0,576,1024,0.5625,452
POST00004801,14.633333333333335,29.521640091116172,576,1024,0.5625,432
POST00005850,60.266666666666666,30.0,576,1024,0.5625,1808
POST00005161,95.56666666666666,30.0,576,1024,0.5625,2867
POST00004716,16.1,30.0,576,852,0.676056338028169,483
POST00005713,36.13333333333333,29.80627306273063,576,1024,0.5625,1077
POST00004141,11.0,30.0,576,1024,0.5625,330
POST00005131,58.708333333333336,24.0,576,1024,0.5625,1409
POST00004726,15.366666666666667,30.0,576,1024,0.5625,461
POST00004142,6.0,30.0,576,1024,0.5625,180
POST00005449,53.56666666666667,30.0,576,1024,0.5625,1607
POST00004405,9.466666666666667,30.0,576,642,0.897196261682243,284
POST00005510,15.0,30.0,576,1024,0.5625,450
POST00004586,59.142475809142475,23.976,360,638,0.5642633228840125,1418
POST00005916,58.06666666666667,30.0,576,1024,0.5625,1742
POST00005641,20.708333333333332,24.0,576,768,0.75,497
POST00004177,19.133333333333333,30.0,576,1024,0.5625,574
POST00004901,9.1,30.0,576,1060,0.5433962264150943,273
POST00004945,16.033333333333335,30.0,576,1024,0.5625,481
POST00004321,9.4,30.0,576,1024,0.5625,282
POST00004376,190.46666666666667,60.0,720,576,1.25,11428
POST00005629,10.7,30.0,576,1024,0.5625,321
POST00005830,15.066666666666666,30.0,576,1024,0.5625,452
POST00005646,60.0,30.0,576,1024,0.5625,1800
POST00005972,20.833333333333332,23.952,576,1024,0.5625,499
POST00004304,44.03333333333333,30.0,576,1024,0.5625,1321
POST00004257,8.066666666666666,30.0,576,1024,0.5625,242
POST00004344,12.066666666666666,30.0,576,1024,0.5625,362
POST00005839,177.0,30.0,576,1024,0.5625,5310
POST00005766,76.23333333333333,30.0,576,1024,0.5625,2287
POST00005718,38.03803803803804,29.97,576,1024,0.5625,1140
POST00004999,64.23333333333333,30.0,576,1024,0.5625,1927
POST00004828,7.9,30.0,576,1024,0.5625,237
POST00005150,8.333333333333334,27.84,576,1024,0.5625,232
POST00005917,27.894561227894563,29.97,576,1024,0.5625,836
POST00004120,36.56666666666667,29.9179580674567,576,1024,0.5625,1094
POST00005221,14.433333333333334,26.74364896073903,576,768,0.75,386
POST00004512,10.8,30.0,576,1024,0.5625,324
POST00005931,282.3333333333333,30.0,576,1024,0.5625,8470
POST00004015,13.7,30.0,576,1024,0.5625,411
POST00004137,12.633333333333333,30.0,720,1280,0.5625,379
POST00005792,15.366666666666667,30.0,576,1024,0.5625,461
POST00004078,15.0,30.0,576,1024,0.5625,450
POST00005497,35.3,30.0,576,1024,0.5625,1059
POST00004042,73.6,30.0,576,1024,0.5625,2208
POST00004219,20.033333333333335,30.0,576,794,0.72544080604534,601
POST00005695,30.466666666666665,30.0,576,1024,0.5625,914
POST00004401,19.566666666666666,24.12265758091993,576,1024,0.5625,472
POST00005757,214.3728813559322,59.0,1024,576,1.7777777777777777,12648
POST00004421,11.21121121121121,29.97,576,1024,0.5625,336
POST00004717,38.86666666666667,30.0,576,998,0.5771543086172345,1166
POST00005734,21.066666666666666,30.0,576,1024,0.5625,632
POST00004838,11.311311311311313,29.97,576,1024,0.5625,339
POST00005845,36.80347013680347,29.97,576,1024,0.5625,1103
POST00005954,68.76666666666667,30.0,576,1024,0.5625,2063
POST00005055,8.86302969636303,47.952,576,1024,0.5625,425
POST00004813,9.1,30.0,576,1024,0.5625,273
POST00005683,60.53333333333333,30.0,576,1024,0.5625,1816
POST00005052,11.966666666666667,30.0,576,1024,0.5625,359
POST00004679,6.266666666666667,30.0,576,1024,0.5625,188
POST00004732,60.93333333333333,30.0,576,1024,0.5625,1828
POST00005564,26.466666666666665,30.0,576,1024,0.5625,794
POST00004703,135.73333333333332,30.0,576,1246,0.4622792937399679,4072
POST00004526,59.166666666666664,30.0,576,1024,0.5625,1775
POST00005286,18.866666666666667,30.0,576,1024,0.5625,566
POST00005415,300.3666666666667,29.770280767950283,576,1024,0.5625,8942
POST00004453,89.86666666666666,30.0,576,1024,0.5625,2696
POST00005508,39.03333333333333,30.0,576,1024,0.5625,1171
POST00005466,14.333333333333334,30.0,576,1024,0.5625,430
POST00004393,29.5,30.0,576,1024,0.5625,885
POST00005522,27.8,30.0,576,1024,0.5625,834
POST00004995,360.1333333333333,30.0,576,1024,0.5625,10804
POST00005162,20.366666666666667,30.0,576,1024,0.5625,611
POST00004539,11.333333333333334,30.0,576,1024,0.5625,340
POST00004373,9.442776109442777,29.97,576,1024,0.5625,283
POST00005991,28.933333333333334,27.476958525345623,576,1024,0.5625,795
POST00005837,161.8,30.0,576,1024,0.5625,4854
POST00005912,58.541875208541875,59.94,576,1024,0.5625,3509
POST00004356,26.333333333333332,30.0,576,1024,0.5625,790
POST00005639,27.4,30.0,576,1024,0.5625,822
POST00005621,9.7,30.0,576,1024,0.5625,291
POST00005114,35.99959207261107,29.30588762983947,576,1024,0.5625,1055
POST00005090,45.6,30.0,576,1024,0.5625,1368
POST00003945,36.166666666666664,30.0,576,1024,0.5625,1085
POST00004516,81.2,30.0,576,1024,0.5625,2436
POST00004665,128.93333333333334,30.0,576,1024,0.5625,3868
POST00004462,12.733333333333333,30.0,576,1024,0.5625,382
POST00004113,23.566666666666666,29.957567185289957,576,1024,0.5625,706
POST00004971,50.666666666666664,30.0,576,1024,0.5625,1520
POST00005998,11.4,30.0,576,1024,0.5625,342
POST00005289,15.0,30.0,576,1024,0.5625,450
POST00005996,9.7,30.0,576,1024,0.5625,291
POST00005589,30.1,30.0,576,1024,0.5625,903
POST00005511,14.666666666666666,30.0,576,1024,0.5625,440
POST00005635,59.8,30.0,576,1024,0.5625,1794
POST00005853,7.7,30.0,576,1024,0.5625,231
POST00004615,23.933333333333334,30.0,576,1024,0.5625,718
POST00004848,39.56666666666667,30.0,576,1024,0.5625,1187
POST00005932,61.733333333333334,30.0,576,1024,0.5625,1852
POST00004603,69.56666666666666,30.0,576,1024,0.5625,2087
POST00005782,80.98098098098099,29.97,576,1024,0.5625,2427
POST00005716,54.13333333333333,30.0,576,1024,0.5625,1624
POST00004357,238.5,30.0,576,1024,0.5625,7155
POST00005002,8.6,30.0,576,1024,0.5625,258
POST00004951,31.866666666666667,30.0,576,1024,0.5625,956
POST00004779,45.3,30.0,576,1024,0.5625,1359
POST00005758,14.1,30.0,576,1024,0.5625,423
POST00005207,11.166666666666666,30.0,576,1024,0.5625,335
POST00004975,58.233333333333334,30.0,576,1024,0.5625,1747
POST00005759,21.150218726170888,24.917,576,1024,0.5625,527
POST00005091,13.1,30.0,576,1024,0.5625,393
POST00004210,20.333333333333332,30.0,576,1024,0.5625,610
POST00005883,90.05672339005673,29.97,576,1024,0.5625,2699
POST00004363,14.466666666666667,30.0,576,1024,0.5625,434
POST00005535,11.833333333333334,30.0,576,1024,0.5625,355
POST00004054,31.33133133133133,29.97,576,1024,0.5625,939
POST00004148,7.4,30.0,576,1024,0.5625,222
POST00005815,32.666666666666664,30.0,576,1024,0.5625,980
POST00004986,30.433333333333334,30.0,576,1022,0.5636007827788649,913
POST00004316,72.26666666666667,30.0,576,1024,0.5625,2168
POST00005977,175.06666666666666,30.0,576,1024,0.5625,5252
POST00004854,12.633333333333333,30.0,576,1024,0.5625,379
POST00005808,10.133333333333333,30.0,576,960,0.6,304
POST00004952,13.7,30.0,576,1024,0.5625,411
POST00005949,16.1,30.0,576,1024,0.5625,483
POST00005583,57.96666666666667,30.0,576,1024,0.5625,1739
POST00004381,18.7,30.0,576,1024,0.5625,561
POST00005829,23.5,30.0,576,1024,0.5625,705
POST00005658,9.6,30.0,576,1024,0.5625,288
POST00005254,18.066666666666666,30.0,576,1024,0.5625,542
POST00004520,46.166666666666664,29.978339350180505,576,1024,0.5625,1384
POST00005093,35.56666666666667,30.0,576,1024,0.5625,1067
POST00005359,59.96666666666667,30.0,576,1024,0.5625,1799
POST00005791,58.1,30.0,576,1024,0.5625,1743
POST00005387,12.2,30.0,576,1024,0.5625,366
POST00004634,60.53333333333333,30.0,576,1024,0.5625,1816
POST00004898,50.56666666666666,29.94067237969677,576,1024,0.5625,1514
POST00004997,15.366666666666667,30.0,576,1024,0.5625,461
POST00005653,61.333333333333336,30.0,576,1024,0.5625,1840
POST00005879,14.566666666666666,30.0,576,1024,0.5625,437
POST00004034,78.43333333333334,30.0,576,1024,0.5625,2353
POST00005517,6.033333333333333,30.0,576,1024,0.5625,181
POST00004931,7.066666666666666,30.0,576,1024,0.5625,212
POST00004733,63.63333333333333,30.0,576,1024,0.5625,1909
POST00005983,35.03333333333333,30.0,576,1024,0.5625,1051
POST00005567,62.766666666666666,30.0,576,1024,0.5625,1883
POST00004179,88.63333333333334,30.0,576,1024,0.5625,2659
POST00004804,8.033333333333333,30.0,576,1024,0.5625,241
POST00005779,30.4,30.0,576,1024,0.5625,912
POST00005922,14.066666666666666,30.0,576,1024,0.5625,422
POST00005788,60.46666666666667,30.0,576,1024,0.5625,1814
POST00004613,60.53333333333333,30.0,576,1024,0.5625,1816
POST00004530,156.13333333333333,29.859094790777114,576,1024,0.5625,4662
POST00005285,7.133333333333334,30.0,576,812,0.7093596059113301,214
POST00005046,27.166666666666668,30.0,576,1024,0.5625,815
POST00005477,18.733333333333334,30.0,576,1024,0.5625,562
POST00005463,9.166666666666666,30.0,576,1024,0.5625,275
POST00004646,15.0,30.0,576,1024,0.5625,450
POST00005053,100.13333333333334,30.0,576,1024,0.5625,3004
POST00004343,27.0,30.0,576,1024,0.5625,810
POST00004493,22.64764764764765,23.976,576,1024,0.5625,543
POST00005685,13.966666666666667,30.0,576,1024,0.5625,419
POST00005528,8.9,30.0,576,1024,0.5625,267
POST00005686,120.3,30.0,576,1024,0.5625,3609
POST00005592,25.8,30.0,576,1024,0.5625,774
POST00004817,12.8,25.0,576,1024,0.5625,320
POST00004846,19.0,30.0,576,1024,0.5625,570
POST00004506,39.06666666666667,30.0,720,1280,0.5625,1172
POST00004698,89.96666666666667,30.0,576,1024,0.5625,2699
POST00004011,17.066666666666666,30.0,576,1024,0.5625,512
POST00005426,103.26666666666667,30.0,576,1024,0.5625,3098
POST00005577,12.633333333333333,30.0,576,1024,0.5625,379
POST00004444,17.4,30.0,576,1024,0.5625,522
POST00005846,79.06666666666666,30.0,576,1024,0.5625,2372
POST00005060,30.966666666666665,30.0,576,720,0.8,929
POST00004017,75.40874207540874,29.97,576,1024,0.5625,2260
POST00005884,75.56666666666666,30.0,576,1024,0.5625,2267
POST00005049,7.733333333333333,30.0,576,1024,0.5625,232
POST00004481,5.133333333333334,30.0,576,1024,0.5625,154
POST00005834,13.1,30.0,576,1024,0.5625,393
POST00004077,23.466666666666665,30.0,576,1024,0.5625,704
POST00004563,52.766666666666666,30.0,480,854,0.5620608899297423,1583
POST00005982,12.766666666666667,30.0,576,1024,0.5625,383
POST00005531,229.86666666666667,29.98259860788863,576,1024,0.5625,6892
POST00005386,67.36666666666666,30.0,576,1024,0.5625,2021
POST00005896,79.73333333333333,30.0,576,1024,0.5625,2392
POST00005324,15.066666666666666,30.0,576,1024,0.5625,452
POST00005035,45.87921254587921,23.976,576,576,1.0,1100
POST00004264,12.0,30.0,576,1024,0.5625,360
POST00004969,12.145478812145479,29.97,576,1024,0.5625,364
POST00004532,15.033333333333333,30.0,576,1024,0.5625,451
POST00005128,47.666666666666664,30.0,576,1024,0.5625,1430
POST00004047,12.333333333333334,30.0,576,1024,0.5625,370
POST00004358,60.56666666666667,30.0,576,1024,0.5625,1817
POST00005293,9.5,30.0,576,1024,0.5625,285
POST00005800,141.07440774107442,29.97,576,1024,0.5625,4228
POST00005504,26.280703553663912,39.002,576,768,0.75,1025
POST00004061,9.242575909242577,29.97,576,1024,0.5625,277
POST00005502,15.9,30.0,576,1024,0.5625,477
POST00004349,10.433333333333334,30.0,576,1024,0.5625,313
POST00004514,29.066666666666666,42.419724770642205,576,1024,0.5625,1233
POST00004773,183.23333333333332,30.0,576,1024,0.5625,5497
POST00005374,8.0,30.0,576,1024,0.5625,240
POST00005447,201.13333333333333,30.0,576,1024,0.5625,6034
POST00005325,70.66666666666667,30.0,576,1024,0.5625,2120
POST00005952,59.1,29.932318104906937,576,1024,0.5625,1769
POST00005164,21.688355021688356,29.97,576,1024,0.5625,650
POST00005112,110.73333333333333,30.0,576,1024,0.5625,3322
POST00004707,256.43333333333334,30.0,576,1024,0.5625,7693
POST00005781,25.9,30.0,576,1024,0.5625,777
POST00005552,246.7,30.0,576,1024,0.5625,7401
POST00005117,73.1,30.0,576,1026,0.5614035087719298,2193
POST00005045,87.5,30.0,720,1280,0.5625,2625
POST00004656,12.2,30.0,576,1024,0.5625,366
POST00005557,63.5,30.0,576,1024,0.5625,1905
POST00004200,117.1,30.0,576,1024,0.5625,3513
POST00005820,98.43333333333334,29.969522519471724,576,1024,0.5625,2950
POST00005407,66.1,30.0,576,1024,0.5625,1983
POST00005283,26.4,30.0,576,1024,0.5625,792
POST00005281,13.066666666666666,30.0,576,1024,0.5625,392
POST00004685,15.9,30.0,576,1024,0.5625,477
POST00004309,6.066666666666666,30.0,576,1024,0.5625,182
POST00004513,231.46666666666667,30.0,576,1024,0.5625,6944
POST00004415,6.866666666666666,30.0,576,1024,0.5625,206
POST00004676,38.86666666666667,30.0,576,1024,0.5625,1166
POST00005081,35.66066066066066,23.976,576,1024,0.5625,855
POST00004004,31.466666666666665,30.0,576,1024,0.5625,944
POST00005530,20.266666666666666,30.0,576,1024,0.5625,608
POST00005988,90.2,30.0,576,1024,0.5625,2706
POST00004964,58.166666666666664,30.0,576,1024,0.5625,1745
POST00005467,9.833333333333334,30.0,576,1024,0.5625,295
POST00005907,17.033333333333335,30.0,576,1024,0.5625,511
POST00004131,54.88,25.0,576,1024,0.5625,1372
POST00005032,44.36666666666667,30.0,576,1024,0.5625,1331
POST00005561,20.266666666666666,30.0,576,1024,0.5625,608
POST00004628,322.76666666666665,30.0,576,1024,0.5625,9683
POST00004473,17.5,30.0,576,1024,0.5625,525
POST00004173,86.63333333333334,30.0,576,1024,0.5625,2599
POST00005825,151.56666666666666,30.0,576,1024,0.5625,4547
POST00005249,13.233333333333333,30.0,576,1024,0.5625,397
POST00004478,51.36666666666667,30.0,576,1024,0.5625,1541
POST00005421,11.1,30.0,576,1024,0.5625,333
POST00005908,201.3,30.0,576,1024,0.5625,6039
POST00005804,146.96666666666667,30.0,576,1024,0.5625,4409
POST00005429,23.666666666666668,30.0,576,1024,0.5625,710
POST00005601,86.36666666666666,30.0,576,1024,0.5625,2591
POST00005276,19.633333333333333,30.0,576,1024,0.5625,589
POST00005177,17.5,30.0,576,1024,0.5625,525
POST00004908,7.033333333333333,30.0,576,1024,0.5625,211
POST00005979,7.7,30.0,576,1024,0.5625,231
POST00004778,257.3,29.984453944811506,576,1024,0.5625,7715
POST00004247,7.0,30.0,576,1024,0.5625,210
POST00004645,36.3,30.0,576,1022,0.5636007827788649,1089
POST00004190,18.4,30.0,576,1024,0.5625,552
POST00004465,92.83333333333333,30.0,576,1024,0.5625,2785
POST00005273,7.233333333333333,30.0,576,1024,0.5625,217
POST00004770,60.1,30.0,576,1024,0.5625,1803
POST00004907,53.666666666666664,30.0,576,1024,0.5625,1610
POST00005020,73.66666666666667,30.0,576,1024,0.5625,2210
POST00004103,14.066666666666666,30.0,576,1024,0.5625,422
POST00004485,11.133333333333333,30.0,576,1024,0.5625,334
POST00005168,7.566666666666666,30.0,576,1024,0.5625,227
POST00004277,29.866666666666667,30.0,576,1024,0.5625,896
POST00005886,17.466666666666665,29.828244274809162,576,1024,0.5625,521
POST00005763,35.6,30.0,576,1024,0.5625,1068
POST00005389,17.933333333333334,30.0,576,1024,0.5625,538
POST00005935,61.6,30.0,576,1024,0.5625,1848
POST00005901,32.666666666666664,29.96938775510204,576,1024,0.5625,979
POST00004340,62.53333333333333,30.0,576,1024,0.5625,1876
POST00005748,65.23333333333333,30.0,576,1024,0.5625,1957
POST00005182,5.666666666666667,30.0,576,1024,0.5625,170
POST00005697,12.9,30.0,540,962,0.5613305613305614,387
POST00005444,100.6006006006006,23.976,576,1024,0.5625,2412
POST00005146,26.066666666666666,30.0,576,1024,0.5625,782
POST00005487,38.21666666666667,60.0,576,1024,0.5625,2293
POST00004900,28.733333333333334,30.0,576,1024,0.5625,862
POST00005980,103.18651985318652,23.976,576,1024,0.5625,2474
POST00004463,98.96666666666667,30.0,576,996,0.5783132530120482,2969
POST00005439,18.366666666666667,30.0,576,1024,0.5625,551
POST00005108,28.733333333333334,30.0,576,1024,0.5625,862
POST00005336,11.845178511845178,29.97,576,1024,0.5625,355
POST00004498,29.533333333333335,30.0,576,1024,0.5625,886
POST00004294,236.43333333333334,30.0,576,1024,0.5625,7093
POST00005777,45.43333333333333,30.0,576,1024,0.5625,1363
POST00004654,8.4,30.0,576,1024,0.5625,252
POST00005591,27.416666666666668,60.0,576,1024,0.5625,1645
POST00005774,10.61061061061061,29.97,576,1024,0.5625,318
POST00004193,18.133333333333333,30.0,576,1024,0.5625,544
POST00004886,72.56666666666666,30.0,576,1024,0.5625,2177
POST00005767,16.533333333333335,30.0,576,576,1.0,496
POST00005247,61.13333333333333,30.0,576,1024,0.5625,1834
POST00005308,24.0,30.0,576,1024,0.5625,720
POST00004836,6.8,30.0,576,1024,0.5625,204
POST00005760,63.13333333333333,30.0,576,1024,0.5625,1894
POST00004472,12.612612612612613,29.97,576,1024,0.5625,378
POST00004557,7.3,30.0,576,1026,0.5614035087719298,219
POST00004709,10.3,30.0,576,1024,0.5625,309
POST00005465,62.93333333333333,30.0,576,1024,0.5625,1888
POST00004984,24.2,30.0,576,1024,0.5625,726
POST00005096,171.6,29.446386946386948,576,1024,0.5625,5053
POST00005087,126.6,30.0,576,1024,0.5625,3798
POST00004638,39.43333333333333,30.0,576,1024,0.5625,1183
POST00005403,21.766666666666666,30.0,576,1024,0.5625,653
POST00004455,58.56666666666667,30.0,576,1024,0.5625,1757
POST00005807,6.033333333333333,30.0,576,1024,0.5625,181
POST00005007,67.56756756756756,29.896,576,1024,0.5625,2020
POST00005904,10.9,30.0,576,1024,0.5625,327
POST00004834,19.133333333333333,30.0,576,1024,0.5625,574
POST00005648,31.066666666666666,30.0,576,1024,0.5625,932
POST00004596,19.42039643012334,29.917,576,1024,0.5625,581
POST00004883,76.56666666666666,30.0,576,1024,0.5625,2297
POST00004661,8.166666666666666,30.0,576,1024,0.5625,245
POST00004229,60.43333333333333,29.817981246552677,576,1024,0.5625,1802
POST00004182,18.1,30.0,576,1024,0.5625,543
POST00004253,24.566666666666666,30.0,576,1024,0.5625,737
POST00005833,92.65932599265933,29.97,576,1024,0.5625,2777
POST00005570,19.766666666666666,30.0,576,1024,0.5625,593
POST00004875,11.28,50.0,576,1024,0.5625,564
POST00005550,57.36666666666667,30.0,576,1024,0.5625,1721
POST00005105,190.13333333333333,30.0,576,1024,0.5625,5704
POST00005711,48.06666666666667,30.0,576,1024,0.5625,1442
POST00005693,48.03333333333333,30.0,576,1024,0.5625,1441
POST00005016,60.4,30.0,576,1024,0.5625,1812
POST00004199,9.966666666666667,29.899665551839465,576,1024,0.5625,298
POST00005192,47.36666666666667,30.0,576,1024,0.5625,1421
POST00005519,62.4,30.0,720,1280,0.5625,1872
POST00004275,18.4,60.0,576,576,1.0,1104
POST00005094,8.48,25.0,576,1024,0.5625,212
POST00004501,8.866666666666667,29.548872180451127,576,1024,0.5625,262
POST00005910,31.23333333333333,29.967982924226256,576,1024,0.5625,936
POST00004402,66.1,30.0,576,1024,0.5625,1983
POST00004581,30.066666666666666,30.0,576,1026,0.5614035087719298,902
POST00005505,14.466666666666667,30.0,576,1024,0.5625,434
POST00004877,22.966666666666665,30.0,576,1024,0.5625,689
POST00005692,7.066666666666666,30.0,576,1024,0.5625,212
POST00005761,45.86666666666667,30.0,576,1024,0.5625,1376
POST00005809,13.433333333333334,30.0,576,1024,0.5625,403
POST00005092,96.0,30.0,576,1024,0.5625,2880
POST00005542,6.566666666666666,30.0,576,1024,0.5625,197
POST00005976,88.73333333333333,30.0,576,1024,0.5625,2662
POST00004559,62.0,30.0,576,1024,0.5625,1860
POST00005129,62.0,30.0,576,1024,0.5625,1860
POST00004270,29.2,25.0,576,1024,0.5625,730
POST00005599,10.733333333333333,30.0,576,1024,0.5625,322
POST00004744,86.63333333333334,30.0,576,1024,0.5625,2599
POST00004031,21.9,30.0,576,1024,0.5625,657
POST00005888,59.96666666666667,30.0,576,1024,0.5625,1799
POST00004518,15.766666666666667,30.0,576,1024,0.5625,473
POST00005664,349.1333333333333,30.0,576,1024,0.5625,10474
POST00005706,64.36666666666666,30.0,576,1024,0.5625,1931
POST00005360,13.966666666666667,30.0,576,1024,0.5625,419
POST00005343,30.6,30.0,576,1024,0.5625,918
POST00004903,10.166666666666666,30.0,576,1024,0.5625,305
POST00004949,51.518184851518185,29.97,576,1024,0.5625,1544
POST00005803,62.93333333333333,30.0,576,1024,0.5625,1888
POST00005072,7.6,30.0,576,1024,0.5625,228
POST00004371,60.06666666666667,30.0,576,1024,0.5625,1802
POST00004702,16.566666666666666,30.0,576,1024,0.5625,497
POST00004187,67.40073406740073,29.97,576,1024,0.5625,2020
POST00005703,179.7,29.994435169727325,576,1024,0.5625,5390
POST00004902,57.733333333333334,30.0,576,1024,0.5625,1732
POST00005503,11.633333333333333,30.0,576,1024,0.5625,349
POST00004051,60.233333333333334,29.784172661870503,576,1024,0.5625,1794
POST00004470,34.166666666666664,30.0,576,1024,0.5625,1025
POST00004052,78.4,30.0,576,1024,0.5625,2352
POST00005926,41.7,30.0,576,1024,0.5625,1251
POST00005756,49.7,30.0,576,1024,0.5625,1491
POST00004288,291.53333333333336,30.0,576,1024,0.5625,8746
POST00005218,15.433333333333334,30.0,576,1024,0.5625,463
POST00005551,15.766666666666667,30.0,576,1024,0.5625,473
POST00005624,90.86666666666666,30.0,576,1024,0.5625,2726
POST00005828,9.733333333333334,25.89041095890411,576,1246,0.4622792937399679,252
POST00004097,27.4,25.0,576,1024,0.5625,685
POST00004850,16.4,30.0,576,1018,0.5658153241650294,492
POST00005040,56.2,30.0,576,1024,0.5625,1686
POST00004566,7.866666666666666,30.0,576,1024,0.5625,236
POST00004185,7.633333333333334,30.0,576,1024,0.5625,229
POST00004339,34.70136803470137,29.97,576,1024,0.5625,1040
POST00004637,83.24,25.0,1024,576,1.7777777777777777,2081
POST00005532,44.96666666666667,30.0,576,1024,0.5625,1349
POST00004670,7.4,30.0,576,1024,0.5625,222
POST00005999,22.633333333333333,30.0,576,1024,0.5625,679
POST00005871,7.166666666666667,30.0,576,1024,0.5625,215
POST00005877,10.0,30.0,576,1024,0.5625,300
POST00005003,25.03333333333333,28.881491344873503,576,1024,0.5625,723
POST00004609,14.633333333333333,30.0,576,1024,0.5625,439
POST00005230,26.966666666666665,30.0,576,1024,0.5625,809
POST00004390,10.233333333333333,30.0,576,1024,0.5625,307
POST00005356,72.9,30.0,576,1024,0.5625,2187
POST00005842,18.685352018685354,29.97,576,1024,0.5625,560
POST00004629,186.06666666666666,30.0,576,1024,0.5625,5582
POST00005198,14.066666666666666,30.0,360,640,0.5625,422
POST00005498,17.1,30.0,576,1024,0.5625,513
POST00005895,105.46666666666667,30.0,576,1024,0.5625,3164
POST00004379,342.3,30.0,576,1024,0.5625,10269
POST00005135,24.366666666666667,29.958960328317374,576,576,1.0,730
POST00004476,203.76666666666668,30.0,576,1024,0.5625,6113
POST00004138,7.4,30.0,576,576,1.0,222
POST00005203,18.733333333333334,30.0,576,1248,0.46153846153846156,562
POST00005252,8.849260885596488,29.833,576,1024,0.5625,264
POST00005614,26.740854544699584,24.04560403726708,576,1024,0.5625,643
POST00004327,18.3,29.94535519125683,576,1024,0.5625,548
POST00005418,14.2,30.0,576,1024,0.5625,426
POST00005802,68.2,30.0,576,1024,0.5625,2046
POST00005044,24.466666666666665,30.0,576,1024,0.5625,734
POST00004624,12.133333333333333,30.0,576,1024,0.5625,364
POST00005156,15.0,30.0,576,1024,0.5625,450
POST00005411,15.266666666666667,30.0,576,1024,0.5625,458
POST00004335,61.333333333333336,27.0,576,1024,0.5625,1656
POST00004708,54.36666666666667,30.0,576,1024,0.5625,1631
POST00004215,15.048381715048382,29.97,540,960,0.5625,451
POST00005069,30.033333333333335,30.0,576,1024,0.5625,901
POST00005548,58.733333333333334,30.0,576,1024,0.5625,1762
POST00005062,10.877544210877545,29.97,576,1024,0.5625,326
POST00005470,9.633333333333333,30.0,576,1024,0.5625,289
POST00004853,14.066666666666666,30.0,576,1024,0.5625,422
POST00005260,10.666666666666666,30.0,576,1024,0.5625,320
POST00005197,12.133333333333333,30.0,576,1024,0.5625,364
POST00004655,22.866666666666667,30.0,576,1024,0.5625,686
POST00005537,169.46666666666667,30.0,576,1024,0.5625,5084
POST00005416,12.5,30.0,576,1024,0.5625,375
POST00004981,15.066666666666666,30.0,576,1024,0.5625,452
POST00004774,24.1,30.0,576,1024,0.5625,723
POST00005595,15.433333333333334,30.0,576,1024,0.5625,463
POST00004546,75.63333333333334,30.0,576,1024,0.5625,2269
POST00004547,44.2,30.0,576,1024,0.5625,1326
POST00005665,36.06666666666667,30.0,576,1024,0.5625,1082
POST00004486,15.7,30.0,576,1024,0.5625,471
POST00005981,60.46666666666667,30.0,576,1026,0.5614035087719298,1814
POST00004922,9.0,30.0,576,1024,0.5625,270
POST00005323,61.266666666666666,30.0,576,1024,0.5625,1838
POST00005102,10.143476810143477,29.97,576,1024,0.5625,304
POST00004268,12.5,30.0,576,1024,0.5625,375
POST00005021,15.033333333333333,30.0,576,1024,0.5625,451
POST00005122,69.3,30.0,576,1024,0.5625,2079
POST00005363,60.6,30.0,576,1024,0.5625,1818
POST00005674,53.96666666666667,30.0,576,1024,0.5625,1619
POST00005419,7.933333333333334,30.0,576,1024,0.5625,238
POST00005607,57.3,30.0,576,1024,0.5625,1719
POST00005010,6.833333333333333,30.0,576,1024,0.5625,205
POST00004157,93.76666666666667,30.0,576,1024,0.5625,2813
POST00005187,61.56666666666667,30.0,576,1024,0.5625,1847
POST00005571,7.633333333333334,30.0,576,1024,0.5625,229
POST00005898,8.766666666666667,30.0,576,1024,0.5625,263
POST00004289,51.7,29.961315280464216,576,1024,0.5625,1549
POST00005558,67.06666666666666,30.0,576,1024,0.5625,2012
POST00004928,60.4,30.0,576,1024,0.5625,1812
POST00004660,65.46666666666667,30.0,576,1024,0.5625,1964
POST00004822,16.8,30.0,850,576,1.4756944444444444,504
POST00004927,86.1,30.0,720,1280,0.5625,2583
POST00004962,15.733333333333333,30.0,576,764,0.7539267015706806,472
POST00004180,57.55755755755756,29.97,576,1024,0.5625,1725
POST00005936,180.3,29.99445368829728,576,1024,0.5625,5408
POST00005256,15.0,30.0,576,1024,0.5625,450
POST00004878,38.1,30.0,576,1024,0.5625,1143
POST00005383,6.533333333333333,30.0,576,1024,0.5625,196
POST00004821,12.866666666666667,30.0,576,1024,0.5625,386
POST00005518,13.1,30.0,576,1024,0.5625,393
POST00005626,19.933333333333334,30.0,576,1024,0.5625,598
POST00004766,34.166666666666664,30.0,576,1024,0.5625,1025
POST00005340,43.233333333333334,29.144178874325366,576,1024,0.5625,1260
POST00004287,11.666666666666666,60.0,576,1024,0.5625,700
POST00005029,57.9,30.0,576,1024,0.5625,1737
POST00004425,12.4,30.0,576,1024,0.5625,372
POST00004642,7.966666666666667,30.0,576,1024,0.5625,239
POST00004844,12.4,30.0,576,1024,0.5625,372
POST00005312,23.433333333333334,30.0,576,1024,0.5625,703
POST00004090,14.60707958685697,29.917,576,1024,0.5625,437
POST00005970,216.86666666666667,29.83861051337227,576,1024,0.5625,6471
POST00005923,15.233333333333333,30.0,576,1024,0.5625,457
POST00004196,7.166666666666667,30.0,576,1024,0.5625,215
POST00004987,27.433333333333334,30.0,576,1024,0.5625,823
POST00004233,49.6,30.0,576,1024,0.5625,1488
POST00005576,11.4,30.0,576,1024,0.5625,342
POST00005765,19.466666666666665,30.0,576,1024,0.5625,584
POST00004958,9.1,30.0,576,1024,0.5625,273
POST00005681,17.433333333333334,30.0,576,1024,0.5625,523
POST00004152,344.1333333333333,30.0,576,1024,0.5625,10324
POST00005885,20.4,30.0,576,1024,0.5625,612
POST00004227,25.4,30.0,576,576,1.0,762
POST00004240,7.4,27.7027027027027,576,1024,0.5625,205
POST00005872,20.966666666666665,30.0,576,1024,0.5625,629
POST00005366,59.166666666666664,26.822535211267606,576,1024,0.5625,1587
POST00004765,15.1,30.0,576,1024,0.5625,453
POST00004965,10.0,30.0,576,1024,0.5625,300
POST00004118,23.033333333333335,30.0,576,1024,0.5625,691
POST00005694,15.033333333333333,30.0,576,1024,0.5625,451
POST00004538,10.799999999999999,29.90740740740741,576,1024,0.5625,323
POST00004715,15.766666666666667,30.0,576,576,1.0,473
POST00004837,12.1,30.0,576,1024,0.5625,363
POST00005237,12.733333333333333,30.0,576,1024,0.5625,382
POST00005667,8.1,30.0,576,1024,0.5625,243
POST00005152,13.766666666666667,30.0,576,1024,0.5625,413
POST00005235,8.933333333333334,30.0,576,1024,0.5625,268
POST00004291,5.133333333333334,30.0,576,1024,0.5625,154
POST00004983,62.56666666666667,30.0,576,1024,0.5625,1877
POST00004013,27.2,29.96323529411765,576,1024,0.5625,815
POST00004434,32.3,30.0,576,1062,0.5423728813559322,969
POST00005755,83.03333333333333,30.0,576,1024,0.5625,2491
POST00004003,19.36,25.0,576,1024,0.5625,484
POST00005270,81.86666666666666,30.0,576,1024,0.5625,2456
POST00005677,34.86206896551724,29.0,576,1024,0.5625,1011
POST00004224,74.6,30.0,576,1024,0.5625,2238
POST00005669,33.46666666666667,30.0,576,1024,0.5625,1004
POST00004572,8.9,30.0,576,1024,0.5625,267
POST00004369,227.0,30.0,576,1024,0.5625,6810
POST00005174,103.0,30.0,576,1024,0.5625,3090
POST00004041,6.833333333333333,30.0,576,1024,0.5625,205
POST00004998,11.166666666666666,30.0,576,1024,0.5625,335
POST00004222,16.3,30.0,576,1024,0.5625,489
POST00005056,5.8,30.0,576,1024,0.5625,174
POST00005229,74.60794127460794,29.97,576,1024,0.5625,2236
POST00004522,54.72138805472139,59.94,720,1280,0.5625,3280
POST00005434,25.366666666666667,30.0,576,1024,0.5625,761
POST00004464,113.96666666666667,30.0,576,1024,0.5625,3419
POST00004029,29.833333333333332,30.0,576,1024,0.5625,895
POST00004116,5.466666666666667,30.0,576,1024,0.5625,164
POST00005783,11.266666666666667,30.0,576,576,1.0,338
POST00005405,73.0,30.0,576,1024,0.5625,2190
POST00004412,8.3,30.0,576,1024,0.5625,249
POST00005704,14.866666666666667,30.0,576,1024,0.5625,446
POST00005445,8.475141808475142,29.97,576,1024,0.5625,254
POST00005957,61.63333333333333,30.0,720,1280,0.5625,1849
POST00005873,52.3,30.0,576,1024,0.5625,1569
POST00005893,14.566666666666666,30.0,576,1024,0.5625,437
